interval_index,node_count,quantity,candidate_average,GL256_average,absolute_variation_average,dense_relative_residual,next_node_count,nested_relative_delta
0,9,redshift_threshold_loss_rate_s-1_cMpc-3,8.663715011635203e+48,8.663715013166034e+48,8.663715013166034e+48,1.7669447825316237e-10,17.0,1.439810030895178e-10
0,9,absorption_G1_s-1_cMpc-3,4.025238781084992e+50,4.025238807587089e+50,4.025238807587089e+50,6.5839813163852695e-09,17.0,4.643468167089005e-09
0,9,absorption_G2a_s-1_cMpc-3,1.0484489658438956e+50,1.0484482572765866e+50,1.0484482572765866e+50,6.758247763525612e-07,17.0,3.0377908503370403e-06
0,9,absorption_G2b_s-1_cMpc-3,2.509051458832155e+48,2.5084861585720676e+48,2.5084861585720676e+48,0.00022535514423927086,17.0,0.00022121701729443472
0,9,absorption_G3_s-1_cMpc-3,0.0,0.0,0.0,0.0,17.0,0.0
0,9,thermal_photoheat_erg_cm-3_s-1,6.715904776728161e-33,6.71049020537885e-33,6.71049020537885e-33,0.000806881641071702,17.0,0.0008793017312807203
0,9,thermal_photoheat_H_erg_cm-3_s-1,5.516009200269885e-33,5.510615294368488e-33,5.510615294368488e-33,0.0009788209869973823,17.0,0.001077921442123119
0,9,thermal_photoheat_HeI_erg_cm-3_s-1,1.199895576458276e-33,1.1998749110103608e-33,1.1998749110103608e-33,1.7223001935930563e-05,17.0,3.275481791604785e-05
0,9,thermal_photoheat_HeII_erg_cm-3_s-1,0.0,0.0,0.0,0.0,17.0,0.0
0,9,thermal_threshold_H_erg_cm-3_s-1,1.6520985033807604e-32,1.6502514874723454e-32,1.6502514874723454e-32,0.0011192329911146272,17.0,0.0012324630398622438
0,9,thermal_threshold_HeI_erg_cm-3_s-1,3.6915393301894624e-33,3.691492604859116e-33,3.691492604859116e-33,1.265757116371659e-05,17.0,4.235589813280583e-05
0,9,thermal_threshold_HeII_erg_cm-3_s-1,0.0,0.0,0.0,0.0,17.0,0.0
0,9,thermal_recombination_cooling_erg_cm-3_s-1,1.1713046012010246e-33,1.1713047226401997e-33,1.1713047226401997e-33,1.0367854987372576e-07,17.0,1.1273001253987976e-07
0,9,thermal_excitation_cooling_erg_cm-3_s-1,2.6322247012028477e-35,2.6294507347748837e-35,2.6294507347748837e-35,0.0010549604110386456,17.0,0.001161745905740951
0,9,thermal_collisional_ionization_cooling_erg_cm-3_s-1,4.1253795038079906e-37,4.120855959167586e-37,4.120855959167586e-37,0.0010977196692210204,17.0,0.001208815131931561
0,9,thermal_free_free_cooling_erg_cm-3_s-1,9.938196651734593e-34,9.938197880669946e-34,9.938197880669946e-34,1.2365776646399645e-07,17.0,1.3462394432520058e-07
0,9,thermal_cooling_total_erg_cm-3_s-1,2.191859051336893e-33,2.19183110365086e-33,2.19183110365086e-33,1.2750839234928352e-05,17.0,1.40414854810862e-05
0,9,thermal_expansion_work_erg_cm-3_s-1,1.7552107312998933e-32,1.755210835359897e-32,1.755210835359897e-32,5.928632701830641e-08,17.0,6.421518992745163e-08
0,9,thermal_thermal_rhs_erg_cm-3_s-1,-1.302806158760767e-32,-1.303344925187098e-32,1.303344925187098e-32,0.00041337209814478474,17.0,0.00045039894899997433
0,17,redshift_threshold_loss_rate_s-1_cMpc-3,8.663715012882614e+48,8.663715013166034e+48,8.663715013166034e+48,3.2713475168354705e-11,33.0,3.2704485439034535e-11
0,17,absorption_G1_s-1_cMpc-3,4.02523879977606e+50,4.025238807587089e+50,4.025238807587089e+50,1.940513158306976e-09,33.0,1.9403344248986706e-09
0,17,absorption_G2a_s-1_cMpc-3,1.0484521508222464e+50,1.0484482572765866e+50,1.0484482572765866e+50,3.713626907911444e-06,33.0,3.7138000715092674e-06
0,17,absorption_G2b_s-1_cMpc-3,2.5084965367104104e+48,2.5084861585720676e+48,2.5084861585720676e+48,4.137211723198827e-06,33.0,4.14302014770466e-06
0,17,absorption_G3_s-1_cMpc-3,0.0,0.0,0.0,0.0,33.0,0.0
0,17,thermal_photoheat_erg_cm-3_s-1,6.710004658015467e-33,6.71049020537885e-33,6.71049020537885e-33,7.235646704227876e-05,33.0,7.233788092505737e-05
0,17,thermal_photoheat_H_erg_cm-3_s-1,5.5100697779086824e-33,5.510615294368488e-33,5.510615294368488e-33,9.899374764251689e-05,33.0,9.897164807791375e-05
0,17,thermal_photoheat_HeI_erg_cm-3_s-1,1.199934880106785e-33,1.1998749110103608e-33,1.1998749110103608e-33,4.997945691998937e-05,33.0,4.9981904569059056e-05
0,17,thermal_photoheat_HeII_erg_cm-3_s-1,0.0,0.0,0.0,0.0,33.0,0.0
0,17,thermal_threshold_H_erg_cm-3_s-1,1.6500648594281397e-32,1.6502514874723454e-32,1.6502514874723454e-32,0.00011309066867831724,33.0,0.00011306505519697679
0,17,thermal_threshold_HeI_erg_cm-3_s-1,3.691695695276269e-33,3.691492604859116e-33,3.691492604859116e-33,5.5015799540123434e-05,33.0,5.5018437333977586e-05
0,17,thermal_threshold_HeII_erg_cm-3_s-1,0.0,0.0,0.0,0.0,33.0,0.0
0,17,thermal_recombination_cooling_erg_cm-3_s-1,1.1713047332422219e-33,1.1713047226401997e-33,1.1713047226401997e-33,9.05146368652561e-09,33.0,9.049059289569793e-09
0,17,thermal_excitation_cooling_erg_cm-3_s-1,2.629170273402227e-35,2.6294507347748837e-35,2.6294507347748837e-35,0.00010666158104722398,33.0,0.00010663776261472727
0,17,thermal_collisional_ionization_cooling_erg_cm-3_s-1,4.120398703505602e-37,4.120855959167586e-37,4.120855959167586e-37,0.00011096133097459906,33.0,0.00011093656447993787
0,17,thermal_free_free_cooling_erg_cm-3_s-1,9.938197989654006e-34,9.938197880669946e-34,9.938197880669946e-34,1.096617933751444e-08,33.0,1.0963365508545654e-08
0,17,thermal_cooling_total_erg_cm-3_s-1,2.191828274811995e-33,2.19183110365086e-33,2.19183110365086e-33,1.2906281238217853e-06,33.0,1.2903402575052623e-06
0,17,thermal_expansion_work_erg_cm-3_s-1,1.755210844011091e-32,1.755210835359897e-32,1.755210835359897e-32,4.928863225653111e-09,33.0,4.927567286299299e-09
0,17,thermal_thermal_rhs_erg_cm-3_s-1,-1.3033932056907438e-32,-1.303344925187098e-32,1.303344925187098e-32,3.7043535224522e-05,33.0,3.703401147032238e-05
0,33,redshift_threshold_loss_rate_s-1_cMpc-3,8.663715013165956e+48,8.663715013166034e+48,8.663715013166034e+48,8.989729320466259e-15,65.0,7.7910987444041e-15
0,33,absorption_G1_s-1_cMpc-3,4.025238807586369e+50,4.025238807587089e+50,4.025238807587089e+50,1.7873340865205796e-13,65.0,1.8079730482586888e-13
0,33,absorption_G2a_s-1_cMpc-3,1.0484482570950342e+50,1.0484482572765866e+50,1.0484482572765866e+50,1.7316295473083497e-10,65.0,1.7314393765508047e-10
0,33,absorption_G2b_s-1_cMpc-3,2.5084861440017755e+48,2.5084861585720676e+48,2.5084861585720676e+48,5.808400441512163e-09,65.0,5.80832217369986e-09
0,33,absorption_G3_s-1_cMpc-3,0.0,0.0,0.0,0.0,65.0,0.0
0,33,thermal_photoheat_erg_cm-3_s-1,6.71049008064787e-33,6.71049020537885e-33,6.71049020537885e-33,1.858746179898276e-08,65.0,1.8587357184021237e-08
0,33,thermal_photoheat_H_erg_cm-3_s-1,5.510615172574235e-33,5.510615294368488e-33,5.510615294368488e-33,2.2101752049968342e-08,65.0,2.2101626518749236e-08
0,33,thermal_photoheat_HeI_erg_cm-3_s-1,1.1998749080736349e-33,1.1998749110103608e-33,1.1998749110103608e-33,2.447526737638315e-09,65.0,2.4475184690242386e-09
0,33,thermal_photoheat_HeII_erg_cm-3_s-1,0.0,0.0,0.0,0.0,65.0,0.0
0,33,thermal_threshold_H_erg_cm-3_s-1,1.65025144519888e-32,1.6502514874723454e-32,1.6502514874723454e-32,2.5616377657604915e-08,65.0,2.5616265544278835e-08
0,33,thermal_threshold_HeI_erg_cm-3_s-1,3.691492595122255e-33,3.691492604859116e-33,3.691492604859116e-33,2.637648734835722e-09,65.0,2.6376457691940708e-09
0,33,thermal_threshold_HeII_erg_cm-3_s-1,0.0,0.0,0.0,0.0,65.0,0.0
0,33,thermal_recombination_cooling_erg_cm-3_s-1,1.171304722643016e-33,1.1713047226401997e-33,1.1713047226401997e-33,2.4043969340593265e-12,65.0,2.404250894401038e-12
0,33,thermal_excitation_cooling_erg_cm-3_s-1,2.6294506721388095e-35,2.6294507347748837e-35,2.6294507347748837e-35,2.382097271195126e-08,65.0,2.3820864762560272e-08
0,33,thermal_collisional_ionization_cooling_erg_cm-3_s-1,4.120855857097105e-37,4.120855959167586e-37,4.120855959167586e-37,2.4769242475846714e-08,65.0,2.476913545774887e-08
0,33,thermal_free_free_cooling_erg_cm-3_s-1,9.93819788069791e-34,9.938197880669946e-34,9.938197880669946e-34,2.8138289379372576e-12,65.0,2.8140010586210077e-12
0,33,thermal_cooling_total_erg_cm-3_s-1,2.191831103019905e-33,2.19183110365086e-33,2.19183110365086e-33,2.8786668796891394e-10,65.0,2.8786528319600966e-10
0,33,thermal_expansion_work_erg_cm-3_s-1,1.7552108353621716e-32,1.755210835359897e-32,1.755210835359897e-32,1.295939347425805e-12,65.0,1.295939347425805e-12
0,33,thermal_thermal_rhs_erg_cm-3_s-1,-1.303344937599375e-32,-1.303344925187098e-32,1.303344925187098e-32,9.523401509857739e-09,65.0,9.523347962073553e-09
0,65,redshift_threshold_loss_rate_s-1_cMpc-3,8.663715013166024e+48,8.663715013166034e+48,8.663715013166034e+48,1.1986305760621679e-15,,
0,65,absorption_G1_s-1_cMpc-3,4.025238807587097e+50,4.025238807587089e+50,4.025238807587089e+50,2.063896173811293e-15,,
0,65,absorption_G2a_s-1_cMpc-3,1.0484482572765667e+50,1.0484482572765866e+50,1.0484482572765866e+50,1.9017075757810974e-14,,
0,65,absorption_G2b_s-1_cMpc-3,2.5084861585718713e+48,2.5084861585720676e+48,2.5084861585720676e+48,7.82678127572804e-14,,
0,65,absorption_G3_s-1_cMpc-3,0.0,0.0,0.0,0.0,,
0,65,thermal_photoheat_erg_cm-3_s-1,6.710490205378148e-33,6.71049020537885e-33,6.71049020537885e-33,1.0461496346887855e-13,,
0,65,thermal_photoheat_H_erg_cm-3_s-1,5.5106152943677964e-33,5.510615294368488e-33,5.510615294368488e-33,1.2553122187900728e-13,,
0,65,thermal_photoheat_HeI_erg_cm-3_s-1,1.1998749110103509e-33,1.1998749110103608e-33,1.1998749110103608e-33,8.268614097037787e-15,,
0,65,thermal_photoheat_HeII_erg_cm-3_s-1,0.0,0.0,0.0,0.0,,
0,65,thermal_threshold_H_erg_cm-3_s-1,1.6502514874721604e-32,1.6502514874723454e-32,1.6502514874723454e-32,1.1211332895161924e-13,,
0,65,thermal_threshold_HeI_erg_cm-3_s-1,3.691492604859105e-33,3.691492604859116e-33,3.691492604859116e-33,2.965641658912505e-15,,
0,65,thermal_threshold_HeII_erg_cm-3_s-1,0.0,0.0,0.0,0.0,,
0,65,thermal_recombination_cooling_erg_cm-3_s-1,1.1713047226401999e-33,1.1713047226401997e-33,1.1713047226401997e-33,1.460396582883459e-16,,
0,65,thermal_excitation_cooling_erg_cm-3_s-1,2.6294507347746e-35,2.6294507347748837e-35,2.6294507347748837e-35,1.0794939355883857e-13,,
0,65,thermal_collisional_ionization_cooling_erg_cm-3_s-1,4.120855959167145e-37,4.120855959167586e-37,4.120855959167586e-37,1.0701810049538729e-13,,
0,65,thermal_free_free_cooling_erg_cm-3_s-1,9.938197880669944e-34,9.938197880669946e-34,9.938197880669946e-34,1.7212068374952639e-16,,
0,65,thermal_cooling_total_erg_cm-3_s-1,2.191831103650857e-33,2.19183110365086e-33,2.19183110365086e-33,1.4047729046720707e-15,,
0,65,thermal_expansion_work_erg_cm-3_s-1,1.755210835359897e-32,1.755210835359897e-32,1.755210835359897e-32,0.0,,
0,65,thermal_thermal_rhs_erg_cm-3_s-1,-1.3033449251871677e-32,-1.303344925187098e-32,1.303344925187098e-32,5.3547783676610957e-14,,
1,9,redshift_threshold_loss_rate_s-1_cMpc-3,5.1923041822799104e+48,5.192298086232471e+48,5.192298086232471e+48,1.1740557530242542e-06,17.0,1.252686851432291e-06
1,9,absorption_G1_s-1_cMpc-3,3.387148340353037e+50,3.387185436232327e+50,3.387185436232327e+50,1.0951830063215622e-05,17.0,1.2992280447415184e-05
1,9,absorption_G2a_s-1_cMpc-3,1.4216854684491868e+50,1.4217149585070998e+50,1.4217149585070998e+50,2.0742595227377477e-05,17.0,2.4468486238846303e-05
1,9,absorption_G2b_s-1_cMpc-3,4.6556829662663934e+48,4.655653657805566e+48,4.655653657805566e+48,6.295240793564919e-06,17.0,8.172476990196765e-06
1,9,absorption_G3_s-1_cMpc-3,0.0,0.0,0.0,0.0,17.0,0.0
1,9,thermal_photoheat_erg_cm-3_s-1,7.636462569935187e-33,7.636425668202805e-33,7.636425668202805e-33,4.8323304625640215e-06,17.0,7.19741762405425e-06
1,9,thermal_photoheat_H_erg_cm-3_s-1,6.271940950714974e-33,6.271923031566215e-33,6.271923031566215e-33,2.8570421971426158e-06,17.0,5.181651580526138e-06
1,9,thermal_photoheat_HeI_erg_cm-3_s-1,1.3645216192202134e-33,1.3645026366365894e-33,1.3645026366365894e-33,1.3911723667162007e-05,17.0,1.6462868638488733e-05
1,9,thermal_photoheat_HeII_erg_cm-3_s-1,0.0,0.0,0.0,0.0,17.0,0.0
1,9,thermal_threshold_H_erg_cm-3_s-1,1.4597257636573182e-32,1.4597201951903702e-32,1.4597201951903702e-32,3.814749543370599e-06,17.0,6.519856462459436e-06
1,9,thermal_threshold_HeI_erg_cm-3_s-1,3.5390278242430565e-33,3.5389719550912065e-33,3.5389719550912065e-33,1.5786830909915038e-05,17.0,1.8624826512513507e-05
1,9,thermal_threshold_HeII_erg_cm-3_s-1,0.0,0.0,0.0,0.0,17.0,0.0
1,9,thermal_recombination_cooling_erg_cm-3_s-1,1.074454211087422e-33,1.07445421166121e-33,1.07445421166121e-33,5.340275047494225e-10,17.0,8.995342142195402e-10
1,9,thermal_excitation_cooling_erg_cm-3_s-1,4.300802340948871e-35,4.300793995267381e-35,4.300793995267381e-35,1.9404978474523717e-06,17.0,4.072815989078941e-06
1,9,thermal_collisional_ionization_cooling_erg_cm-3_s-1,7.285578355882045e-37,7.285562971753423e-37,7.285562971753423e-37,2.1115909205119246e-06,17.0,4.3277624775123936e-06
1,9,thermal_free_free_cooling_erg_cm-3_s-1,9.226887899594319e-34,9.226887905018574e-34,9.226887905018574e-34,5.878748080808205e-10,17.0,1.0400833320328581e-09
1,9,thermal_cooling_total_erg_cm-3_s-1,2.0408795822919307e-33,2.0408794984129166e-33,2.0408794984129166e-33,4.109944472613994e-08,17.0,8.642837082457283e-08
1,9,thermal_expansion_work_erg_cm-3_s-1,1.6828318524965988e-32,1.6828318530396386e-32,1.6828318530396386e-32,3.226940520250073e-10,17.0,5.841397373442497e-10
1,9,thermal_thermal_rhs_erg_cm-3_s-1,-1.1232735537322733e-32,-1.1232772360606498e-32,1.1232772360606498e-32,3.2782008379189903e-06,17.0,4.878205083567508e-06
1,17,redshift_threshold_loss_rate_s-1_cMpc-3,5.1922976779568805e+48,5.192298086232471e+48,5.192298086232471e+48,7.863099990801732e-08,33.0,7.517764885916314e-08
1,17,absorption_G1_s-1_cMpc-3,3.3871923477059475e+50,3.387185436232327e+50,3.387185436232327e+50,2.0404768946476245e-06,33.0,1.7081172060099452e-06
1,17,absorption_G2a_s-1_cMpc-3,1.421720255791701e+50,1.4217149585070998e+50,1.4217149585070998e+50,3.7259821806125413e-06,33.0,3.1082521095100872e-06
1,17,absorption_G2b_s-1_cMpc-3,4.6556449181154256e+48,4.655653657805566e+48,4.655653657805566e+48,1.8772208550876022e-06,33.0,1.8763247692941105e-06
1,17,absorption_G3_s-1_cMpc-3,0.0,0.0,0.0,0.0,33.0,0.0
1,17,thermal_photoheat_erg_cm-3_s-1,7.636407607520488e-33,7.636425668202805e-33,7.636425668202805e-33,2.365070139092727e-06,33.0,2.361974231178012e-06
1,17,thermal_photoheat_H_erg_cm-3_s-1,6.271908451870631e-33,6.271923031566215e-33,6.271923031566215e-33,2.3245973381300513e-06,33.0,2.321282251291222e-06
1,17,thermal_photoheat_HeI_erg_cm-3_s-1,1.3644991556498566e-33,1.3645026366365894e-33,1.3645026366365894e-33,2.551102972853602e-06,33.0,2.5490145189931648e-06
1,17,thermal_photoheat_HeII_erg_cm-3_s-1,0.0,0.0,0.0,0.0,33.0,0.0
1,17,thermal_threshold_H_erg_cm-3_s-1,1.459716246516915e-32,1.4597201951903702e-32,1.4597201951903702e-32,2.705089282294998e-06,33.0,2.701132369074831e-06
1,17,thermal_threshold_HeI_erg_cm-3_s-1,3.538961911691417e-33,3.5389719550912065e-33,3.5389719550912065e-33,2.837942746407163e-06,33.0,2.8347920161807316e-06
1,17,thermal_threshold_HeII_erg_cm-3_s-1,0.0,0.0,0.0,0.0,33.0,0.0
1,17,thermal_recombination_cooling_erg_cm-3_s-1,1.0744542120539303e-33,1.07445421166121e-33,1.07445421166121e-33,3.6550670979890344e-10,33.0,3.6532521773418524e-10
1,17,thermal_excitation_cooling_erg_cm-3_s-1,4.300784824643672e-35,4.300793995267381e-35,4.300793995267381e-35,2.1323094571225176e-06,33.0,2.1312439833225273e-06
1,17,thermal_collisional_ionization_cooling_erg_cm-3_s-1,7.2855468257658645e-37,7.285562971753423e-37,7.285562971753423e-37,2.2161619659778682e-06,33.0,2.2150779531242993e-06
1,17,thermal_free_free_cooling_erg_cm-3_s-1,9.226887909191051e-34,9.226887905018574e-34,9.226887905018574e-34,4.5220852442237226e-10,33.0,4.520060789368887e-10
1,17,thermal_cooling_total_erg_cm-3_s-1,2.0408794059020486e-33,2.0408794984129166e-33,2.0408794984129166e-33,4.5328922180727995e-08,33.0,4.530626925113571e-08
1,17,thermal_expansion_work_erg_cm-3_s-1,1.6828318534796077e-32,1.6828318530396386e-32,1.6828318530396386e-32,2.614456854719632e-10,33.0,2.613606262021492e-10
1,17,thermal_thermal_rhs_erg_cm-3_s-1,-1.1232790333177639e-32,-1.1232772360606498e-32,1.1232772360606498e-32,1.600012050835438e-06,33.0,1.597911326257246e-06
1,33,redshift_threshold_loss_rate_s-1_cMpc-3,5.1922980683016415e+48,5.192298086232471e+48,5.192298086232471e+48,3.453351308469016e-09,65.0,3.500717422103674e-09
1,33,absorption_G1_s-1_cMpc-3,3.387186561994301e+50,3.387185436232327e+50,3.387185436232327e+50,3.3235912092934605e-07,65.0,2.886207251882971e-07
1,33,absorption_G2a_s-1_cMpc-3,1.4217158367404524e+50,1.4217149585070998e+50,1.4217149585070998e+50,6.177281510476253e-07,65.0,5.369497999050968e-07
1,33,absorption_G2b_s-1_cMpc-3,4.655653653633693e+48,4.655653657805566e+48,4.655653657805566e+48,8.960874748428747e-10,65.0,8.235765789999203e-10
1,33,absorption_G3_s-1_cMpc-3,0.0,0.0,0.0,0.0,65.0,0.0
1,33,thermal_photoheat_erg_cm-3_s-1,7.636425644561079e-33,7.636425668202805e-33,7.636425668202805e-33,3.0959152271871904e-09,65.0,3.042431059855601e-09
1,33,thermal_photoheat_H_erg_cm-3_s-1,6.271923010774198e-33,6.271923031566215e-33,6.271923031566215e-33,3.315094534099397e-09,65.0,3.26421734274058e-09
1,33,thermal_photoheat_HeI_erg_cm-3_s-1,1.3645026337868813e-33,1.3645026366365894e-33,1.3645026366365894e-33,2.0884591839496027e-09,65.0,2.0229914502163573e-09
1,33,thermal_photoheat_HeII_erg_cm-3_s-1,0.0,0.0,0.0,0.0,65.0,0.0
1,33,thermal_threshold_H_erg_cm-3_s-1,1.4597201894143684e-32,1.4597201951903702e-32,1.4597201951903702e-32,3.956923908341998e-09,65.0,3.907173452407391e-09
1,33,thermal_threshold_HeI_erg_cm-3_s-1,3.538971943940829e-33,3.5389719550912065e-33,3.5389719550912065e-33,3.1507391581217315e-09,65.0,3.0951101687431816e-09
1,33,thermal_threshold_HeII_erg_cm-3_s-1,0.0,0.0,0.0,0.0,65.0,0.0
1,33,thermal_recombination_cooling_erg_cm-3_s-1,1.074454211661405e-33,1.07445421166121e-33,1.07445421166121e-33,1.8149206465190375e-13,65.0,1.6748215088929829e-13
1,33,thermal_excitation_cooling_erg_cm-3_s-1,4.300793990684988e-35,4.300793995267381e-35,4.300793995267381e-35,1.0654760707800206e-09,65.0,9.845799561966218e-10
1,33,thermal_collisional_ionization_cooling_erg_cm-3_s-1,7.285562963855762e-37,7.285562971753423e-37,7.285562971753423e-37,1.0840152547473972e-09,65.0,1.0015023138959136e-09
1,33,thermal_free_free_cooling_erg_cm-3_s-1,9.226887905020442e-34,9.226887905018574e-34,9.226887905018574e-34,2.0244548539201892e-13,65.0,1.853896386373768e-13
1,33,thermal_cooling_total_erg_cm-3_s-1,2.0408794983666847e-33,2.0408794984129166e-33,2.0408794984129166e-33,2.2652930618597776e-11,65.0,2.0933711044098933e-11
1,33,thermal_expansion_work_erg_cm-3_s-1,1.6828318530397817e-32,1.6828318530396386e-32,1.6828318530396386e-32,8.505926979179774e-14,65.0,7.578894784508103e-14
1,33,thermal_thermal_rhs_erg_cm-3_s-1,-1.1232772384203421e-32,-1.1232772360606498e-32,1.1232772360606498e-32,2.1007212214255703e-09,65.0,2.0646591959761666e-09
1,65,redshift_threshold_loss_rate_s-1_cMpc-3,5.19229808647841e+48,5.192298086232471e+48,5.192298086232471e+48,4.7366113800473496e-11,,
1,65,absorption_G1_s-1_cMpc-3,3.3871855843823413e+50,3.387185436232327e+50,3.387185436232327e+50,4.373838311724508e-08,,
1,65,absorption_G2a_s-1_cMpc-3,1.4217150733508283e+50,1.4217149585070998e+50,1.4217149585070998e+50,8.077830776863232e-08,,
1,65,absorption_G2b_s-1_cMpc-3,4.6556536574679804e+48,4.655653657805566e+48,4.655653657805566e+48,7.251089590267273e-11,,
1,65,absorption_G3_s-1_cMpc-3,0.0,0.0,0.0,0.0,,
1,65,thermal_photoheat_erg_cm-3_s-1,7.636425667794377e-33,7.636425668202805e-33,7.636425668202805e-33,5.3484167494311205e-11,,
1,65,thermal_photoheat_H_erg_cm-3_s-1,6.271923031247117e-33,6.271923031566215e-33,6.271923031566215e-33,5.087719152489147e-11,,
1,65,thermal_photoheat_HeI_erg_cm-3_s-1,1.3645026365472585e-33,1.3645026366365894e-33,1.3645026366365894e-33,6.546773386568607e-11,,
1,65,thermal_photoheat_HeII_erg_cm-3_s-1,0.0,0.0,0.0,0.0,,
1,65,thermal_threshold_H_erg_cm-3_s-1,1.4597201951177484e-32,1.4597201951903702e-32,1.4597201951903702e-32,4.9750456128991224e-11,,
1,65,thermal_threshold_HeI_erg_cm-3_s-1,3.538971954894337e-33,3.5389719550912065e-33,3.5389719550912065e-33,5.562898955072765e-11,,
1,65,thermal_threshold_HeII_erg_cm-3_s-1,0.0,0.0,0.0,0.0,,
1,65,thermal_recombination_cooling_erg_cm-3_s-1,1.0744542116612251e-33,1.07445421166121e-33,1.07445421166121e-33,1.4009913762603096e-14,,
1,65,thermal_excitation_cooling_erg_cm-3_s-1,4.3007939949194635e-35,4.300793995267381e-35,4.300793995267381e-35,8.089611466304727e-11,,
1,65,thermal_collisional_ionization_cooling_erg_cm-3_s-1,7.28556297115227e-37,7.285562971753423e-37,7.285562971753423e-37,8.251294093412045e-11,,
1,65,thermal_free_free_cooling_erg_cm-3_s-1,9.226887905018731e-34,9.226887905018574e-34,9.226887905018574e-34,1.7055846754638957e-14,,
1,65,thermal_cooling_total_erg_cm-3_s-1,2.040879498409408e-33,2.0408794984129166e-33,2.0408794984129166e-33,1.7192195745348298e-12,,
1,65,thermal_expansion_work_erg_cm-3_s-1,1.6828318530396542e-32,1.6828318530396386e-32,1.6828318530396386e-32,9.270321946716007e-15,,
1,65,thermal_thermal_rhs_erg_cm-3_s-1,-1.1232772361011574e-32,-1.1232772360606498e-32,1.1232772360606498e-32,3.606202537494818e-11,,
2,9,redshift_threshold_loss_rate_s-1_cMpc-3,2.925988420055461e+48,2.9259884196835004e+48,2.9259884196835004e+48,1.271230492754629e-10,17.0,1.187864607082992e-10
2,9,absorption_G1_s-1_cMpc-3,3.30271789665842e+50,3.3027178934803296e+50,3.3027178934803296e+50,9.622651294160434e-10,17.0,7.277293430814867e-10
2,9,absorption_G2a_s-1_cMpc-3,1.7451338447831292e+50,1.745133158852989e+50,1.745133158852989e+50,3.930531814930252e-07,17.0,4.7452903782425846e-07
2,9,absorption_G2b_s-1_cMpc-3,8.131783132574146e+48,8.131902142287459e+48,8.131902142287459e+48,1.463491705023774e-05,17.0,1.3667279737087327e-05
2,9,absorption_G3_s-1_cMpc-3,0.0,0.0,0.0,0.0,17.0,0.0
2,9,thermal_photoheat_erg_cm-3_s-1,8.5532952288179e-33,8.553577502767606e-33,8.553577502767606e-33,3.300068884805547e-05,17.0,3.2446269885745704e-05
2,9,thermal_photoheat_H_erg_cm-3_s-1,6.970919042886314e-33,6.971219012209207e-33,6.971219012209207e-33,4.302967994094221e-05,17.0,4.288689849917962e-05
2,9,thermal_photoheat_HeI_erg_cm-3_s-1,1.5823761859315865e-33,1.5823584905583975e-33,1.5823584905583975e-33,1.1182910380074864e-05,17.0,1.3550936869462196e-05
2,9,thermal_photoheat_HeII_erg_cm-3_s-1,0.0,0.0,0.0,0.0,17.0,0.0
2,9,thermal_threshold_H_erg_cm-3_s-1,1.2994573827015006e-32,1.2995186448131968e-32,1.2995186448131968e-32,4.714215678301712e-05,17.0,4.6983849784201015e-05
2,9,thermal_threshold_HeI_erg_cm-3_s-1,3.283917656742205e-33,3.283875340125295e-33,3.283875340125295e-33,1.2886182490984938e-05,17.0,1.558151114778905e-05
2,9,thermal_threshold_HeII_erg_cm-3_s-1,0.0,0.0,0.0,0.0,17.0,0.0
2,9,thermal_recombination_cooling_erg_cm-3_s-1,9.84390441127467e-34,9.84390431841466e-34,9.84390431841466e-34,9.43324984296511e-09,17.0,9.347609849002855e-09
2,9,thermal_excitation_cooling_erg_cm-3_s-1,7.47732318789061e-35,7.47763631404026e-35,7.47763631404026e-35,4.187501725139082e-05,17.0,4.173747162668356e-05
2,9,thermal_collisional_ionization_cooling_erg_cm-3_s-1,1.3834924468978973e-36,1.3835522032327821e-36,1.3835522032327821e-36,4.3190516949960315e-05,17.0,4.304796998885834e-05
2,9,thermal_free_free_cooling_erg_cm-3_s-1,8.568177825324569e-34,8.56817771525771e-34,8.56817771525771e-34,1.2846005638670584e-08,17.0,1.2737659842878032e-08
2,9,thermal_cooling_total_erg_cm-3_s-1,1.917364947985728e-33,1.9173681187108724e-33,1.9173681187108724e-33,1.6536861719000848e-06,17.0,1.6483112688914032e-06
2,9,thermal_expansion_work_erg_cm-3_s-1,1.616272459734387e-32,1.61627244624076e-32,1.61627244624076e-32,8.348609210555239e-09,17.0,8.266028542260514e-09
2,9,thermal_thermal_rhs_erg_cm-3_s-1,-9.526794316511697e-33,-9.526515078350866e-33,9.526515078350866e-33,2.9311679930652228e-05,17.0,2.8814794675555265e-05
2,17,redshift_threshold_loss_rate_s-1_cMpc-3,2.925988419707893e+48,2.9259884196835004e+48,2.9259884196835004e+48,8.33658856617342e-12,33.0,8.331264932466962e-12
2,17,absorption_G1_s-1_cMpc-3,3.302717894254935e+50,3.3027178934803296e+50,3.3027178934803296e+50,2.3453578616387806e-10,33.0,2.345145309868366e-10
2,17,absorption_G2a_s-1_cMpc-3,1.745133016666838e+50,1.745133158852989e+50,1.745133158852989e+50,8.147581766859187e-08,33.0,8.146840785996536e-08
2,17,absorption_G2b_s-1_cMpc-3,8.131894273447974e+48,8.131902142287459e+48,8.131902142287459e+48,9.676505383010084e-07,33.0,9.675715129286154e-07
2,17,absorption_G3_s-1_cMpc-3,0.0,0.0,0.0,0.0,33.0,0.0
2,17,thermal_photoheat_erg_cm-3_s-1,8.553572760348169e-33,8.553577502767606e-33,8.553577502767606e-33,5.544369517207396e-07,33.0,5.543993877496061e-07
2,17,thermal_photoheat_H_erg_cm-3_s-1,6.971218016805816e-33,6.971219012209207e-33,6.971219012209207e-33,1.4278756547841782e-07,33.0,1.4278919104470958e-07
2,17,thermal_photoheat_HeI_erg_cm-3_s-1,1.5823547435423517e-33,1.5823584905583975e-33,1.5823584905583975e-33,2.367994400844699e-06,33.0,2.3677841849645298e-06
2,17,thermal_photoheat_HeII_erg_cm-3_s-1,0.0,0.0,0.0,0.0,33.0,0.0
2,17,thermal_threshold_H_erg_cm-3_s-1,1.299518439080634e-32,1.2995186448131968e-32,1.2995186448131968e-32,1.5831443703783518e-07,33.0,1.5831629419302338e-07
2,17,thermal_threshold_HeI_erg_cm-3_s-1,3.283866489139897e-33,3.283875340125295e-33,3.283875340125295e-33,2.6952866601649742e-06,33.0,2.6950445641766177e-06
2,17,thermal_threshold_HeII_erg_cm-3_s-1,0.0,0.0,0.0,0.0,33.0,0.0
2,17,thermal_recombination_cooling_erg_cm-3_s-1,9.843904319257693e-34,9.84390431841466e-34,9.84390431841466e-34,8.563999316172764e-11,33.0,8.563564892655612e-11
2,17,thermal_excitation_cooling_erg_cm-3_s-1,7.477635285481172e-35,7.47763631404026e-35,7.47763631404026e-35,1.375513657534885e-07,33.0,1.3755308873020134e-07
2,17,thermal_collisional_ionization_cooling_erg_cm-3_s-1,1.3835520060031297e-36,1.3835522032327821e-36,1.3835522032327821e-36,1.4255309772344737e-07,33.0,1.4255490541759515e-07
2,17,thermal_free_free_cooling_erg_cm-3_s-1,8.568177716186036e-34,8.56817771525771e-34,8.56817771525771e-34,1.0834579441247973e-10,33.0,1.0834040407444868e-10
2,17,thermal_cooling_total_erg_cm-3_s-1,1.9173681084051877e-33,1.9173681187108724e-33,1.9173681187108724e-33,5.374911868209356e-09,33.0,5.374985024057658e-09
2,17,thermal_expansion_work_erg_cm-3_s-1,1.6162724463742328e-32,1.61627244624076e-32,1.61627244624076e-32,8.258066761210986e-11,33.0,8.257592623883752e-11
2,17,thermal_thermal_rhs_erg_cm-3_s-1,-9.526519811799348e-33,-9.526515078350866e-33,9.526515078350866e-33,4.968709378629098e-07,33.0,4.968371874034748e-07
2,33,redshift_threshold_loss_rate_s-1_cMpc-3,2.925988419683516e+48,2.9259884196835004e+48,2.9259884196835004e+48,5.323633706414126e-15,65.0,7.0981782752188466e-15
2,33,absorption_G1_s-1_cMpc-3,3.3027178934804e+50,3.3027178934803296e+50,3.3027178934803296e+50,2.1255177036454616e-14,65.0,2.1758258149743494e-14
2,33,absorption_G2a_s-1_cMpc-3,1.745133158840058e+50,1.745133158852989e+50,1.745133158852989e+50,7.40980923018425e-12,65.0,7.411237374781375e-12
2,33,absorption_G2b_s-1_cMpc-3,8.131902141644832e+48,8.131902142287459e+48,8.131902142287459e+48,7.902544885571198e-11,65.0,7.90586513502696e-11
2,33,absorption_G3_s-1_cMpc-3,0.0,0.0,0.0,0.0,65.0,0.0
2,33,thermal_photoheat_erg_cm-3_s-1,8.5535775024463e-33,8.553577502767606e-33,8.553577502767606e-33,3.756399195896213e-11,65.0,3.761214784634994e-11
2,33,thermal_photoheat_H_erg_cm-3_s-1,6.97121901222054e-33,6.971219012209207e-33,6.971219012209207e-33,1.625566523883576e-12,65.0,1.5668725991592733e-12
2,33,thermal_photoheat_HeI_erg_cm-3_s-1,1.5823584902257598e-33,1.5823584905583975e-33,1.5823584905583975e-33,2.102163779158519e-10,65.0,2.1021983719651286e-10
2,33,thermal_photoheat_HeII_erg_cm-3_s-1,0.0,0.0,0.0,0.0,65.0,0.0
2,33,thermal_threshold_H_erg_cm-3_s-1,1.2995186448156102e-32,1.2995186448131968e-32,1.2995186448131968e-32,1.8571554822276856e-12,65.0,1.7979741836898181e-12
2,33,thermal_threshold_HeI_erg_cm-3_s-1,3.2838753393302796e-33,3.283875340125295e-33,3.283875340125295e-33,2.4209664081764027e-10,65.0,2.420999745752029e-10
2,33,thermal_threshold_HeII_erg_cm-3_s-1,0.0,0.0,0.0,0.0,65.0,0.0
2,33,thermal_recombination_cooling_erg_cm-3_s-1,9.843904318414703e-34,9.84390431841466e-34,9.84390431841466e-34,4.344235171148252e-15,65.0,4.344235171148252e-15
2,33,thermal_excitation_cooling_erg_cm-3_s-1,7.477636314053144e-35,7.47763631404026e-35,7.47763631404026e-35,1.7229769498601284e-12,65.0,1.6612122795140315e-12
2,33,thermal_collisional_ionization_cooling_erg_cm-3_s-1,1.3835522032352832e-36,1.3835522032327821e-36,1.3835522032327821e-36,1.8076944054766347e-12,65.0,1.7439445626972246e-12
2,33,thermal_free_free_cooling_erg_cm-3_s-1,8.568177715257756e-34,8.56817771525771e-34,8.56817771525771e-34,5.390338030471629e-15,65.0,5.390338030471629e-15
2,33,thermal_cooling_total_erg_cm-3_s-1,1.9173681187110126e-33,1.9173681187108724e-33,1.9173681187108724e-33,7.315584869531764e-14,65.0,7.065784410572127e-14
2,33,thermal_expansion_work_erg_cm-3_s-1,1.6162724462407676e-32,1.61627244624076e-32,1.61627244624076e-32,4.741373271938344e-15,65.0,4.402703752514175e-15
2,33,thermal_thermal_rhs_erg_cm-3_s-1,-9.52651507867239e-33,-9.526515078350866e-33,9.526515078350866e-33,3.375044266654327e-11,65.0,3.3792818538360594e-11
2,65,redshift_threshold_loss_rate_s-1_cMpc-3,2.925988419683495e+48,2.9259884196835004e+48,2.9259884196835004e+48,1.7745445688047085e-15,,
2,65,absorption_G1_s-1_cMpc-3,3.302717893480328e+50,3.3027178934803296e+50,3.3027178934803296e+50,5.030811132888667e-16,,
2,65,absorption_G2a_s-1_cMpc-3,1.7451331588529915e+50,1.745133158852989e+50,1.745133158852989e+50,1.4281445971348197e-15,,
2,65,absorption_G2b_s-1_cMpc-3,8.131902142287729e+48,8.131902142287459e+48,8.131902142287459e+48,3.320249456025324e-14,,
2,65,absorption_G3_s-1_cMpc-3,0.0,0.0,0.0,0.0,,
2,65,thermal_photoheat_erg_cm-3_s-1,8.553577502768018e-33,8.553577502767606e-33,8.553577502767606e-33,4.815588738962755e-14,,
2,65,thermal_photoheat_H_erg_cm-3_s-1,6.971219012209616e-33,6.971219012209207e-33,6.971219012209207e-33,5.869392472421075e-14,,
2,65,thermal_photoheat_HeI_erg_cm-3_s-1,1.582358490558403e-33,1.5823584905583975e-33,1.5823584905583975e-33,3.4592806617021172e-15,,
2,65,thermal_photoheat_HeII_erg_cm-3_s-1,0.0,0.0,0.0,0.0,,
2,65,thermal_threshold_H_erg_cm-3_s-1,1.2995186448132737e-32,1.2995186448131968e-32,1.2995186448131968e-32,5.918129853776137e-14,,
2,65,thermal_threshold_HeI_erg_cm-3_s-1,3.283875340125306e-33,3.283875340125295e-33,3.283875340125295e-33,3.3337575634402528e-15,,
2,65,thermal_threshold_HeII_erg_cm-3_s-1,0.0,0.0,0.0,0.0,,
2,65,thermal_recombination_cooling_erg_cm-3_s-1,9.84390431841466e-34,9.84390431841466e-34,9.84390431841466e-34,0.0,,
2,65,thermal_excitation_cooling_erg_cm-3_s-1,7.477636314040722e-35,7.47763631404026e-35,7.47763631404026e-35,6.176467034599414e-14,,
2,65,thermal_collisional_ionization_cooling_erg_cm-3_s-1,1.3835522032328703e-36,1.3835522032327821e-36,1.3835522032327821e-36,6.37498427792989e-14,,
2,65,thermal_free_free_cooling_erg_cm-3_s-1,8.56817771525771e-34,8.56817771525771e-34,8.56817771525771e-34,0.0,,
2,65,thermal_cooling_total_erg_cm-3_s-1,1.917368118710877e-33,1.9173681187108724e-33,1.9173681187108724e-33,2.4980045895962124e-15,,
2,65,thermal_expansion_work_erg_cm-3_s-1,1.6162724462407605e-32,1.61627244624076e-32,1.61627244624076e-32,3.3866951942416746e-16,,
2,65,thermal_thermal_rhs_erg_cm-3_s-1,-9.526515078350463e-33,-9.526515078350866e-33,9.526515078350866e-33,4.2375871815888495e-14,,
3,9,redshift_threshold_loss_rate_s-1_cMpc-3,4.6032600253224924e+48,4.603259649575317e+48,4.603259649575317e+48,8.162632651877991e-08,17.0,8.274052708465323e-08
3,9,absorption_G1_s-1_cMpc-3,2.95853800780311e+50,2.9585445802653805e+50,2.9585445802653805e+50,2.2215187543182204e-06,17.0,1.9721781980018256e-06
3,9,absorption_G2a_s-1_cMpc-3,1.1100915282695257e+50,1.1100966570309922e+50,1.1100966570309922e+50,4.620103514447273e-06,17.0,4.062277264823504e-06
3,9,absorption_G2b_s-1_cMpc-3,7.410057993662004e+48,7.409846555670883e+48,7.409846555670883e+48,2.8534732741348755e-05,17.0,2.9198389957774754e-05
3,9,absorption_G3_s-1_cMpc-3,0.0,0.0,0.0,0.0,17.0,0.0
3,9,thermal_photoheat_erg_cm-3_s-1,7.288169650766504e-33,7.287947548886174e-33,7.287947548886174e-33,3.047523034980623e-05,17.0,3.073811080714191e-05
3,9,thermal_photoheat_H_erg_cm-3_s-1,5.834234418154857e-33,5.834019671880273e-33,5.834019671880273e-33,3.680931615964755e-05,17.0,3.6794642361864845e-05
3,9,thermal_photoheat_HeI_erg_cm-3_s-1,1.453935232611647e-33,1.4539278770059e-33,1.4539278770059e-33,5.059126978232626e-06,17.0,6.435685666813959e-06
3,9,thermal_photoheat_HeII_erg_cm-3_s-1,0.0,0.0,0.0,0.0,17.0,0.0
3,9,thermal_threshold_H_erg_cm-3_s-1,1.1881448800312587e-32,1.1881100028284125e-32,1.1881100028284125e-32,2.9355196710019905e-05,17.0,2.9344223798762077e-05
3,9,thermal_threshold_HeI_erg_cm-3_s-1,2.926625510673035e-33,2.9266125667151188e-33,2.9266125667151188e-33,4.422846420932848e-06,17.0,5.676773674540476e-06
3,9,thermal_threshold_HeII_erg_cm-3_s-1,0.0,0.0,0.0,0.0,17.0,0.0
3,9,thermal_recombination_cooling_erg_cm-3_s-1,9.00838227263613e-34,9.008382361467109e-34,9.008382361467109e-34,9.86092447871736e-09,17.0,9.886069806950811e-09
3,9,thermal_excitation_cooling_erg_cm-3_s-1,5.983720392880848e-35,5.98336313412133e-35,5.98336313412133e-35,5.970868749072529e-05,17.0,5.968262906844234e-05
3,9,thermal_collisional_ionization_cooling_erg_cm-3_s-1,1.2193010112964367e-36,1.2192262594383762e-36,1.2192262594383762e-36,6.13108990081561e-05,17.0,6.128395083086983e-05
3,9,thermal_free_free_cooling_erg_cm-3_s-1,7.952605726460075e-34,7.952605838447158e-34,7.952605838447158e-34,1.4081809807057123e-08,17.0,1.411524639590939e-08
3,9,thermal_cooling_total_erg_cm-3_s-1,1.7571553048497254e-33,1.757151677592078e-33,1.757151677592078e-33,2.0642826077691982e-06,17.0,2.0633486090624533e-06
3,9,thermal_expansion_work_erg_cm-3_s-1,1.5527298488588454e-32,1.5527298645344912e-32,1.5527298645344912e-32,1.00955395758438e-08,17.0,1.0128251088346751e-08
3,9,thermal_thermal_rhs_erg_cm-3_s-1,-9.996284142671676e-33,-9.996502774050817e-33,9.996502774050817e-33,2.187078662231728e-05,17.0,2.206264440685049e-05
3,17,redshift_threshold_loss_rate_s-1_cMpc-3,4.603259644446363e+48,4.603259649575317e+48,4.603259649575317e+48,1.1142004736837777e-09,33.0,6.424502884065713e-10
3,17,absorption_G1_s-1_cMpc-3,2.958543842578774e+50,2.9585445802653805e+50,2.9585445802653805e+50,2.493410480613736e-07,33.0,2.405041503991913e-07
3,17,absorption_G2a_s-1_cMpc-3,1.1100960377874217e+50,1.1100966570309922e+50,1.1100966570309922e+50,5.578285156778664e-07,33.0,5.398295466782518e-07
3,17,absorption_G2b_s-1_cMpc-3,7.409841638216326e+48,7.409846555670883e+48,7.409846555670883e+48,6.636378392695769e-07,33.0,6.637532820737252e-07
3,17,absorption_G3_s-1_cMpc-3,0.0,0.0,0.0,0.0,33.0,0.0
3,17,thermal_photoheat_erg_cm-3_s-1,7.287945633086077e-33,7.287947548886174e-33,7.287947548886174e-33,2.628723771354187e-07,33.0,2.6262667175702904e-07
3,17,thermal_photoheat_H_erg_cm-3_s-1,5.834019757484348e-33,5.834019671880273e-33,5.834019671880273e-33,1.4673257885427828e-08,33.0,1.4974451262783416e-08
3,17,thermal_photoheat_HeI_erg_cm-3_s-1,1.4539258756017288e-33,1.4539278770059e-33,1.4539278770059e-33,1.376549829539325e-06,33.0,1.3765267743281639e-06
3,17,thermal_photoheat_HeII_erg_cm-3_s-1,0.0,0.0,0.0,0.0,33.0,0.0
3,17,thermal_threshold_H_erg_cm-3_s-1,1.1881100158650556e-32,1.1881100028284125e-32,1.1881100028284125e-32,1.0972589275713486e-08,33.0,1.1465214382165037e-08
3,17,thermal_threshold_HeI_erg_cm-3_s-1,2.926608896976693e-33,2.9266125667151188e-33,2.9266125667151188e-33,1.2539201353868133e-06,33.0,1.2537212353644279e-06
3,17,thermal_threshold_HeII_erg_cm-3_s-1,0.0,0.0,0.0,0.0,33.0,0.0
3,17,thermal_recombination_cooling_erg_cm-3_s-1,9.008382361693627e-34,9.008382361467109e-34,9.008382361467109e-34,2.5145328482039912e-11,33.0,2.5171153034222264e-11
3,17,thermal_excitation_cooling_erg_cm-3_s-1,5.983363290029028e-35,5.98336313412133e-35,5.98336313412133e-35,2.6056867140610672e-08,33.0,2.591189620762256e-08
3,17,thermal_collisional_ionization_cooling_erg_cm-3_s-1,1.2192262922922882e-36,1.2192262594383762e-36,1.2192262594383762e-36,2.6946525896704674e-08,33.0,2.67991600834953e-08
3,17,thermal_free_free_cooling_erg_cm-3_s-1,7.952605838713066e-34,7.952605838447158e-34,7.952605838447158e-34,3.343658932423263e-11,33.0,3.346992912060079e-11
3,17,thermal_cooling_total_erg_cm-3_s-1,1.757151679233252e-33,1.757151677592078e-33,1.757151677592078e-33,9.33996779583977e-10,33.0,9.289862270536089e-10
3,17,thermal_expansion_work_erg_cm-3_s-1,1.5527298645852834e-32,1.5527298645344912e-32,1.5527298645344912e-32,3.2711512834261404e-11,33.0,3.2731959512758766e-11
3,17,thermal_thermal_rhs_erg_cm-3_s-1,-9.996504692000007e-33,-9.996502774050817e-33,9.996502774050817e-33,1.9186201751667396e-07,33.0,1.9168203671097418e-07
3,33,redshift_threshold_loss_rate_s-1_cMpc-3,4.6032596474037286e+48,4.603259649575317e+48,4.603259649575317e+48,4.717501855802824e-10,65.0,4.978189127180733e-10
3,33,absorption_G1_s-1_cMpc-3,2.9585445541210186e+50,2.9585445802653805e+50,2.9585445802653805e+50,8.836899787493341e-09,65.0,1.2263707031309966e-08
3,33,absorption_G2a_s-1_cMpc-3,1.110096637050386e+50,1.1100966570309922e+50,1.1100966570309922e+50,1.7998978715995052e-08,65.0,2.4883746929749356e-08
3,33,absorption_G2b_s-1_cMpc-3,7.409846556526297e+48,7.409846555670883e+48,7.409846555670883e+48,1.1544288077384808e-10,65.0,1.211895620609816e-10
3,33,absorption_G3_s-1_cMpc-3,0.0,0.0,0.0,0.0,65.0,0.0
3,33,thermal_photoheat_erg_cm-3_s-1,7.287947547095486e-33,7.287947548886174e-33,7.287947548886174e-33,2.4570544291847205e-10,65.0,2.5991810503955066e-10
3,33,thermal_photoheat_H_erg_cm-3_s-1,5.834019670123105e-33,5.834019671880273e-33,5.834019671880273e-33,3.011933728453826e-10,65.0,3.1869776942856103e-10
3,33,thermal_photoheat_HeI_erg_cm-3_s-1,1.4539278769723793e-33,1.4539278770059e-33,1.4539278770059e-33,2.3055242897365213e-11,65.0,2.4059869912275578e-11
3,33,thermal_photoheat_HeII_erg_cm-3_s-1,0.0,0.0,0.0,0.0,65.0,0.0
3,33,thermal_threshold_H_erg_cm-3_s-1,1.1881100022431197e-32,1.1881100028284125e-32,1.1881100028284125e-32,4.926251008035007e-10,65.0,5.20471398758197e-10
3,33,thermal_threshold_HeI_erg_cm-3_s-1,2.9266125661330148e-33,2.9266125667151188e-33,2.9266125667151188e-33,1.9890027175093425e-10,65.0,2.0960808870720949e-10
3,33,thermal_threshold_HeII_erg_cm-3_s-1,0.0,0.0,0.0,0.0,65.0,0.0
3,33,thermal_recombination_cooling_erg_cm-3_s-1,9.008382361466876e-34,9.008382361467109e-34,9.008382361467109e-34,2.5824552181701275e-14,65.0,2.6963870660305712e-14
3,33,thermal_excitation_cooling_erg_cm-3_s-1,5.983363134988743e-35,5.98336313412133e-35,5.98336313412133e-35,1.44970929231639e-10,65.0,1.514057234008389e-10
3,33,thermal_collisional_ionization_cooling_erg_cm-3_s-1,1.2192262596180485e-36,1.2192262594383762e-36,1.2192262594383762e-36,1.4736580926009426e-10,65.0,1.539071405237614e-10
3,33,thermal_free_free_cooling_erg_cm-3_s-1,7.952605838446893e-34,7.952605838447158e-34,7.952605838447158e-34,3.333979636703801e-14,65.0,3.484546459006548e-14
3,33,thermal_cooling_total_erg_cm-3_s-1,1.7571516776008824e-33,1.757151677592078e-33,1.757151677592078e-33,5.010552525713386e-12,65.0,5.232702921356242e-12
3,33,thermal_expansion_work_erg_cm-3_s-1,1.5527298645344595e-32,1.5527298645344912e-32,1.5527298645344912e-32,2.0446678496698616e-14,65.0,2.1328000845694228e-14
3,33,thermal_thermal_rhs_erg_cm-3_s-1,-9.996502775849995e-33,-9.996502774050817e-33,9.996502774050817e-33,1.7998077120069102e-10,65.0,1.903801542385483e-10
3,65,redshift_threshold_loss_rate_s-1_cMpc-3,4.6032596496953183e+48,4.603259649575317e+48,4.603259649575317e+48,2.6068727150768325e-11,,
3,65,absorption_G1_s-1_cMpc-3,2.9585445904037427e+50,2.9585445802653805e+50,2.9585445802653805e+50,3.4268072858419854e-09,,
3,65,absorption_G2a_s-1_cMpc-3,1.1100966646737505e+50,1.1100966570309922e+50,1.1100966570309922e+50,6.884768385073136e-09,,
3,65,absorption_G2b_s-1_cMpc-3,7.409846555628301e+48,7.409846555670883e+48,7.409846555670883e+48,5.7466812864370804e-12,,
3,65,absorption_G3_s-1_cMpc-3,0.0,0.0,0.0,0.0,,
3,65,thermal_photoheat_erg_cm-3_s-1,7.287947548989755e-33,7.287947548886174e-33,7.287947548886174e-33,1.4212662124772735e-11,,
3,65,thermal_photoheat_H_erg_cm-3_s-1,5.834019671982394e-33,5.834019671880273e-33,5.834019671880273e-33,1.7504396588757057e-11,,
3,65,thermal_photoheat_HeI_erg_cm-3_s-1,1.4539278770073607e-33,1.4539278770059e-33,1.4539278770059e-33,1.004627014934536e-12,,
3,65,thermal_photoheat_HeII_erg_cm-3_s-1,0.0,0.0,0.0,0.0,,
3,65,thermal_threshold_H_erg_cm-3_s-1,1.188110002861497e-32,1.1881100028284125e-32,1.1881100028284125e-32,2.7846297969189462e-11,,
3,65,thermal_threshold_HeI_erg_cm-3_s-1,2.9266125667464564e-33,2.9266125667151188e-33,2.9266125667151188e-33,1.0707816958519687e-11,,
3,65,thermal_threshold_HeII_erg_cm-3_s-1,0.0,0.0,0.0,0.0,,
3,65,thermal_recombination_cooling_erg_cm-3_s-1,9.008382361467119e-34,9.008382361467109e-34,9.008382361467109e-34,1.139318478604468e-15,,
3,65,thermal_excitation_cooling_erg_cm-3_s-1,5.983363134082828e-35,5.98336313412133e-35,5.98336313412133e-35,6.434794168225619e-12,,
3,65,thermal_collisional_ionization_cooling_erg_cm-3_s-1,1.2192262594304008e-36,1.2192262594383762e-36,1.2192262594383762e-36,6.541331262660385e-12,,
3,65,thermal_free_free_cooling_erg_cm-3_s-1,7.95260583844717e-34,7.952605838447158e-34,7.952605838447158e-34,1.505668223027523e-15,,
3,65,thermal_cooling_total_erg_cm-3_s-1,1.7571516775916878e-33,1.757151677592078e-33,1.757151677592078e-33,2.2215039564169314e-13,,
3,65,thermal_expansion_work_erg_cm-3_s-1,1.5527298645344926e-32,1.5527298645344912e-32,1.5527298645344912e-32,8.8132234899563e-16,,
3,65,thermal_thermal_rhs_erg_cm-3_s-1,-9.99650277394686e-33,-9.996502774050817e-33,9.996502774050817e-33,1.0399383035877436e-11,,
4,9,redshift_threshold_loss_rate_s-1_cMpc-3,5.373645282749837e+48,5.3736452873302095e+48,5.3736452873302095e+48,8.52377128957674e-10,17.0,1.0145950594671146e-09
4,9,absorption_G1_s-1_cMpc-3,3.226275403327797e+50,3.226275520475006e+50,3.226275520475006e+50,3.631035483395597e-08,17.0,3.693453752110118e-08
4,9,absorption_G2a_s-1_cMpc-3,1.360726689806111e+50,1.3607238422858393e+50,1.3607238422858393e+50,2.0926511193159794e-06,17.0,2.3165309291181544e-06
4,9,absorption_G2b_s-1_cMpc-3,6.663964906549351e+48,6.66375534055354e+48,6.66375534055354e+48,3.1448632955583563e-05,17.0,3.593585297608044e-05
4,9,absorption_G3_s-1_cMpc-3,0.0,0.0,0.0,0.0,17.0,0.0
4,9,thermal_photoheat_erg_cm-3_s-1,6.428484523615495e-33,6.428385320794632e-33,6.428385320794632e-33,1.5431996669941407e-05,17.0,1.9063539575385173e-05
4,9,thermal_photoheat_H_erg_cm-3_s-1,5.156140404751304e-33,5.1561280313274245e-33,5.1561280313274245e-33,2.3997510930937697e-06,17.0,5.1651866511853216e-06
4,9,thermal_photoheat_HeI_erg_cm-3_s-1,1.2723441188641935e-33,1.2722572894672073e-33,1.2722572894672073e-33,6.824829985649945e-05,17.0,7.539019715303043e-05
4,9,thermal_photoheat_HeII_erg_cm-3_s-1,0.0,0.0,0.0,0.0,17.0,0.0
4,9,thermal_threshold_H_erg_cm-3_s-1,1.0426836276979877e-32,1.042680525086571e-32,1.042680525086571e-32,2.9756107858330713e-06,17.0,6.005622383277669e-06
4,9,thermal_threshold_HeI_erg_cm-3_s-1,2.617545856087775e-33,2.6173596185146165e-33,2.6173596185146165e-33,7.115475146822501e-05,17.0,7.859836621773472e-05
4,9,thermal_threshold_HeII_erg_cm-3_s-1,0.0,0.0,0.0,0.0,17.0,0.0
4,9,thermal_recombination_cooling_erg_cm-3_s-1,8.231402676972694e-34,8.231402686595544e-34,8.231402686595544e-34,1.169041251058637e-09,17.0,1.5953125405477984e-09
4,9,thermal_excitation_cooling_erg_cm-3_s-1,4.862471974414105e-35,4.862459900660185e-35,4.862459900660185e-35,2.4830547019463733e-06,17.0,5.2955853597730934e-06
4,9,thermal_collisional_ionization_cooling_erg_cm-3_s-1,1.0678403134986524e-36,1.0678374317365318e-36,1.0678374317365318e-36,2.6986899268812067e-06,17.0,5.61560047607661e-06
4,9,thermal_free_free_cooling_erg_cm-3_s-1,7.363374709419147e-34,7.363374720031902e-34,7.363374720031902e-34,1.4412895395226904e-09,17.0,1.9911463145999998e-09
4,9,thermal_cooling_total_erg_cm-3_s-1,1.6091702986968237e-33,1.609170177101083e-33,1.609170177101083e-33,7.556425190104777e-08,17.0,1.6201656343702878e-07
4,9,thermal_expansion_work_erg_cm-3_s-1,1.4873881797551033e-32,1.4873881814247392e-32,1.4873881814247392e-32,1.1225286846829387e-09,17.0,1.4819595043882949e-09
4,9,thermal_thermal_rhs_erg_cm-3_s-1,-1.0054567572632361e-32,-1.0054666670553846e-32,1.0054666670553846e-32,9.855913152738676e-06,17.0,1.216433969385676e-05
4,17,redshift_threshold_loss_rate_s-1_cMpc-3,5.373645288201911e+48,5.3736452873302095e+48,5.3736452873302095e+48,1.6221793067402612e-10,33.0,1.653072806861745e-10
4,17,absorption_G1_s-1_cMpc-3,3.2262755224887914e+50,3.226275520475006e+50,3.226275520475006e+50,6.241827101991095e-10,33.0,2.4289146173333785e-09
4,17,absorption_G2a_s-1_cMpc-3,1.36072353764795e+50,1.3607238422858393e+50,1.3607238422858393e+50,2.238792911788724e-07,33.0,2.209109666111539e-07
4,17,absorption_G2b_s-1_cMpc-3,6.66372543989167e+48,6.66375534055354e+48,6.66375534055354e+48,4.487058774212477e-06,33.0,4.484659722898469e-06
4,17,absorption_G3_s-1_cMpc-3,0.0,0.0,0.0,0.0,33.0,0.0
4,17,thermal_photoheat_erg_cm-3_s-1,6.428361976282556e-33,6.428385320794632e-33,6.428385320794632e-33,3.6314736767016144e-06,33.0,3.6303909793638993e-06
4,17,thermal_photoheat_H_erg_cm-3_s-1,5.156113772461274e-33,5.1561280313274245e-33,5.1561280313274245e-33,2.7654212741745016e-06,33.0,2.7653875974557114e-06
4,17,thermal_photoheat_HeI_erg_cm-3_s-1,1.2722482038212798e-33,1.2722572894672073e-33,1.2722572894672073e-33,7.14135890807495e-06,33.0,7.136024822282428e-06
4,17,thermal_photoheat_HeII_erg_cm-3_s-1,0.0,0.0,0.0,0.0,33.0,0.0
4,17,thermal_threshold_H_erg_cm-3_s-1,1.0426773657714613e-32,1.042680525086571e-32,1.042680525086571e-32,3.0299934004484116e-06,33.0,3.0299550827002266e-06
4,17,thermal_threshold_HeI_erg_cm-3_s-1,2.617340137429137e-33,2.6173596185146165e-33,2.6173596185146165e-33,7.443029739532467e-06,33.0,7.437460066243503e-06
4,17,thermal_threshold_HeII_erg_cm-3_s-1,0.0,0.0,0.0,0.0,33.0,0.0
4,17,thermal_recombination_cooling_erg_cm-3_s-1,8.231402690104354e-34,8.231402686595544e-34,8.231402686595544e-34,4.2627129016919713e-10,33.0,4.2619606287782594e-10
4,17,thermal_excitation_cooling_erg_cm-3_s-1,4.862446224915063e-35,4.862459900660185e-35,4.862459900660185e-35,2.812515763909417e-06,33.0,2.812484885984882e-06
4,17,thermal_collisional_ionization_cooling_erg_cm-3_s-1,1.0678343169677536e-36,1.0678374317365318e-36,1.0678374317365318e-36,2.9168941690831197e-06,33.0,2.916862111610329e-06
4,17,thermal_free_free_cooling_erg_cm-3_s-1,7.3633747240807036e-34,7.363374720031902e-34,7.363374720031902e-34,5.498567761721544e-10,33.0,5.497647822815468e-10
4,17,thermal_cooling_total_erg_cm-3_s-1,1.6091700379846242e-33,1.609170177101083e-33,1.609170177101083e-33,8.645229752927688e-08,33.0,8.64514235197588e-08
4,17,thermal_expansion_work_erg_cm-3_s-1,1.4873881819593523e-32,1.4873881814247392e-32,1.4873881814247392e-32,3.594308202380181e-10,33.0,3.5935408896315725e-10
4,17,thermal_thermal_rhs_erg_cm-3_s-1,-1.0054689881295594e-32,-1.0054666670553846e-32,1.0054666670553846e-32,2.308454621944273e-06,33.0,2.3077624289178015e-06
4,33,redshift_threshold_loss_rate_s-1_cMpc-3,5.3736452873136085e+48,5.3736452873302095e+48,5.3736452873302095e+48,3.089350011637704e-12,65.0,3.6350409707638445e-12
4,33,absorption_G1_s-1_cMpc-3,3.2262755146524437e+50,3.226275520475006e+50,3.226275520475006e+50,1.8047319027507294e-09,65.0,1.835965809749583e-09
4,33,absorption_G2a_s-1_cMpc-3,1.3607238382467684e+50,1.3607238422858393e+50,1.3607238422858393e+50,2.968325223454089e-09,65.0,3.016428395035668e-09
4,33,absorption_G2b_s-1_cMpc-3,6.663755324566777e+48,6.66375534055354e+48,6.66375534055354e+48,2.399062072984804e-09,65.0,2.3990353859055386e-09
4,33,absorption_G3_s-1_cMpc-3,0.0,0.0,0.0,0.0,65.0,0.0
4,33,thermal_photoheat_erg_cm-3_s-1,6.428385313834611e-33,6.428385320794632e-33,6.428385320794632e-33,1.0827012683438904e-09,65.0,1.0829032886387614e-09
4,33,thermal_photoheat_H_erg_cm-3_s-1,5.1561280311537825e-33,5.1561280313274245e-33,5.1561280313274245e-33,3.36768119197241e-11,65.0,3.390532451783662e-11
4,33,thermal_photoheat_HeI_erg_cm-3_s-1,1.2722572826808294e-33,1.2722572894672073e-33,1.2722572894672073e-33,5.33412385696206e-09,65.0,5.334217838582304e-09
4,33,thermal_photoheat_HeII_erg_cm-3_s-1,0.0,0.0,0.0,0.0,65.0,0.0
4,33,thermal_threshold_H_erg_cm-3_s-1,1.0426805250466178e-32,1.042680525086571e-32,1.042680525086571e-32,3.8317864286153916e-11,65.0,3.868980975583548e-11
4,33,thermal_threshold_HeI_erg_cm-3_s-1,2.61735960393667e-33,2.6173596185146165e-33,2.6173596185146165e-33,5.56971471349459e-09,65.0,5.569938226814025e-09
4,33,thermal_threshold_HeII_erg_cm-3_s-1,0.0,0.0,0.0,0.0,65.0,0.0
4,33,thermal_recombination_cooling_erg_cm-3_s-1,8.231402686596163e-34,8.231402686595544e-34,8.231402686595544e-34,7.522729133912266e-14,65.0,7.522729133912266e-14
4,33,thermal_excitation_cooling_erg_cm-3_s-1,4.862459900510042e-35,4.862459900660185e-35,4.862459900660185e-35,3.087801137897012e-11,65.0,3.0820625479358457e-11
4,33,thermal_collisional_ionization_cooling_erg_cm-3_s-1,1.0678374317022995e-36,1.0678374317365318e-36,1.0678374317365318e-36,3.205756629809157e-11,65.0,3.199718215466999e-11
4,33,thermal_free_free_cooling_erg_cm-3_s-1,7.3633747200325795e-34,7.363374720031902e-34,7.363374720031902e-34,9.199389055713183e-14,65.0,9.280696787266211e-14
4,33,thermal_cooling_total_erg_cm-3_s-1,1.6091701770996767e-33,1.609170177101083e-33,1.609170177101083e-33,8.740095936291059e-13,65.0,8.71883566887125e-13
4,33,thermal_expansion_work_erg_cm-3_s-1,1.4873881814248533e-32,1.4873881814247392e-32,1.4873881814247392e-32,7.67312748333006e-14,65.0,7.783532195320429e-14
4,33,thermal_thermal_rhs_erg_cm-3_s-1,-1.00546666775136e-32,-1.0054666670553846e-32,1.0054666670553846e-32,6.921914290586394e-10,65.0,6.923229031380618e-10
4,65,redshift_threshold_loss_rate_s-1_cMpc-3,5.373645287333142e+48,5.3736452873302095e+48,5.3736452873302095e+48,5.456909591281237e-13,,
4,65,absorption_G1_s-1_cMpc-3,3.2262755205757752e+50,3.226275520475006e+50,3.226275520475006e+50,3.1233907056197997e-11,,
4,65,absorption_G2a_s-1_cMpc-3,1.3607238423512944e+50,1.3607238422858393e+50,1.3607238422858393e+50,4.810317172667866e-11,,
4,65,absorption_G2b_s-1_cMpc-3,6.663755340553362e+48,6.66375534055354e+48,6.66375534055354e+48,2.6687079329362876e-14,,
4,65,absorption_G3_s-1_cMpc-3,0.0,0.0,0.0,0.0,,
4,65,thermal_photoheat_erg_cm-3_s-1,6.42838532079593e-33,6.428385320794632e-33,6.428385320794632e-33,2.0202029508970768e-13,,
4,65,thermal_photoheat_H_erg_cm-3_s-1,5.156128031328603e-33,5.1561280313274245e-33,5.1561280313274245e-33,2.2851259812026613e-13,,
4,65,thermal_photoheat_HeI_erg_cm-3_s-1,1.2722572894673269e-33,1.2722572894672073e-33,1.2722572894672073e-33,9.398162074650576e-14,,
4,65,thermal_photoheat_HeII_erg_cm-3_s-1,0.0,0.0,0.0,0.0,,
4,65,thermal_threshold_H_erg_cm-3_s-1,1.0426805250869589e-32,1.042680525086571e-32,1.042680525086571e-32,3.7194546969595116e-13,,
4,65,thermal_threshold_HeI_erg_cm-3_s-1,2.6173596185152015e-33,2.6173596185146165e-33,2.6173596185146165e-33,2.2351332067886901e-13,,
4,65,thermal_threshold_HeII_erg_cm-3_s-1,0.0,0.0,0.0,0.0,,
4,65,thermal_recombination_cooling_erg_cm-3_s-1,8.231402686595544e-34,8.231402686595544e-34,8.231402686595544e-34,0.0,,
4,65,thermal_excitation_cooling_erg_cm-3_s-1,4.862459900659906e-35,4.862459900660185e-35,4.862459900660185e-35,5.738589961343227e-14,,
4,65,thermal_collisional_ionization_cooling_erg_cm-3_s-1,1.0678374317364673e-36,1.0678374317365318e-36,1.0678374317365318e-36,6.038414342351273e-14,,
4,65,thermal_free_free_cooling_erg_cm-3_s-1,7.363374720031896e-34,7.363374720031902e-34,7.363374720031902e-34,8.130773155302056e-16,,
4,65,thermal_cooling_total_erg_cm-3_s-1,1.6091701771010797e-33,1.609170177101083e-33,1.609170177101083e-33,2.1260267419827437e-15,,
4,65,thermal_expansion_work_erg_cm-3_s-1,1.4873881814247375e-32,1.4873881814247392e-32,1.4873881814247392e-32,1.1040471199036057e-15,,
4,65,thermal_thermal_rhs_erg_cm-3_s-1,-1.0054666670552524e-32,-1.0054666670553846e-32,1.0054666670553846e-32,1.3147407933127463e-13,,
