interval_index,substep,quantity,shape_a,shape_b,total_variation,l1_distance,same_global_sum_by_construction
0,1,MASS,LOCAL_NEUTRAL_HAZARD_PRIMARY,RECOMBINATION_WEIGHTED_AUDITOR,6.480891882564993e-07,1.2961783765129986e-06,True
0,1,MASS,LOCAL_NEUTRAL_HAZARD_PRIMARY,SCRIPT_SELF_SHIELDING_AUDITOR,9.905927943297772e-07,1.9811855886595545e-06,True
0,1,MASS,RECOMBINATION_WEIGHTED_AUDITOR,SCRIPT_SELF_SHIELDING_AUDITOR,3.477896043408514e-07,6.955792086817028e-07,True
0,1,G1_CURRENT,LOCAL_NEUTRAL_HAZARD_PRIMARY,RECOMBINATION_WEIGHTED_AUDITOR,3.5587072839352724e-16,7.117414567870545e-16,True
0,1,G1_CURRENT,LOCAL_NEUTRAL_HAZARD_PRIMARY,SCRIPT_SELF_SHIELDING_AUDITOR,1.5388555772537227e-16,3.0777111545074454e-16,True
0,1,G1_CURRENT,RECOMBINATION_WEIGHTED_AUDITOR,SCRIPT_SELF_SHIELDING_AUDITOR,2.366999689784252e-16,4.733999379568504e-16,True
0,1,G2a_CURRENT,LOCAL_NEUTRAL_HAZARD_PRIMARY,RECOMBINATION_WEIGHTED_AUDITOR,3.464652329263542e-06,6.929304658527084e-06,True
0,1,G2a_CURRENT,LOCAL_NEUTRAL_HAZARD_PRIMARY,SCRIPT_SELF_SHIELDING_AUDITOR,5.295659446862539e-06,1.0591318893725078e-05,True
0,1,G2a_CURRENT,RECOMBINATION_WEIGHTED_AUDITOR,SCRIPT_SELF_SHIELDING_AUDITOR,1.859265799517772e-06,3.718531599035544e-06,True
0,1,G1_OPACITY,LOCAL_NEUTRAL_HAZARD_PRIMARY,RECOMBINATION_WEIGHTED_AUDITOR,1.8393998075984935e-16,3.678799615196987e-16,True
0,1,G1_OPACITY,LOCAL_NEUTRAL_HAZARD_PRIMARY,SCRIPT_SELF_SHIELDING_AUDITOR,1.8206295574873382e-16,3.6412591149746765e-16,True
0,1,G1_OPACITY,RECOMBINATION_WEIGHTED_AUDITOR,SCRIPT_SELF_SHIELDING_AUDITOR,2.842642570985432e-18,5.685285141970864e-18,True
0,1,G2a_OPACITY,LOCAL_NEUTRAL_HAZARD_PRIMARY,RECOMBINATION_WEIGHTED_AUDITOR,3.464652324889701e-06,6.929304649779402e-06,True
0,1,G2a_OPACITY,LOCAL_NEUTRAL_HAZARD_PRIMARY,SCRIPT_SELF_SHIELDING_AUDITOR,5.295659433654136e-06,1.0591318867308272e-05,True
0,1,G2a_OPACITY,RECOMBINATION_WEIGHTED_AUDITOR,SCRIPT_SELF_SHIELDING_AUDITOR,1.8592657974174065e-06,3.718531594834813e-06,True
0,2,MASS,LOCAL_NEUTRAL_HAZARD_PRIMARY,RECOMBINATION_WEIGHTED_AUDITOR,6.477862764893188e-07,1.2955725529786376e-06,True
0,2,MASS,LOCAL_NEUTRAL_HAZARD_PRIMARY,SCRIPT_SELF_SHIELDING_AUDITOR,9.90129799259687e-07,1.980259598519374e-06,True
0,2,MASS,RECOMBINATION_WEIGHTED_AUDITOR,SCRIPT_SELF_SHIELDING_AUDITOR,3.4762705039619494e-07,6.952541007923899e-07,True
0,2,G1_CURRENT,LOCAL_NEUTRAL_HAZARD_PRIMARY,RECOMBINATION_WEIGHTED_AUDITOR,2.5808246869891277e-16,5.161649373978255e-16,True
0,2,G1_CURRENT,LOCAL_NEUTRAL_HAZARD_PRIMARY,SCRIPT_SELF_SHIELDING_AUDITOR,6.217052426257114e-17,1.2434104852514227e-16,True
0,2,G1_CURRENT,RECOMBINATION_WEIGHTED_AUDITOR,SCRIPT_SELF_SHIELDING_AUDITOR,2.4494498768699857e-16,4.898899753739971e-16,True
0,2,G2a_CURRENT,LOCAL_NEUTRAL_HAZARD_PRIMARY,RECOMBINATION_WEIGHTED_AUDITOR,3.464652329139253e-06,6.929304658278506e-06,True
0,2,G2a_CURRENT,LOCAL_NEUTRAL_HAZARD_PRIMARY,SCRIPT_SELF_SHIELDING_AUDITOR,5.295659446695432e-06,1.0591318893390865e-05,True
0,2,G2a_CURRENT,RECOMBINATION_WEIGHTED_AUDITOR,SCRIPT_SELF_SHIELDING_AUDITOR,1.8592657994645453e-06,3.7185315989290907e-06,True
0,2,G1_OPACITY,LOCAL_NEUTRAL_HAZARD_PRIMARY,RECOMBINATION_WEIGHTED_AUDITOR,3.479611347320666e-18,6.959222694641332e-18,True
0,2,G1_OPACITY,LOCAL_NEUTRAL_HAZARD_PRIMARY,SCRIPT_SELF_SHIELDING_AUDITOR,1.0994487655360818e-18,2.1988975310721637e-18,True
0,2,G1_OPACITY,RECOMBINATION_WEIGHTED_AUDITOR,SCRIPT_SELF_SHIELDING_AUDITOR,2.4106557678857388e-18,4.8213115357714775e-18,True
0,2,G2a_OPACITY,LOCAL_NEUTRAL_HAZARD_PRIMARY,RECOMBINATION_WEIGHTED_AUDITOR,3.4646523337997476e-06,6.929304667599495e-06,True
0,2,G2a_OPACITY,LOCAL_NEUTRAL_HAZARD_PRIMARY,SCRIPT_SELF_SHIELDING_AUDITOR,5.295659432581201e-06,1.0591318865162402e-05,True
0,2,G2a_OPACITY,RECOMBINATION_WEIGHTED_AUDITOR,SCRIPT_SELF_SHIELDING_AUDITOR,1.8592657836353804e-06,3.7185315672707608e-06,True
1,1,MASS,LOCAL_NEUTRAL_HAZARD_PRIMARY,RECOMBINATION_WEIGHTED_AUDITOR,1.059371703556149e-06,2.118743407112298e-06,True
1,1,MASS,LOCAL_NEUTRAL_HAZARD_PRIMARY,SCRIPT_SELF_SHIELDING_AUDITOR,1.524015303137389e-06,3.048030606274778e-06,True
1,1,MASS,RECOMBINATION_WEIGHTED_AUDITOR,SCRIPT_SELF_SHIELDING_AUDITOR,5.402814402803232e-07,1.0805628805606463e-06,True
1,1,G1_CURRENT,LOCAL_NEUTRAL_HAZARD_PRIMARY,RECOMBINATION_WEIGHTED_AUDITOR,1.681699213478688e-16,3.363398426957376e-16,True
1,1,G1_CURRENT,LOCAL_NEUTRAL_HAZARD_PRIMARY,SCRIPT_SELF_SHIELDING_AUDITOR,2.316990864578358e-16,4.633981729156716e-16,True
1,1,G1_CURRENT,RECOMBINATION_WEIGHTED_AUDITOR,SCRIPT_SELF_SHIELDING_AUDITOR,3.042355999289051e-16,6.084711998578102e-16,True
1,1,G2a_CURRENT,LOCAL_NEUTRAL_HAZARD_PRIMARY,RECOMBINATION_WEIGHTED_AUDITOR,3.824428101212609e-06,7.648856202425218e-06,True
1,1,G2a_CURRENT,LOCAL_NEUTRAL_HAZARD_PRIMARY,SCRIPT_SELF_SHIELDING_AUDITOR,5.501833711488291e-06,1.1003667422976582e-05,True
1,1,G2a_CURRENT,RECOMBINATION_WEIGHTED_AUDITOR,SCRIPT_SELF_SHIELDING_AUDITOR,1.950465087149048e-06,3.900930174298096e-06,True
1,1,G1_OPACITY,LOCAL_NEUTRAL_HAZARD_PRIMARY,RECOMBINATION_WEIGHTED_AUDITOR,2.9527356783048096e-15,5.905471356609619e-15,True
1,1,G1_OPACITY,LOCAL_NEUTRAL_HAZARD_PRIMARY,SCRIPT_SELF_SHIELDING_AUDITOR,2.566306542273189e-16,5.132613084546378e-16,True
1,1,G1_OPACITY,RECOMBINATION_WEIGHTED_AUDITOR,SCRIPT_SELF_SHIELDING_AUDITOR,3.005177182135218e-15,6.010354364270436e-15,True
1,1,G2a_OPACITY,LOCAL_NEUTRAL_HAZARD_PRIMARY,RECOMBINATION_WEIGHTED_AUDITOR,3.824428103188503e-06,7.648856206377006e-06,True
1,1,G2a_OPACITY,LOCAL_NEUTRAL_HAZARD_PRIMARY,SCRIPT_SELF_SHIELDING_AUDITOR,5.5018337134983885e-06,1.1003667426996777e-05,True
1,1,G2a_OPACITY,RECOMBINATION_WEIGHTED_AUDITOR,SCRIPT_SELF_SHIELDING_AUDITOR,1.9504650863818094e-06,3.900930172763619e-06,True
1,2,MASS,LOCAL_NEUTRAL_HAZARD_PRIMARY,RECOMBINATION_WEIGHTED_AUDITOR,1.0771757594906052e-06,2.1543515189812103e-06,True
1,2,MASS,LOCAL_NEUTRAL_HAZARD_PRIMARY,SCRIPT_SELF_SHIELDING_AUDITOR,1.549628271094113e-06,3.099256542188226e-06,True
1,2,MASS,RECOMBINATION_WEIGHTED_AUDITOR,SCRIPT_SELF_SHIELDING_AUDITOR,5.493615400826298e-07,1.0987230801652596e-06,True
1,2,G1_CURRENT,LOCAL_NEUTRAL_HAZARD_PRIMARY,RECOMBINATION_WEIGHTED_AUDITOR,1.5570244339723274e-16,3.114048867944655e-16,True
1,2,G1_CURRENT,LOCAL_NEUTRAL_HAZARD_PRIMARY,SCRIPT_SELF_SHIELDING_AUDITOR,9.557665666933349e-17,1.9115331333866697e-16,True
1,2,G1_CURRENT,RECOMBINATION_WEIGHTED_AUDITOR,SCRIPT_SELF_SHIELDING_AUDITOR,1.3678057438851893e-16,2.7356114877703785e-16,True
1,2,G2a_CURRENT,LOCAL_NEUTRAL_HAZARD_PRIMARY,RECOMBINATION_WEIGHTED_AUDITOR,3.824428101134894e-06,7.648856202269788e-06,True
1,2,G2a_CURRENT,LOCAL_NEUTRAL_HAZARD_PRIMARY,SCRIPT_SELF_SHIELDING_AUDITOR,5.501833711464229e-06,1.1003667422928457e-05,True
1,2,G2a_CURRENT,RECOMBINATION_WEIGHTED_AUDITOR,SCRIPT_SELF_SHIELDING_AUDITOR,1.9504650872061702e-06,3.9009301744123405e-06,True
1,2,G1_OPACITY,LOCAL_NEUTRAL_HAZARD_PRIMARY,RECOMBINATION_WEIGHTED_AUDITOR,3.1548775500682066e-15,6.309755100136413e-15,True
1,2,G1_OPACITY,LOCAL_NEUTRAL_HAZARD_PRIMARY,SCRIPT_SELF_SHIELDING_AUDITOR,2.244637310223896e-19,4.489274620447792e-19,True
1,2,G1_OPACITY,RECOMBINATION_WEIGHTED_AUDITOR,SCRIPT_SELF_SHIELDING_AUDITOR,3.155102013799229e-15,6.310204027598458e-15,True
1,2,G2a_OPACITY,LOCAL_NEUTRAL_HAZARD_PRIMARY,RECOMBINATION_WEIGHTED_AUDITOR,3.82442810217519e-06,7.64885620435038e-06,True
1,2,G2a_OPACITY,LOCAL_NEUTRAL_HAZARD_PRIMARY,SCRIPT_SELF_SHIELDING_AUDITOR,5.501833713865603e-06,1.1003667427731205e-05,True
1,2,G2a_OPACITY,RECOMBINATION_WEIGHTED_AUDITOR,SCRIPT_SELF_SHIELDING_AUDITOR,1.9504650946977608e-06,3.9009301893955215e-06,True
2,1,MASS,LOCAL_NEUTRAL_HAZARD_PRIMARY,RECOMBINATION_WEIGHTED_AUDITOR,7.717779649582518e-07,1.5435559299165037e-06,True
2,1,MASS,LOCAL_NEUTRAL_HAZARD_PRIMARY,SCRIPT_SELF_SHIELDING_AUDITOR,1.1666623211288805e-06,2.333324642257761e-06,True
2,1,MASS,RECOMBINATION_WEIGHTED_AUDITOR,SCRIPT_SELF_SHIELDING_AUDITOR,3.992990164191038e-07,7.985980328382076e-07,True
2,1,G1_CURRENT,LOCAL_NEUTRAL_HAZARD_PRIMARY,RECOMBINATION_WEIGHTED_AUDITOR,3.071917449148226e-16,6.143834898296452e-16,True
2,1,G1_CURRENT,LOCAL_NEUTRAL_HAZARD_PRIMARY,SCRIPT_SELF_SHIELDING_AUDITOR,4.716990957987638e-16,9.433981915975276e-16,True
2,1,G1_CURRENT,RECOMBINATION_WEIGHTED_AUDITOR,SCRIPT_SELF_SHIELDING_AUDITOR,3.397347507483328e-16,6.794695014966656e-16,True
2,1,G2a_CURRENT,LOCAL_NEUTRAL_HAZARD_PRIMARY,RECOMBINATION_WEIGHTED_AUDITOR,2.4041199096875567e-06,4.808239819375113e-06,True
2,1,G2a_CURRENT,LOCAL_NEUTRAL_HAZARD_PRIMARY,SCRIPT_SELF_SHIELDING_AUDITOR,3.6342008207779353e-06,7.2684016415558705e-06,True
2,1,G2a_CURRENT,RECOMBINATION_WEIGHTED_AUDITOR,SCRIPT_SELF_SHIELDING_AUDITOR,1.2438327582860874e-06,2.4876655165721748e-06,True
2,1,G1_OPACITY,LOCAL_NEUTRAL_HAZARD_PRIMARY,RECOMBINATION_WEIGHTED_AUDITOR,1.1002957984833361e-16,2.2005915969666723e-16,True
2,1,G1_OPACITY,LOCAL_NEUTRAL_HAZARD_PRIMARY,SCRIPT_SELF_SHIELDING_AUDITOR,3.6577762574461353e-16,7.315552514892271e-16,True
2,1,G1_OPACITY,RECOMBINATION_WEIGHTED_AUDITOR,SCRIPT_SELF_SHIELDING_AUDITOR,2.5675770916940704e-16,5.135154183388141e-16,True
2,1,G2a_OPACITY,LOCAL_NEUTRAL_HAZARD_PRIMARY,RECOMBINATION_WEIGHTED_AUDITOR,2.4041199077942593e-06,4.808239815588519e-06,True
2,1,G2a_OPACITY,LOCAL_NEUTRAL_HAZARD_PRIMARY,SCRIPT_SELF_SHIELDING_AUDITOR,3.6342008184527646e-06,7.268401636905529e-06,True
2,1,G2a_OPACITY,RECOMBINATION_WEIGHTED_AUDITOR,SCRIPT_SELF_SHIELDING_AUDITOR,1.243832758801373e-06,2.487665517602746e-06,True
2,2,MASS,LOCAL_NEUTRAL_HAZARD_PRIMARY,RECOMBINATION_WEIGHTED_AUDITOR,8.050808891712901e-07,1.6101617783425803e-06,True
2,2,MASS,LOCAL_NEUTRAL_HAZARD_PRIMARY,SCRIPT_SELF_SHIELDING_AUDITOR,1.2170048658621081e-06,2.4340097317242163e-06,True
2,2,MASS,RECOMBINATION_WEIGHTED_AUDITOR,SCRIPT_SELF_SHIELDING_AUDITOR,4.165291335681811e-07,8.330582671363622e-07,True
2,2,G1_CURRENT,LOCAL_NEUTRAL_HAZARD_PRIMARY,RECOMBINATION_WEIGHTED_AUDITOR,2.86295442106059e-16,5.72590884212118e-16,True
2,2,G1_CURRENT,LOCAL_NEUTRAL_HAZARD_PRIMARY,SCRIPT_SELF_SHIELDING_AUDITOR,2.721703206776463e-16,5.443406413552926e-16,True
2,2,G1_CURRENT,RECOMBINATION_WEIGHTED_AUDITOR,SCRIPT_SELF_SHIELDING_AUDITOR,3.2422049528642305e-16,6.484409905728461e-16,True
2,2,G2a_CURRENT,LOCAL_NEUTRAL_HAZARD_PRIMARY,RECOMBINATION_WEIGHTED_AUDITOR,2.404119909520793e-06,4.808239819041586e-06,True
2,2,G2a_CURRENT,LOCAL_NEUTRAL_HAZARD_PRIMARY,SCRIPT_SELF_SHIELDING_AUDITOR,3.63420082072444e-06,7.26840164144888e-06,True
2,2,G2a_CURRENT,RECOMBINATION_WEIGHTED_AUDITOR,SCRIPT_SELF_SHIELDING_AUDITOR,1.2438327583889477e-06,2.4876655167778953e-06,True
2,2,G1_OPACITY,LOCAL_NEUTRAL_HAZARD_PRIMARY,RECOMBINATION_WEIGHTED_AUDITOR,1.3477818850120976e-16,2.695563770024195e-16,True
2,2,G1_OPACITY,LOCAL_NEUTRAL_HAZARD_PRIMARY,SCRIPT_SELF_SHIELDING_AUDITOR,2.456395547037471e-19,4.912791094074942e-19,True
2,2,G1_OPACITY,RECOMBINATION_WEIGHTED_AUDITOR,SCRIPT_SELF_SHIELDING_AUDITOR,1.3453254894650601e-16,2.6906509789301203e-16,True
2,2,G2a_OPACITY,LOCAL_NEUTRAL_HAZARD_PRIMARY,RECOMBINATION_WEIGHTED_AUDITOR,2.404119906062424e-06,4.808239812124848e-06,True
2,2,G2a_OPACITY,LOCAL_NEUTRAL_HAZARD_PRIMARY,SCRIPT_SELF_SHIELDING_AUDITOR,3.6342008165490953e-06,7.268401633098191e-06,True
2,2,G2a_OPACITY,RECOMBINATION_WEIGHTED_AUDITOR,SCRIPT_SELF_SHIELDING_AUDITOR,1.243832760461407e-06,2.487665520922814e-06,True
3,1,MASS,LOCAL_NEUTRAL_HAZARD_PRIMARY,RECOMBINATION_WEIGHTED_AUDITOR,7.995478550848458e-07,1.5990957101696916e-06,True
3,1,MASS,LOCAL_NEUTRAL_HAZARD_PRIMARY,SCRIPT_SELF_SHIELDING_AUDITOR,1.113412530662892e-06,2.226825061325784e-06,True
3,1,MASS,RECOMBINATION_WEIGHTED_AUDITOR,SCRIPT_SELF_SHIELDING_AUDITOR,3.644124659758608e-07,7.288249319517216e-07,True
3,1,G1_CURRENT,LOCAL_NEUTRAL_HAZARD_PRIMARY,RECOMBINATION_WEIGHTED_AUDITOR,3.554912576331573e-16,7.109825152663146e-16,True
3,1,G1_CURRENT,LOCAL_NEUTRAL_HAZARD_PRIMARY,SCRIPT_SELF_SHIELDING_AUDITOR,3.0019525277050207e-16,6.003905055410041e-16,True
3,1,G1_CURRENT,RECOMBINATION_WEIGHTED_AUDITOR,SCRIPT_SELF_SHIELDING_AUDITOR,4.692952162944561e-16,9.385904325889122e-16,True
3,1,G2a_CURRENT,LOCAL_NEUTRAL_HAZARD_PRIMARY,RECOMBINATION_WEIGHTED_AUDITOR,2.724414721790076e-06,5.448829443580152e-06,True
3,1,G2a_CURRENT,LOCAL_NEUTRAL_HAZARD_PRIMARY,SCRIPT_SELF_SHIELDING_AUDITOR,3.793891097843083e-06,7.587782195686166e-06,True
3,1,G2a_CURRENT,RECOMBINATION_WEIGHTED_AUDITOR,SCRIPT_SELF_SHIELDING_AUDITOR,1.2417151525720693e-06,2.4834303051441387e-06,True
3,1,G1_OPACITY,LOCAL_NEUTRAL_HAZARD_PRIMARY,RECOMBINATION_WEIGHTED_AUDITOR,1.1722935989999517e-18,2.3445871979999033e-18,True
3,1,G1_OPACITY,LOCAL_NEUTRAL_HAZARD_PRIMARY,SCRIPT_SELF_SHIELDING_AUDITOR,1.664572207285206e-16,3.329144414570412e-16,True
3,1,G1_OPACITY,RECOMBINATION_WEIGHTED_AUDITOR,SCRIPT_SELF_SHIELDING_AUDITOR,1.6718228093137028e-16,3.3436456186274055e-16,True
3,1,G2a_OPACITY,LOCAL_NEUTRAL_HAZARD_PRIMARY,RECOMBINATION_WEIGHTED_AUDITOR,2.7244147201643343e-06,5.448829440328669e-06,True
3,1,G2a_OPACITY,LOCAL_NEUTRAL_HAZARD_PRIMARY,SCRIPT_SELF_SHIELDING_AUDITOR,3.7938911022329378e-06,7.5877822044658756e-06,True
3,1,G2a_OPACITY,RECOMBINATION_WEIGHTED_AUDITOR,SCRIPT_SELF_SHIELDING_AUDITOR,1.2417151574219318e-06,2.4834303148438636e-06,True
3,2,MASS,LOCAL_NEUTRAL_HAZARD_PRIMARY,RECOMBINATION_WEIGHTED_AUDITOR,7.918012003516041e-07,1.5836024007032082e-06,True
3,2,MASS,LOCAL_NEUTRAL_HAZARD_PRIMARY,SCRIPT_SELF_SHIELDING_AUDITOR,1.102624905842942e-06,2.205249811685884e-06,True
3,2,MASS,RECOMBINATION_WEIGHTED_AUDITOR,SCRIPT_SELF_SHIELDING_AUDITOR,3.608817486463925e-07,7.21763497292785e-07,True
3,2,G1_CURRENT,LOCAL_NEUTRAL_HAZARD_PRIMARY,RECOMBINATION_WEIGHTED_AUDITOR,2.9786591216555275e-16,5.957318243311055e-16,True
3,2,G1_CURRENT,LOCAL_NEUTRAL_HAZARD_PRIMARY,SCRIPT_SELF_SHIELDING_AUDITOR,1.8936268568817138e-16,3.7872537137634277e-16,True
3,2,G1_CURRENT,RECOMBINATION_WEIGHTED_AUDITOR,SCRIPT_SELF_SHIELDING_AUDITOR,3.993946693552422e-16,7.987893387104844e-16,True
3,2,G2a_CURRENT,LOCAL_NEUTRAL_HAZARD_PRIMARY,RECOMBINATION_WEIGHTED_AUDITOR,2.724414721718212e-06,5.448829443436424e-06,True
3,2,G2a_CURRENT,LOCAL_NEUTRAL_HAZARD_PRIMARY,SCRIPT_SELF_SHIELDING_AUDITOR,3.7938910976838457e-06,7.587782195367691e-06,True
3,2,G2a_CURRENT,RECOMBINATION_WEIGHTED_AUDITOR,SCRIPT_SELF_SHIELDING_AUDITOR,1.2417151524846962e-06,2.4834303049693924e-06,True
3,2,G1_OPACITY,LOCAL_NEUTRAL_HAZARD_PRIMARY,RECOMBINATION_WEIGHTED_AUDITOR,1.1316360175317453e-18,2.2632720350634905e-18,True
3,2,G1_OPACITY,LOCAL_NEUTRAL_HAZARD_PRIMARY,SCRIPT_SELF_SHIELDING_AUDITOR,1.1615701618877122e-16,2.3231403237754245e-16,True
3,2,G1_OPACITY,RECOMBINATION_WEIGHTED_AUDITOR,SCRIPT_SELF_SHIELDING_AUDITOR,1.164077379411585e-16,2.32815475882317e-16,True
3,2,G2a_OPACITY,LOCAL_NEUTRAL_HAZARD_PRIMARY,RECOMBINATION_WEIGHTED_AUDITOR,2.7244147202895664e-06,5.448829440579133e-06,True
3,2,G2a_OPACITY,LOCAL_NEUTRAL_HAZARD_PRIMARY,SCRIPT_SELF_SHIELDING_AUDITOR,3.7938910960797237e-06,7.587782192159447e-06,True
3,2,G2a_OPACITY,RECOMBINATION_WEIGHTED_AUDITOR,SCRIPT_SELF_SHIELDING_AUDITOR,1.2417151508936854e-06,2.483430301787371e-06,True
4,1,MASS,LOCAL_NEUTRAL_HAZARD_PRIMARY,RECOMBINATION_WEIGHTED_AUDITOR,6.651743930209621e-07,1.3303487860419243e-06,True
4,1,MASS,LOCAL_NEUTRAL_HAZARD_PRIMARY,SCRIPT_SELF_SHIELDING_AUDITOR,9.85569743280232e-07,1.971139486560464e-06,True
4,1,MASS,RECOMBINATION_WEIGHTED_AUDITOR,SCRIPT_SELF_SHIELDING_AUDITOR,3.391201570893425e-07,6.78240314178685e-07,True
4,1,G1_CURRENT,LOCAL_NEUTRAL_HAZARD_PRIMARY,RECOMBINATION_WEIGHTED_AUDITOR,3.1681403919563145e-16,6.336280783912629e-16,True
4,1,G1_CURRENT,LOCAL_NEUTRAL_HAZARD_PRIMARY,SCRIPT_SELF_SHIELDING_AUDITOR,2.3670505117610874e-16,4.734101023522175e-16,True
4,1,G1_CURRENT,RECOMBINATION_WEIGHTED_AUDITOR,SCRIPT_SELF_SHIELDING_AUDITOR,4.456341979458545e-16,8.91268395891709e-16,True
4,1,G2a_CURRENT,LOCAL_NEUTRAL_HAZARD_PRIMARY,RECOMBINATION_WEIGHTED_AUDITOR,2.50196760685209e-06,5.00393521370418e-06,True
4,1,G2a_CURRENT,LOCAL_NEUTRAL_HAZARD_PRIMARY,SCRIPT_SELF_SHIELDING_AUDITOR,3.7070933548948876e-06,7.414186709789775e-06,True
4,1,G2a_CURRENT,RECOMBINATION_WEIGHTED_AUDITOR,SCRIPT_SELF_SHIELDING_AUDITOR,1.2755566913060947e-06,2.5511133826121893e-06,True
4,1,G1_OPACITY,LOCAL_NEUTRAL_HAZARD_PRIMARY,RECOMBINATION_WEIGHTED_AUDITOR,1.2855080227299615e-16,2.571016045459923e-16,True
4,1,G1_OPACITY,LOCAL_NEUTRAL_HAZARD_PRIMARY,SCRIPT_SELF_SHIELDING_AUDITOR,3.0275329227121006e-16,6.055065845424201e-16,True
4,1,G1_OPACITY,RECOMBINATION_WEIGHTED_AUDITOR,SCRIPT_SELF_SHIELDING_AUDITOR,4.311482404819114e-16,8.622964809638228e-16,True
4,1,G2a_OPACITY,LOCAL_NEUTRAL_HAZARD_PRIMARY,RECOMBINATION_WEIGHTED_AUDITOR,2.5019676019605142e-06,5.0039352039210284e-06,True
4,1,G2a_OPACITY,LOCAL_NEUTRAL_HAZARD_PRIMARY,SCRIPT_SELF_SHIELDING_AUDITOR,3.707093351092286e-06,7.414186702184572e-06,True
4,1,G2a_OPACITY,RECOMBINATION_WEIGHTED_AUDITOR,SCRIPT_SELF_SHIELDING_AUDITOR,1.2755566840441102e-06,2.5511133680882204e-06,True
4,2,MASS,LOCAL_NEUTRAL_HAZARD_PRIMARY,RECOMBINATION_WEIGHTED_AUDITOR,6.524480035590998e-07,1.3048960071181996e-06,True
4,2,MASS,LOCAL_NEUTRAL_HAZARD_PRIMARY,SCRIPT_SELF_SHIELDING_AUDITOR,9.667134186584256e-07,1.933426837316851e-06,True
4,2,MASS,RECOMBINATION_WEIGHTED_AUDITOR,SCRIPT_SELF_SHIELDING_AUDITOR,3.3263197117047897e-07,6.652639423409579e-07,True
4,2,G1_CURRENT,LOCAL_NEUTRAL_HAZARD_PRIMARY,RECOMBINATION_WEIGHTED_AUDITOR,3.4516084380844386e-16,6.903216876168877e-16,True
4,2,G1_CURRENT,LOCAL_NEUTRAL_HAZARD_PRIMARY,SCRIPT_SELF_SHIELDING_AUDITOR,2.3117223196464365e-16,4.623444639292873e-16,True
4,2,G1_CURRENT,RECOMBINATION_WEIGHTED_AUDITOR,SCRIPT_SELF_SHIELDING_AUDITOR,3.784526267673269e-16,7.569052535346538e-16,True
4,2,G2a_CURRENT,LOCAL_NEUTRAL_HAZARD_PRIMARY,RECOMBINATION_WEIGHTED_AUDITOR,2.501967606852576e-06,5.003935213705152e-06,True
4,2,G2a_CURRENT,LOCAL_NEUTRAL_HAZARD_PRIMARY,SCRIPT_SELF_SHIELDING_AUDITOR,3.7070933548622184e-06,7.414186709724437e-06,True
4,2,G2a_CURRENT,RECOMBINATION_WEIGHTED_AUDITOR,SCRIPT_SELF_SHIELDING_AUDITOR,1.275556691377023e-06,2.551113382754046e-06,True
4,2,G1_OPACITY,LOCAL_NEUTRAL_HAZARD_PRIMARY,RECOMBINATION_WEIGHTED_AUDITOR,1.4233372239071812e-16,2.8466744478143624e-16,True
4,2,G1_OPACITY,LOCAL_NEUTRAL_HAZARD_PRIMARY,SCRIPT_SELF_SHIELDING_AUDITOR,1.2914711346786317e-16,2.5829422693572635e-16,True
4,2,G1_OPACITY,RECOMBINATION_WEIGHTED_AUDITOR,SCRIPT_SELF_SHIELDING_AUDITOR,2.7111830575715645e-16,5.422366115143129e-16,True
4,2,G2a_OPACITY,LOCAL_NEUTRAL_HAZARD_PRIMARY,RECOMBINATION_WEIGHTED_AUDITOR,2.5019676084285874e-06,5.003935216857175e-06,True
4,2,G2a_OPACITY,LOCAL_NEUTRAL_HAZARD_PRIMARY,SCRIPT_SELF_SHIELDING_AUDITOR,3.7070933532428117e-06,7.414186706485623e-06,True
4,2,G2a_OPACITY,RECOMBINATION_WEIGHTED_AUDITOR,SCRIPT_SELF_SHIELDING_AUDITOR,1.2755566861901423e-06,2.5511133723802846e-06,True
