shape_lane,interval_index,substep,macro_index,KL_photon,TV_G1,TV_G2a,KL_bernoulli,KL_thermal
LOCAL_NEUTRAL_HAZARD_PRIMARY,0,1,0,1.7267030222362565e+49,0.3672789828503904,0.3692282477421742,0.03288555396909268,2.688286793581342e+66
LOCAL_NEUTRAL_HAZARD_PRIMARY,0,1,1,1.547718089718142e+48,0.3655855441590879,0.3610138127694967,0.03288555396909215,2.4460103719522213e+65
LOCAL_NEUTRAL_HAZARD_PRIMARY,0,1,2,7.151591766395492e+47,0.36536703547250515,0.3587525885359938,0.03288555396909193,1.1325901113630996e+65
LOCAL_NEUTRAL_HAZARD_PRIMARY,0,1,3,3.4945809705084152e+47,0.36535407373478923,0.3579846621284343,0.03288555396909193,5.535164909431724e+64
LOCAL_NEUTRAL_HAZARD_PRIMARY,0,1,4,3.7556363405049934e+46,0.3654426378569518,0.3575479102391451,0.03288555396909172,5.9441470603942256e+63
LOCAL_NEUTRAL_HAZARD_PRIMARY,0,1,5,9.546823916038138e+44,0.3654280635667736,0.35716704541432803,0.03288555396909215,1.51122980778438e+62
LOCAL_NEUTRAL_HAZARD_PRIMARY,0,1,6,1.7634267644602456e+49,0.34330700630993327,0.3463092875371893,0.030896525799013915,3.1593239196526697e+66
LOCAL_NEUTRAL_HAZARD_PRIMARY,0,1,7,1.218263229761705e+49,0.34248351772781915,0.343249035760701,0.030896525799013114,2.199151065995751e+66
LOCAL_NEUTRAL_HAZARD_PRIMARY,0,1,8,5.329105737450877e+48,0.34218443049625225,0.34175403124029574,0.030896525799012427,9.646804484346258e+65
LOCAL_NEUTRAL_HAZARD_PRIMARY,0,1,9,2.4569876309924692e+48,0.34205350377723914,0.34100007144200317,0.030896525799012767,4.45314448986424e+65
LOCAL_NEUTRAL_HAZARD_PRIMARY,0,1,10,2.347486031969442e+47,0.34193335032659156,0.34013355812487234,0.030896525799012614,4.259638391365259e+64
LOCAL_NEUTRAL_HAZARD_PRIMARY,0,1,11,5.987694640583663e+45,0.34190352106984934,0.33986833354373125,0.030896525799013398,1.0868263036522186e+63
LOCAL_NEUTRAL_HAZARD_PRIMARY,0,1,12,1.3933996803954686e+49,0.29439427374089455,0.3019964666115541,0.02777316900851158,3.411251471897666e+66
LOCAL_NEUTRAL_HAZARD_PRIMARY,0,1,13,3.893530161039012e+48,0.29332090156872936,0.2998563299390635,0.02777316900851158,9.629610733705769e+65
LOCAL_NEUTRAL_HAZARD_PRIMARY,0,1,14,1.4711600810143462e+48,0.29297927080951697,0.29883152019598946,0.02777316900851158,3.6505446497199713e+65
LOCAL_NEUTRAL_HAZARD_PRIMARY,0,1,15,8.83068648427122e+47,0.29301740970773116,0.2991946039708851,0.02777316900851147,2.1906488245053295e+65
LOCAL_NEUTRAL_HAZARD_PRIMARY,0,1,16,8.831453988138142e+46,0.292900518709259,0.299008364895895,0.027773169008511296,2.1938033172878127e+64
LOCAL_NEUTRAL_HAZARD_PRIMARY,0,1,17,2.3610627082024033e+45,0.2929277131458745,0.2991056765412573,0.02777316900851158,5.863166657072225e+62
LOCAL_NEUTRAL_HAZARD_PRIMARY,0,2,0,1.7435662111104845e+49,0.36713489373622105,0.3690916306576528,0.03284221579329173,2.7015246973059144e+66
LOCAL_NEUTRAL_HAZARD_PRIMARY,0,2,1,1.562912906175786e+48,0.3654493185612523,0.3608702491744038,0.03284221579329154,2.4581834814628263e+65
LOCAL_NEUTRAL_HAZARD_PRIMARY,0,2,2,7.221860743673408e+47,0.3652312277345854,0.35860977755161705,0.032842215793290566,1.1382359302457514e+65
LOCAL_NEUTRAL_HAZARD_PRIMARY,0,2,3,3.528935069746159e+47,0.3652182640834154,0.35784210894016777,0.03284221579329152,5.562785467893605e+64
LOCAL_NEUTRAL_HAZARD_PRIMARY,0,2,4,3.7925835799609715e+46,0.3653038037803774,0.3574055075842528,0.032842215793290566,5.973852067334541e+63
LOCAL_NEUTRAL_HAZARD_PRIMARY,0,2,5,9.640755537983375e+44,0.36528933690168536,0.35702477007813016,0.032842215793290566,1.5187838450811633e+62
LOCAL_NEUTRAL_HAZARD_PRIMARY,0,2,6,1.7803705705066737e+49,0.3431611243959869,0.3461643806267912,0.03085533139833361,3.1749111455517575e+66
LOCAL_NEUTRAL_HAZARD_PRIMARY,0,2,7,1.2299971707376174e+49,0.3423377495228845,0.3431034612410503,0.03085533139833367,2.2100566388995204e+66
LOCAL_NEUTRAL_HAZARD_PRIMARY,0,2,8,5.380477300698279e+48,0.3420387097515849,0.34160432628725257,0.03085533139833361,9.694727404132236e+65
LOCAL_NEUTRAL_HAZARD_PRIMARY,0,2,9,2.4806867444777598e+48,0.3419077980911116,0.3408433799575379,0.030855331398334004,4.475294303697665e+65
LOCAL_NEUTRAL_HAZARD_PRIMARY,0,2,10,2.370148065890399e+47,0.341787652257178,0.33997716448871107,0.030855331398334955,4.280862788352508e+64
LOCAL_NEUTRAL_HAZARD_PRIMARY,0,2,11,6.045509877298497e+45,0.34175782575380625,0.3397120335046654,0.03085533139833367,1.0922438306179024e+63
LOCAL_NEUTRAL_HAZARD_PRIMARY,0,2,12,1.4064042649567392e+49,0.2942262444809637,0.30182582822321835,0.02773534860232777,3.4280470279089606e+66
LOCAL_NEUTRAL_HAZARD_PRIMARY,0,2,13,3.929899800841604e+48,0.2931530034041118,0.2996863584690426,0.02773534860232762,9.677153531313884e+65
LOCAL_NEUTRAL_HAZARD_PRIMARY,0,2,14,1.4849026594439502e+48,0.29281144867318876,0.29866196266038214,0.02773534860232771,3.6685721418455615e+65
LOCAL_NEUTRAL_HAZARD_PRIMARY,0,2,15,8.913205513228415e+47,0.2928495454438702,0.29902484585156686,0.02773534860232777,2.201475893729928e+65
LOCAL_NEUTRAL_HAZARD_PRIMARY,0,2,16,8.91401519746942e+46,0.29273265167855445,0.298838638145751,0.02773534860232852,2.2046571845980282e+64
LOCAL_NEUTRAL_HAZARD_PRIMARY,0,2,17,2.3831338838391066e+45,0.2927598407834131,0.2989359105304013,0.027735348602328555,5.89217083996295e+62
LOCAL_NEUTRAL_HAZARD_PRIMARY,1,1,0,1.1133412049711622e+49,0.3638856629760504,0.366357139019742,0.03754684204751124,1.7674664410238712e+66
LOCAL_NEUTRAL_HAZARD_PRIMARY,1,1,1,1.6520014154054866e+48,0.3617668700643416,0.3572613987343757,0.03754684204751174,2.675964232493098e+65
LOCAL_NEUTRAL_HAZARD_PRIMARY,1,1,2,7.93975891848582e+47,0.3615090664014431,0.3552862922350518,0.03754684204751124,1.2894264486744504e+65
LOCAL_NEUTRAL_HAZARD_PRIMARY,1,1,3,3.874153859483468e+47,0.3614728376115782,0.3545672129509989,0.037546842047511235,6.294240738109741e+64
LOCAL_NEUTRAL_HAZARD_PRIMARY,1,1,4,4.063027026865509e+46,0.3615397861810367,0.3539226099379629,0.03754684204751111,6.597619464593657e+63
LOCAL_NEUTRAL_HAZARD_PRIMARY,1,1,5,1.0352274971161206e+45,0.36151694178584015,0.3535944761971258,0.037546842047510284,1.6814384251038785e+62
LOCAL_NEUTRAL_HAZARD_PRIMARY,1,1,6,1.8151657886150277e+49,0.34004981802199663,0.34387137430292264,0.03522517713471678,3.3141470703259712e+66
LOCAL_NEUTRAL_HAZARD_PRIMARY,1,1,7,1.3055928479789048e+49,0.33897462114765553,0.34093732251441605,0.035225177134717026,2.408467109776186e+66
LOCAL_NEUTRAL_HAZARD_PRIMARY,1,1,8,5.8181689536281214e+48,0.3385665889295104,0.33949394814042755,0.03522517713471662,1.0776342427364913e+66
LOCAL_NEUTRAL_HAZARD_PRIMARY,1,1,9,2.7135347804703833e+48,0.3384092984398272,0.33886223777970415,0.03522517713471767,5.03401036324366e+65
LOCAL_NEUTRAL_HAZARD_PRIMARY,1,1,10,2.551862401573736e+47,0.3382234967894381,0.3379543010924229,0.03522517713471675,4.743439949248665e+64
LOCAL_NEUTRAL_HAZARD_PRIMARY,1,1,11,6.522119177410885e+45,0.33818609201889205,0.3377223230390186,0.03522517713471678,1.2128568023057529e+63
LOCAL_NEUTRAL_HAZARD_PRIMARY,1,1,12,1.029240528472386e+49,0.28785938403955397,0.29689585482094466,0.03155326084994661,2.611797054070177e+66
LOCAL_NEUTRAL_HAZARD_PRIMARY,1,1,13,3.9752653539104976e+48,0.28652444829342105,0.2946621236562007,0.03155326084994674,1.0223918175328503e+66
LOCAL_NEUTRAL_HAZARD_PRIMARY,1,1,14,1.1011102366888287e+48,0.28564274908031434,0.2924912630951101,0.03155326084994674,2.8564923831153697e+65
LOCAL_NEUTRAL_HAZARD_PRIMARY,1,1,15,9.135473596879855e+47,0.28612107995337577,0.29396447751478405,0.03155326084994674,2.359742616418821e+65
LOCAL_NEUTRAL_HAZARD_PRIMARY,1,1,16,9.106188159317198e+46,0.28598128177066356,0.2937769280176765,0.03155326084994674,2.356428817759151e+64
LOCAL_NEUTRAL_HAZARD_PRIMARY,1,1,17,2.4237999986226077e+45,0.28599559183723033,0.29384318071656435,0.03155326084994674,6.270938266400779e+62
LOCAL_NEUTRAL_HAZARD_PRIMARY,1,2,0,1.164033911367397e+49,0.3688055914218068,0.37129428642881257,0.039728798235070736,1.9195610676598655e+66
LOCAL_NEUTRAL_HAZARD_PRIMARY,1,2,1,1.7227131087518467e+48,0.36667547367194897,0.3623090743851618,0.03972879823507009,2.8985288367114883e+65
LOCAL_NEUTRAL_HAZARD_PRIMARY,1,2,2,8.276360769706538e+47,0.3664158417738117,0.3605980066516636,0.03972879823507171,1.3961224292114318e+65
LOCAL_NEUTRAL_HAZARD_PRIMARY,1,2,3,4.037279944508546e+47,0.3663792985221763,0.35999800132036197,0.03972879823507121,6.813159525119712e+64
LOCAL_NEUTRAL_HAZARD_PRIMARY,1,2,4,4.232104542711774e+46,0.36644664229540547,0.3594734686580821,0.039728798235071305,7.138104636325117e+63
LOCAL_NEUTRAL_HAZARD_PRIMARY,1,2,5,1.078239530670124e+45,0.3664236185003128,0.35918767794620887,0.03972879823507166,1.819069890224277e+62
LOCAL_NEUTRAL_HAZARD_PRIMARY,1,2,6,1.9097209078944847e+49,0.34582623103917004,0.34968174974899213,0.037297475007493294,3.598584757141722e+66
LOCAL_NEUTRAL_HAZARD_PRIMARY,1,2,7,1.3719295747769503e+49,0.3447476072169251,0.3467110903662018,0.03729747500749136,2.6117093195442957e+66
LOCAL_NEUTRAL_HAZARD_PRIMARY,1,2,8,6.110525270389495e+48,0.3443378912418275,0.34524798203321116,0.03729747500749242,1.1679033204800036e+66
LOCAL_NEUTRAL_HAZARD_PRIMARY,1,2,9,2.8490352215845585e+48,0.3441800329776623,0.34460770751676073,0.03729747500749249,5.453948915957088e+65
LOCAL_NEUTRAL_HAZARD_PRIMARY,1,2,10,2.678063789608565e+47,0.3439936166883053,0.3436870364780935,0.03729747500749251,5.1366435283233784e+64
LOCAL_NEUTRAL_HAZARD_PRIMARY,1,2,11,6.843956811007194e+45,0.34395606565767156,0.3434516885660569,0.03729747500749277,1.3132521883603506e+63
LOCAL_NEUTRAL_HAZARD_PRIMARY,1,2,12,1.095955557551668e+49,0.2947955266118777,0.30395337905564046,0.0334517034581951,2.8373420574722634e+66
LOCAL_NEUTRAL_HAZARD_PRIMARY,1,2,13,4.2312919457903836e+48,0.29345735636673287,0.30169915526564056,0.033451703458195516,1.109942534855328e+66
LOCAL_NEUTRAL_HAZARD_PRIMARY,1,2,14,1.1721262260798166e+48,0.29257005155590754,0.29949705544404553,0.0334517034581951,3.1011625930958673e+65
LOCAL_NEUTRAL_HAZARD_PRIMARY,1,2,15,9.72192105702982e+47,0.2930532898405661,0.30099550283257515,0.03345170345819583,2.561057310754979e+65
LOCAL_NEUTRAL_HAZARD_PRIMARY,1,2,16,9.689009403314874e+46,0.2929139023773446,0.30080793710288234,0.0334517034581951,2.5568523783963186e+64
LOCAL_NEUTRAL_HAZARD_PRIMARY,1,2,17,2.5789343383873036e+45,0.2929283889113823,0.30087534617400125,0.03345170345819548,6.804306553170626e+62
LOCAL_NEUTRAL_HAZARD_PRIMARY,2,1,0,6.812954822809174e+48,0.3486523780259291,0.353040138332787,0.04432103415291884,1.2222037949362331e+65
LOCAL_NEUTRAL_HAZARD_PRIMARY,2,1,1,2.293331413717952e+48,0.34721709946972035,0.3491394536690172,0.044321034152918645,4.1737843706890396e+64
LOCAL_NEUTRAL_HAZARD_PRIMARY,2,1,2,1.1405761402556525e+48,0.34700032812945036,0.3482813451140192,0.044321034152919526,2.0806466774290174e+64
LOCAL_NEUTRAL_HAZARD_PRIMARY,2,1,3,5.717585728992802e+47,0.34693979016455045,0.348036022495328,0.04432103415291948,1.0437762470648645e+64
LOCAL_NEUTRAL_HAZARD_PRIMARY,2,1,4,5.706526113035926e+46,0.34683561853590006,0.3474893876468479,0.044321034152918506,1.0431230811616799e+63
LOCAL_NEUTRAL_HAZARD_PRIMARY,2,1,5,1.450417837442958e+45,0.3468044057679697,0.3473125892438523,0.044321034152918506,2.6522034223066197e+61
LOCAL_NEUTRAL_HAZARD_PRIMARY,2,1,6,1.974035552989164e+49,0.3235363259699673,0.3309033938521623,0.04135262599559435,4.097323927089522e+65
LOCAL_NEUTRAL_HAZARD_PRIMARY,2,1,7,1.7335627096243966e+49,0.32263905966346296,0.3294332807426049,0.04135262599559432,3.632157497573682e+65
LOCAL_NEUTRAL_HAZARD_PRIMARY,2,1,8,7.883094838747963e+48,0.32221039914574345,0.3286420259364783,0.04135262599559531,1.659504710283173e+65
LOCAL_NEUTRAL_HAZARD_PRIMARY,2,1,9,3.7168823306074963e+48,0.32202385317248283,0.3283095222151362,0.041352625995594104,7.84109507213143e+64
LOCAL_NEUTRAL_HAZARD_PRIMARY,2,1,10,3.4602970786806752e+47,0.3217580711741774,0.32777857549350164,0.04135262599559482,7.322710241982055e+63
LOCAL_NEUTRAL_HAZARD_PRIMARY,2,1,11,8.783477537369377e+45,0.3217042928165036,0.32763861114074,0.04135262599559407,1.8600190445228629e+62
LOCAL_NEUTRAL_HAZARD_PRIMARY,2,1,12,7.354254847690439e+48,0.2636395277046821,0.27987234752823786,0.0366265087565539,2.2586992323107943e+65
LOCAL_NEUTRAL_HAZARD_PRIMARY,2,1,13,4.68375879286678e+48,0.26250580894996156,0.2785003784364437,0.03662650875655328,1.456704611246575e+65
LOCAL_NEUTRAL_HAZARD_PRIMARY,2,1,14,8.83502135764641e+47,0.26169505231388984,0.276331207259948,0.036626508756553273,2.7716951503625625e+64
LOCAL_NEUTRAL_HAZARD_PRIMARY,2,1,15,1.0772698227658119e+48,0.2619145131462446,0.2778136946780419,0.03662650875655328,3.374844776799629e+64
LOCAL_NEUTRAL_HAZARD_PRIMARY,2,1,16,1.0705151071658848e+47,0.26171569191957206,0.2776085143022158,0.036626508756553745,3.36274238269915e+63
LOCAL_NEUTRAL_HAZARD_PRIMARY,2,1,17,2.82816586139287e+45,0.26167845632568437,0.27759917791269484,0.0366265087565541,8.887736506397255e+61
LOCAL_NEUTRAL_HAZARD_PRIMARY,2,2,0,7.349715986875754e+48,0.36044230285165846,0.3649062341207173,0.05213596002308392,3.7226958557461815e+64
LOCAL_NEUTRAL_HAZARD_PRIMARY,2,2,1,2.4582837673639705e+48,0.3589932228058779,0.3609004441673832,0.05213596002308392,1.2630496450901703e+64
LOCAL_NEUTRAL_HAZARD_PRIMARY,2,2,2,1.2210705249103889e+48,0.35877346204494887,0.36001631716876425,0.052135960023084724,6.288325641555058e+63
LOCAL_NEUTRAL_HAZARD_PRIMARY,2,2,3,6.1157531893919004e+47,0.35871270494228535,0.3597639433458654,0.05213596002308392,3.1517707319922225e+63
LOCAL_NEUTRAL_HAZARD_PRIMARY,2,2,4,6.095245589597428e+46,0.3586078066340533,0.3592007028088939,0.05213596002308479,3.1452242182773837e+62
LOCAL_NEUTRAL_HAZARD_PRIMARY,2,2,5,1.548949611094828e+45,0.358576039916996,0.35901823958117685,0.052135960023085126,7.99554343877685e+60
LOCAL_NEUTRAL_HAZARD_PRIMARY,2,2,6,2.165548298959376e+49,0.3375505024412847,0.34496358129343807,0.048750730685095674,1.2486620078773288e+65
LOCAL_NEUTRAL_HAZARD_PRIMARY,2,2,7,1.8958435717705833e+49,0.33665418592425156,0.34353147230084086,0.04875073068509553,1.1030960235355145e+65
LOCAL_NEUTRAL_HAZARD_PRIMARY,2,2,8,8.606130648020104e+48,0.3362254797016997,0.34275079756351257,0.048750730685095674,5.0304313677899965e+64
LOCAL_NEUTRAL_HAZARD_PRIMARY,2,2,9,4.054277313053324e+48,0.33603911280163745,0.34242448346113885,0.048750730685095674,2.3746094645598555e+64
LOCAL_NEUTRAL_HAZARD_PRIMARY,2,2,10,3.7693548359522425e+47,0.3357734092260492,0.34188978243759693,0.048750730685095035,2.2144107496915605e+63
LOCAL_NEUTRAL_HAZARD_PRIMARY,2,2,11,9.565263813683087e+45,0.3357195153894696,0.34174781265947296,0.048750730685095695,5.623056077335608e+61
LOCAL_NEUTRAL_HAZARD_PRIMARY,2,2,12,8.380309024155966e+48,0.2803533901949102,0.29574377335036695,0.04335876271572097,6.893858233453588e+64
LOCAL_NEUTRAL_HAZARD_PRIMARY,2,2,13,5.333010218971011e+48,0.27924837367574373,0.29438399945845795,0.04335876271572109,4.438959563172729e+64
LOCAL_NEUTRAL_HAZARD_PRIMARY,2,2,14,1.0063725022431546e+48,0.2783479122860169,0.2921828883106232,0.04335876271572198,8.449113571216507e+63
LOCAL_NEUTRAL_HAZARD_PRIMARY,2,2,15,1.2257612534508573e+48,0.2786813553900561,0.29370843818918857,0.043358762715721574,1.0271871467367234e+64
LOCAL_NEUTRAL_HAZARD_PRIMARY,2,2,16,1.2176610819392405e+47,0.2784949200323311,0.2935095481984122,0.04335876271572105,1.0229494682243425e+63
LOCAL_NEUTRAL_HAZARD_PRIMARY,2,2,17,3.2167374604207576e+45,0.2784620330387667,0.2935024932905206,0.0433587627157225,2.703400940530605e+61
LOCAL_NEUTRAL_HAZARD_PRIMARY,3,1,0,5.1912116946320935e+48,0.3753706823387939,0.37866324049662814,0.05577257016335804,1.553050922459327e+65
LOCAL_NEUTRAL_HAZARD_PRIMARY,3,1,1,1.5015794064336338e+48,0.3738606309317294,0.3728243665587555,0.05577257016335817,4.557122705810024e+64
LOCAL_NEUTRAL_HAZARD_PRIMARY,3,1,2,7.676183677447552e+47,0.37369685408959896,0.37182609478534095,0.05577257016335822,2.3335015324451385e+64
LOCAL_NEUTRAL_HAZARD_PRIMARY,3,1,3,3.908046431192078e+47,0.373686699296531,0.37160968302971564,0.05577257016335713,1.1882034839273464e+64
LOCAL_NEUTRAL_HAZARD_PRIMARY,3,1,4,3.878262757590568e+46,0.37361840443013494,0.3707824597073932,0.05577257016335693,1.1801001840926848e+63
LOCAL_NEUTRAL_HAZARD_PRIMARY,3,1,5,9.885284214563552e+44,0.373592106790713,0.37055757916826204,0.05577257016335745,3.0087686083351544e+61
LOCAL_NEUTRAL_HAZARD_PRIMARY,3,1,6,1.2504769876970037e+49,0.35396765319802803,0.3594910803185992,0.052320280282117666,4.216505550089496e+65
LOCAL_NEUTRAL_HAZARD_PRIMARY,3,1,7,1.2266747309724416e+49,0.35325261260104435,0.35785057649233865,0.05232028028211774,4.1644615499862443e+65
LOCAL_NEUTRAL_HAZARD_PRIMARY,3,1,8,5.7018471694854255e+48,0.35291427077208204,0.35697861470590575,0.05232028028211802,1.9421986894819434e+65
LOCAL_NEUTRAL_HAZARD_PRIMARY,3,1,9,2.6857985224322787e+48,0.35275826722184134,0.35656522320335393,0.05232028028211697,9.163242050665363e+64
LOCAL_NEUTRAL_HAZARD_PRIMARY,3,1,10,2.5747853074441487e+47,0.3525892321849394,0.35605835434427724,0.05232028028211681,8.800706214142959e+63
LOCAL_NEUTRAL_HAZARD_PRIMARY,3,1,11,6.525308131619462e+45,0.3525399366715537,0.3558795995691148,0.05232028028211698,2.2315527088564343e+62
LOCAL_NEUTRAL_HAZARD_PRIMARY,3,1,12,6.82218096237222e+48,0.29999839229174785,0.31237512556771385,0.046774916255349144,3.1830099221487244e+65
LOCAL_NEUTRAL_HAZARD_PRIMARY,3,1,13,3.777803434671439e+48,0.2990315063435287,0.3109297600642173,0.0467749162553501,1.77920575814477e+65
LOCAL_NEUTRAL_HAZARD_PRIMARY,3,1,14,9.130514131976049e+47,0.2983051184284066,0.3090679995247768,0.046774916255349144,4.328905628304571e+64
LOCAL_NEUTRAL_HAZARD_PRIMARY,3,1,15,9.139127403770538e+47,0.29866132216159846,0.3104520801298135,0.04677491625535017,4.3213901860141967e+64
LOCAL_NEUTRAL_HAZARD_PRIMARY,3,1,16,9.208204388312718e+46,0.2985149455260546,0.31030075546954006,0.04677491625534985,4.36228603546696e+63
LOCAL_NEUTRAL_HAZARD_PRIMARY,3,1,17,2.443462633915517e+45,0.29851885731637395,0.31034582386813037,0.04677491625535045,1.1573879836223472e+62
LOCAL_NEUTRAL_HAZARD_PRIMARY,3,2,0,5.805632206704855e+48,0.37318994017508084,0.3764722756622948,0.053955853864074456,1.9040048398090887e+65
LOCAL_NEUTRAL_HAZARD_PRIMARY,3,2,1,1.681257178577616e+48,0.3716860829803814,0.37066630060653327,0.0539558538640724,5.59330045699191e+64
LOCAL_NEUTRAL_HAZARD_PRIMARY,3,2,2,8.596625281811578e+47,0.3715231025767279,0.36967385940990627,0.053955853864072506,2.8647124026422497e+64
LOCAL_NEUTRAL_HAZARD_PRIMARY,3,2,3,4.37739286431328e+47,0.371512889175046,0.3694586736948877,0.0539558538640724,1.4589431197959155e+64
LOCAL_NEUTRAL_HAZARD_PRIMARY,3,2,4,4.345338857100042e+46,0.37144481907946614,0.3686362610574362,0.053955853864072784,1.4494327978020396e+63
LOCAL_NEUTRAL_HAZARD_PRIMARY,3,2,5,1.1076187375978892e+45,0.371418662673952,0.3684127043504579,0.05395585386407238,3.695578149470337e+61
LOCAL_NEUTRAL_HAZARD_PRIMARY,3,2,6,1.3940151288763852e+49,0.3513428392439355,0.3568415565483736,0.050595915477332415,5.168686708250731e+65
LOCAL_NEUTRAL_HAZARD_PRIMARY,3,2,7,1.3682003107908092e+49,0.3506290556426932,0.355210224628694,0.05059591547733336,5.107703745216973e+65
LOCAL_NEUTRAL_HAZARD_PRIMARY,3,2,8,6.361661242183512e+48,0.3502913257042436,0.3543434233070687,0.05059591547733186,2.382873221500116e+65
LOCAL_NEUTRAL_HAZARD_PRIMARY,3,2,9,2.997176420449186e+48,0.3501355253089349,0.35393243325324175,0.05059591547733186,1.1244600307971398e+65
LOCAL_NEUTRAL_HAZARD_PRIMARY,3,2,10,2.874023750363487e+47,0.34996667905151524,0.3534285918783545,0.05059591547733336,1.0802574508579707e+64
LOCAL_NEUTRAL_HAZARD_PRIMARY,3,2,11,7.284091111135441e+45,0.3499174941036595,0.3532510204502108,0.05059591547733214,2.7393192101356785e+62
LOCAL_NEUTRAL_HAZARD_PRIMARY,3,2,12,7.548428888578587e+48,0.2966412846186762,0.30892151485247954,0.04519923373590396,3.8999545871408636e+65
LOCAL_NEUTRAL_HAZARD_PRIMARY,3,2,13,4.180634594220089e+48,0.29567518371870255,0.30748313898601787,0.04519923373590396,2.180505309772045e+65
LOCAL_NEUTRAL_HAZARD_PRIMARY,3,2,14,1.0103148136740385e+48,0.2949519605593786,0.3056388496984555,0.04519923373590557,5.304755816941945e+64
LOCAL_NEUTRAL_HAZARD_PRIMARY,3,2,15,1.0114948317567914e+48,0.29530479121993214,0.30700649080985254,0.04519923373590396,5.297028185721083e+64
LOCAL_NEUTRAL_HAZARD_PRIMARY,3,2,16,1.0192407407227947e+47,0.2951579935792754,0.306854617617113,0.045199233735903795,5.3478385594516974e+63
LOCAL_NEUTRAL_HAZARD_PRIMARY,3,2,17,2.7046071308071043e+45,0.29516187465890253,0.30689920649476304,0.04519923373590484,1.4188620145871148e+62
LOCAL_NEUTRAL_HAZARD_PRIMARY,4,1,0,9.953373939227015e+48,0.3854690967854831,0.38701296300377963,0.03519659009906294,2.154308634578812e+65
LOCAL_NEUTRAL_HAZARD_PRIMARY,4,1,1,2.109214184340521e+48,0.3841606390893458,0.3825719704627502,0.03519659009906403,4.6152561336133316e+64
LOCAL_NEUTRAL_HAZARD_PRIMARY,4,1,2,1.0963898475688583e+48,0.3840531326007579,0.38194238002949576,0.03519659009906403,2.4014039643133676e+64
LOCAL_NEUTRAL_HAZARD_PRIMARY,4,1,3,5.599785571628128e+47,0.3840684424145602,0.3818180123833713,0.03519659009906403,1.2264184112915505e+64
LOCAL_NEUTRAL_HAZARD_PRIMARY,4,1,4,5.575300890175975e+46,0.38404137712914127,0.38122725537313007,0.03519659009906434,1.2214816014519101e+63
LOCAL_NEUTRAL_HAZARD_PRIMARY,4,1,5,1.4271890623759132e+45,0.38402538777865886,0.38108647698579956,0.0351965900990651,3.127270358178468e+61
LOCAL_NEUTRAL_HAZARD_PRIMARY,4,1,6,1.6789502696546089e+49,0.36138368772925833,0.36410541175854205,0.03303538214311579,4.1516531276454347e+65
LOCAL_NEUTRAL_HAZARD_PRIMARY,4,1,7,1.782631618063568e+49,0.36094900887548265,0.3629159157813463,0.03303538214311656,4.424836407163483e+65
LOCAL_NEUTRAL_HAZARD_PRIMARY,4,1,8,8.509588991641847e+48,0.36074809693379034,0.3623152882184929,0.033035382143115334,2.116100690314177e+65
LOCAL_NEUTRAL_HAZARD_PRIMARY,4,1,9,3.978417070868343e+48,0.36063603346474915,0.36195621424443847,0.03303538214311549,9.90355468160982e+64
LOCAL_NEUTRAL_HAZARD_PRIMARY,4,1,10,3.8310923141413956e+47,0.36053167259472085,0.3615641036900231,0.03303538214311575,9.546619779013716e+63
LOCAL_NEUTRAL_HAZARD_PRIMARY,4,1,11,9.804731084831807e+45,0.3605075629563578,0.36146336474520535,0.03303538214311599,2.4437927056362e+62
LOCAL_NEUTRAL_HAZARD_PRIMARY,4,1,12,1.3880779414929515e+49,0.3091036425090813,0.316329036039131,0.029535218934527332,4.7024119177014905e+65
LOCAL_NEUTRAL_HAZARD_PRIMARY,4,1,13,6.220168280741245e+48,0.3084896926283528,0.3152789194185363,0.029535218934525785,2.118515390639289e+65
LOCAL_NEUTRAL_HAZARD_PRIMARY,4,1,14,2.034505667524334e+48,0.30815860810137063,0.3144705187446137,0.029535218934526847,6.949222507124133e+64
LOCAL_NEUTRAL_HAZARD_PRIMARY,4,1,15,1.5663998913843278e+48,0.30832029189502796,0.31504558339423605,0.029535218934526285,5.343840891598783e+64
LOCAL_NEUTRAL_HAZARD_PRIMARY,4,1,16,1.587775773001081e+47,0.30822002789949543,0.3149449945584123,0.029535218934525855,5.423177332971664e+63
LOCAL_NEUTRAL_HAZARD_PRIMARY,4,1,17,4.2543592480558425e+45,0.3082571808386971,0.3150180863081633,0.029535218934527013,1.4524470375880075e+62
LOCAL_NEUTRAL_HAZARD_PRIMARY,4,2,0,9.573802192799062e+48,0.3790319228121124,0.38076178077686285,0.03263553490697614,5.984072313341281e+64
LOCAL_NEUTRAL_HAZARD_PRIMARY,4,2,1,2.0321610799250933e+48,0.3778091585693829,0.37556227577981677,0.03263553490697615,1.2841850310247313e+64
LOCAL_NEUTRAL_HAZARD_PRIMARY,4,2,2,1.0567118606221692e+48,0.37770519843885925,0.3748771955264515,0.0326355349069761,6.684263046620177e+63
LOCAL_NEUTRAL_HAZARD_PRIMARY,4,2,3,5.398718683214384e+47,0.3777157853787046,0.374732855004423,0.03263553490697691,3.414734436988258e+63
LOCAL_NEUTRAL_HAZARD_PRIMARY,4,2,4,5.378059306071249e+46,0.37768443518043116,0.3741163777013655,0.032635534906976654,3.402882325541547e+62
LOCAL_NEUTRAL_HAZARD_PRIMARY,4,2,5,1.3767772079963842e+45,0.3776689938292474,0.37397211778978,0.032635534906976064,8.712656925277144e+60
LOCAL_NEUTRAL_HAZARD_PRIMARY,4,2,6,1.6020101081053968e+49,0.3543039508394619,0.35700827671924773,0.030604368272253206,1.1529797260236682e+65
LOCAL_NEUTRAL_HAZARD_PRIMARY,4,2,7,1.701999353676551e+49,0.3538686557217471,0.3558297500033885,0.030604368272253213,1.2296848109005411e+65
LOCAL_NEUTRAL_HAZARD_PRIMARY,4,2,8,8.128392912511277e+48,0.3536673070959594,0.35522616092966464,0.030604368272252228,5.883638054521746e+64
LOCAL_NEUTRAL_HAZARD_PRIMARY,4,2,9,3.8015563620289976e+48,0.35355484248142727,0.3548651353324015,0.030604368272252228,2.7546474992167827e+64
LOCAL_NEUTRAL_HAZARD_PRIMARY,4,2,10,3.662418640288774e+47,0.35345000384075886,0.3544708829652705,0.03060436827225324,2.6566245200096776e+63
LOCAL_NEUTRAL_HAZARD_PRIMARY,4,2,11,9.373823482758092e+45,0.3534258327195773,0.3543696858007267,0.0306043682722534,6.801156270970399e+61
LOCAL_NEUTRAL_HAZARD_PRIMARY,4,2,12,1.30498873077904e+49,0.3007244622479116,0.3078312678351063,0.027315259552740508,1.304527205532314e+65
LOCAL_NEUTRAL_HAZARD_PRIMARY,4,2,13,5.848456740941636e+48,0.3001142335624945,0.3067938251932615,0.027315259552740508,5.878514354790943e+64
LOCAL_NEUTRAL_HAZARD_PRIMARY,4,2,14,1.9126857704062885e+48,0.2997870741414035,0.30599917713879715,0.0273152595527398,1.9280778773530486e+64
LOCAL_NEUTRAL_HAZARD_PRIMARY,4,2,15,1.4730264158739875e+48,0.2999450136228113,0.30656194115232777,0.027315259552739616,1.4831514290540213e+64
LOCAL_NEUTRAL_HAZARD_PRIMARY,4,2,16,1.4934463354514126e+47,0.29984417547499886,0.3064606791230716,0.027315259552739397,1.5055799089059609e+63
LOCAL_NEUTRAL_HAZARD_PRIMARY,4,2,17,4.001356664936861e+45,0.2998812889811351,0.30653304910230406,0.027315259552740116,4.031963017535973e+61
RECOMBINATION_WEIGHTED_AUDITOR,0,1,0,5.927631391096706e+49,0.6564387306841495,0.6560134672184236,0.03288555396909135,2.6882838575370235e+66
RECOMBINATION_WEIGHTED_AUDITOR,0,1,1,5.205696996514223e+48,0.6511494156961046,0.6226161619170852,0.032885553969092304,2.4460085302899745e+65
RECOMBINATION_WEIGHTED_AUDITOR,0,1,2,2.4031535782612352e+48,0.6509472022672427,0.6111868749136089,0.03288555396909193,1.1325881199797006e+65
RECOMBINATION_WEIGHTED_AUDITOR,0,1,3,1.1757380132911994e+48,0.6511871411662623,0.6075473303270466,0.03288555396909193,5.53515032865037e+64
RECOMBINATION_WEIGHTED_AUDITOR,0,1,4,1.2674583460471453e+47,0.6517947473413959,0.6053250701271355,0.03288555396909172,5.944120894932292e+63
RECOMBINATION_WEIGHTED_AUDITOR,0,1,5,3.2224268400013696e+45,0.6518306338183366,0.6033885323085644,0.03288555396909269,1.5112225708489289e+62
RECOMBINATION_WEIGHTED_AUDITOR,0,1,6,6.522489560596965e+49,0.6383146355156686,0.6365231973401313,0.03089652579901254,3.1593260624079648e+66
RECOMBINATION_WEIGHTED_AUDITOR,0,1,7,4.475240273247741e+49,0.6361747074775431,0.6271836607642718,0.030896525799012614,2.1991535598383576e+66
RECOMBINATION_WEIGHTED_AUDITOR,0,1,8,1.9536359743372634e+49,0.6355607841535336,0.6212226791534717,0.030896525799012566,9.646808562735107e+65
RECOMBINATION_WEIGHTED_AUDITOR,0,1,9,9.00830651808059e+48,0.6354653656731143,0.6185546534734438,0.03089652579901255,4.453142960514149e+65
RECOMBINATION_WEIGHTED_AUDITOR,0,1,10,8.616954137920842e+47,0.6355537531566734,0.6152167661559815,0.030896525799013162,4.259629886859222e+64
RECOMBINATION_WEIGHTED_AUDITOR,0,1,11,2.1984083191563299e+46,0.6355681637530183,0.6140983823007063,0.030896525799012566,1.0868235334993943e+63
RECOMBINATION_WEIGHTED_AUDITOR,0,1,12,6.312105626764512e+49,0.6086826645455526,0.6083524341598219,0.027773169008512365,3.411245547773955e+66
RECOMBINATION_WEIGHTED_AUDITOR,0,1,13,1.7533358541309605e+49,0.6058113555873186,0.6017873811018671,0.027773169008512122,9.629635808844666e+65
RECOMBINATION_WEIGHTED_AUDITOR,0,1,14,6.593948699759357e+48,0.6044750502598945,0.5979569817985777,0.02777316900851158,3.6505583000554403e+65
RECOMBINATION_WEIGHTED_AUDITOR,0,1,15,3.973608743397318e+48,0.6051831118086255,0.5995799254942563,0.027773169008511296,2.190655602100023e+65
RECOMBINATION_WEIGHTED_AUDITOR,0,1,16,3.9797876133803925e+47,0.6052166386861644,0.5993021527464399,0.027773169008511477,2.1938093720138068e+64
RECOMBINATION_WEIGHTED_AUDITOR,0,1,17,1.0642313690410334e+46,0.6053071201759164,0.5996027963578865,0.02777316900851215,5.863182945719758e+62
RECOMBINATION_WEIGHTED_AUDITOR,0,2,0,5.988315992476101e+49,0.656351386540593,0.6559263011868511,0.0328422157932912,2.701521748140136e+66
RECOMBINATION_WEIGHTED_AUDITOR,0,2,1,5.259352898117387e+48,0.6510655476253093,0.6225262223131347,0.032842215793291794,2.458181631570031e+65
RECOMBINATION_WEIGHTED_AUDITOR,0,2,2,2.4279454734040017e+48,0.6508632507461034,0.6110809067751674,0.032842215793289616,1.138233929962684e+65
RECOMBINATION_WEIGHTED_AUDITOR,0,2,3,1.1878728297747586e+48,0.6511031048861617,0.6074421772897436,0.03284221579328998,5.562770821949486e+64
RECOMBINATION_WEIGHTED_AUDITOR,0,2,4,1.280547015931193e+47,0.6517088236581126,0.605220819604462,0.03284221579329133,5.973825784936859e+63
RECOMBINATION_WEIGHTED_AUDITOR,0,2,5,3.2557077476783606e+45,0.6517446858318319,0.6032849322075381,0.032842215793290455,1.5187765758032103e+62
RECOMBINATION_WEIGHTED_AUDITOR,0,2,6,6.588988251299322e+49,0.6382240580962589,0.6364200716492991,0.03085533139833367,3.1749132978831597e+66
RECOMBINATION_WEIGHTED_AUDITOR,0,2,7,4.5210126474497e+49,0.6360855701555154,0.6270852739879298,0.030855331398334004,2.210059143887322e+66
RECOMBINATION_WEIGHTED_AUDITOR,0,2,8,1.9736391622798571e+49,0.6354719049911346,0.6211157734928157,0.03085533139833367,9.69473150074772e+65
RECOMBINATION_WEIGHTED_AUDITOR,0,2,9,9.100602952866432e+48,0.6353764696727185,0.6184419909024188,0.03085533139833367,4.47529276751275e+65
RECOMBINATION_WEIGHTED_AUDITOR,0,2,10,8.705315934949083e+47,0.6354647951043841,0.6151058180557853,0.030855331398333373,4.280854245839127e+64
RECOMBINATION_WEIGHTED_AUDITOR,0,2,11,2.22095625161006e+46,0.6354791833775653,0.613988000279889,0.03085533139833361,1.0922410480850363e+63
RECOMBINATION_WEIGHTED_AUDITOR,0,2,12,6.375975398489966e+49,0.6085744930484804,0.608244663559036,0.027735348602328437,3.428041077309858e+66
RECOMBINATION_WEIGHTED_AUDITOR,0,2,13,1.7711135519459906e+49,0.6057039662478818,0.6016833799867032,0.027735348602328555,9.677178718515719e+65
RECOMBINATION_WEIGHTED_AUDITOR,0,2,14,6.660836073138513e+48,0.6043679477008079,0.5978386079936802,0.02773534860232811,3.668585853185614e+65
RECOMBINATION_WEIGHTED_AUDITOR,0,2,15,4.013926030996914e+48,0.6050758687653112,0.5994675467120639,0.02773534860232852,2.2014827016143306e+65
RECOMBINATION_WEIGHTED_AUDITOR,0,2,16,4.020188135182169e+47,0.6051093930189474,0.5991854521520844,0.02773534860232771,2.2046632663831157e+64
RECOMBINATION_WEIGHTED_AUDITOR,0,2,17,1.0750338728452213e+46,0.6051998547801811,0.5994904839698163,0.027735348602327244,5.892187201377586e+62
RECOMBINATION_WEIGHTED_AUDITOR,1,1,0,3.89226640905834e+49,0.6559697190678868,0.6551819579644558,0.03754684204751202,1.7674632416252677e+66
RECOMBINATION_WEIGHTED_AUDITOR,1,1,1,5.6166305892088795e+48,0.6493159289306073,0.6237286510555049,0.03754684204751183,2.675959584443837e+65
RECOMBINATION_WEIGHTED_AUDITOR,1,1,2,2.6949799765608113e+48,0.648973374692168,0.6158789202821804,0.03754684204751117,1.2894214665992065e+65
RECOMBINATION_WEIGHTED_AUDITOR,1,1,3,1.3166058917383877e+48,0.6491712075090167,0.6128143284713562,0.037546842047511235,6.294204262773238e+64
RECOMBINATION_WEIGHTED_AUDITOR,1,1,4,1.3862247878963345e+47,0.6498449678314957,0.6098580160444735,0.03754684204751051,6.597550782669852e+63
RECOMBINATION_WEIGHTED_AUDITOR,1,1,5,3.5322409366422235e+45,0.6498562869521028,0.6082937373212294,0.0375468420475112,1.6814194616633714e+62
RECOMBINATION_WEIGHTED_AUDITOR,1,1,6,6.838879466532096e+49,0.6388857465768683,0.6362333978403318,0.035225177134718025,3.3141480311090122e+66
RECOMBINATION_WEIGHTED_AUDITOR,1,1,7,4.873467446372928e+49,0.6359306810605119,0.6274213823337147,0.03522517713471713,2.4084729553345163e+66
RECOMBINATION_WEIGHTED_AUDITOR,1,1,8,2.1666742698388784e+49,0.6350820736119246,0.6223994686274255,0.03522517713471662,1.0776351857120986e+66
RECOMBINATION_WEIGHTED_AUDITOR,1,1,9,1.0106075420532406e+49,0.6349235800796569,0.6200904610414854,0.0352251771347174,5.0340070145817845e+65
RECOMBINATION_WEIGHTED_AUDITOR,1,1,10,9.513619397486836e+47,0.6348866738614717,0.6165805340726311,0.035225177134716755,4.743420014988678e+64
RECOMBINATION_WEIGHTED_AUDITOR,1,1,11,2.4320707045693695e+46,0.6348846572184881,0.6156385659947334,0.035225177134716956,1.2128501209480857e+63
RECOMBINATION_WEIGHTED_AUDITOR,1,1,12,4.820073101631578e+49,0.6079117424622218,0.6074433321386665,0.031553260849947695,2.611787609377151e+66
RECOMBINATION_WEIGHTED_AUDITOR,1,1,13,1.8469393809142106e+49,0.6040779501503369,0.6004516622547283,0.031553260849946786,1.0223951151455468e+66
RECOMBINATION_WEIGHTED_AUDITOR,1,1,14,5.04143296889941e+48,0.6001629414906031,0.5910031084538454,0.03155326084994674,2.8565162514173205e+65
RECOMBINATION_WEIGHTED_AUDITOR,1,1,15,4.2412621568153896e+48,0.6032170653139899,0.5982235134272187,0.03155326084994676,2.359753123802946e+65
RECOMBINATION_WEIGHTED_AUDITOR,1,1,16,4.235356581327076e+47,0.6032331133079363,0.5979319601956847,0.03155326084994535,2.3564384493712902e+64
RECOMBINATION_WEIGHTED_AUDITOR,1,1,17,1.1279154651126081e+46,0.6033536718875162,0.5982259936209195,0.03155326084994661,6.270963380671742e+62
RECOMBINATION_WEIGHTED_AUDITOR,1,2,0,4.001775220388345e+49,0.6593334565124569,0.6585951689780896,0.039728798235070695,1.9195575369369544e+66
RECOMBINATION_WEIGHTED_AUDITOR,1,2,1,5.754467444458913e+48,0.6522462997592295,0.6273102182670819,0.03972879823507009,2.8985237073182187e+65
RECOMBINATION_WEIGHTED_AUDITOR,1,2,2,2.7598370083835457e+48,0.6518882197736253,0.6193489057682272,0.03972879823506996,1.3961169312009896e+65
RECOMBINATION_WEIGHTED_AUDITOR,1,2,3,1.3479246292486033e+48,0.6520971953702828,0.6162406209519711,0.03972879823507009,6.813119272459854e+64
RECOMBINATION_WEIGHTED_AUDITOR,1,2,4,1.4186052367378456e+47,0.6528037139787823,0.6132462197052472,0.03972879823506996,7.13802884181872e+63
RECOMBINATION_WEIGHTED_AUDITOR,1,2,5,3.614513414942918e+45,0.6528159712332519,0.6116972087232183,0.03972879823507153,1.8190489629623031e+62
RECOMBINATION_WEIGHTED_AUDITOR,1,2,6,7.044617808942964e+49,0.6424365331192646,0.6401881577911402,0.037297475007491795,3.598585817421821e+66
RECOMBINATION_WEIGHTED_AUDITOR,1,2,7,5.011651173193439e+49,0.6394594206143809,0.6313335195009389,0.03729747500749136,2.6117157704586773e+66
RECOMBINATION_WEIGHTED_AUDITOR,1,2,8,2.2265715884215865e+49,0.6386063032247902,0.6262133197952338,0.03729747500749136,1.1679043611085558e+66
RECOMBINATION_WEIGHTED_AUDITOR,1,2,9,1.0381815680701205e+49,0.6384471117811019,0.6238598311874898,0.03729747500749268,5.453945220513582e+65
RECOMBINATION_WEIGHTED_AUDITOR,1,2,10,9.7682038803279e+47,0.6384104902380673,0.6203934176329636,0.037297475007491795,5.136621529705458e+64
RECOMBINATION_WEIGHTED_AUDITOR,1,2,11,2.4968678034447763e+46,0.6384086770430597,0.6195655448017557,0.03729747500749138,1.3132448150926916e+63
RECOMBINATION_WEIGHTED_AUDITOR,1,2,12,4.982179144675872e+49,0.6123603598014613,0.6118651778410742,0.0334517034581951,2.837331634703021e+66
RECOMBINATION_WEIGHTED_AUDITOR,1,2,13,1.9071517028253196e+49,0.608499210863672,0.6047180233005857,0.03345170345819564,1.1099461739631587e+66
RECOMBINATION_WEIGHTED_AUDITOR,1,2,14,5.20426622399181e+48,0.6045565192184105,0.5954571455717522,0.033451703458195786,3.1011889331583896e+65
RECOMBINATION_WEIGHTED_AUDITOR,1,2,15,4.3778878479982304e+48,0.607632295084062,0.6024402053629845,0.03345170345819482,2.561068906265787e+65
RECOMBINATION_WEIGHTED_AUDITOR,1,2,16,4.3707253312983816e+47,0.6076476229023421,0.6021389716745122,0.03345170345819505,2.5568630074417203e+64
RECOMBINATION_WEIGHTED_AUDITOR,1,2,17,1.163977309844512e+46,0.6077689333261431,0.6024388514053589,0.0334517034581951,6.804334268247936e+62
RECOMBINATION_WEIGHTED_AUDITOR,2,1,0,2.514789201104941e+49,0.6519216881490418,0.6505700818842807,0.04432103415291925,1.2222027088092783e+65
RECOMBINATION_WEIGHTED_AUDITOR,2,1,1,8.374637452961752e+48,0.6483040719340429,0.6375303551048943,0.044321034152918756,4.173783369337016e+64
RECOMBINATION_WEIGHTED_AUDITOR,2,1,2,4.162450617695748e+48,0.6479413696303213,0.6346273485679206,0.044321034152918444,2.0806410801905835e+64
RECOMBINATION_WEIGHTED_AUDITOR,2,1,3,2.0894466038722046e+48,0.6480565754319758,0.6339185941141925,0.044321034152918444,1.0437711498978099e+64
RECOMBINATION_WEIGHTED_AUDITOR,2,1,4,2.0894818258323506e+47,0.6481996103334335,0.6321295551560648,0.044321034152918284,1.0431128200245413e+63
RECOMBINATION_WEIGHTED_AUDITOR,2,1,5,5.310211356713665e+45,0.6481489285880362,0.6314527770368964,0.044321034152918805,2.652175110859357e+61
RECOMBINATION_WEIGHTED_AUDITOR,2,1,6,7.969942322888333e+49,0.636551374024697,0.6350911635504024,0.041352625995594104,4.0973208854400767e+65
RECOMBINATION_WEIGHTED_AUDITOR,2,1,7,6.99784680119956e+49,0.6350179125145887,0.6309865807065863,0.041352625995594465,3.632164425799841e+65
RECOMBINATION_WEIGHTED_AUDITOR,2,1,8,3.1852658431736585e+49,0.6344432576245762,0.6286908337864693,0.041352625995594056,1.6595070179434552e+65
RECOMBINATION_WEIGHTED_AUDITOR,2,1,9,1.5035984246654404e+49,0.6343075656096447,0.6277867625667407,0.041352625995594104,7.841098400341403e+64
RECOMBINATION_WEIGHTED_AUDITOR,2,1,10,1.4023800177846439e+48,0.6341316345213914,0.6262493472448808,0.041352625995595235,7.322693986391207e+63
RECOMBINATION_WEIGHTED_AUDITOR,2,1,11,3.560669229374411e+46,0.6340745410563203,0.6258222346977015,0.04135262599559558,1.8600129519615075e+62
RECOMBINATION_WEIGHTED_AUDITOR,2,1,12,3.8967713725895153e+49,0.603370409358453,0.6026394191633793,0.0366265087565539,2.258692011165069e+65
RECOMBINATION_WEIGHTED_AUDITOR,2,1,13,2.48789655017962e+49,0.6017382388731443,0.5995134254408796,0.03662650875655328,1.4567049369099198e+65
RECOMBINATION_WEIGHTED_AUDITOR,2,1,14,4.6078044789657445e+48,0.5975564240047994,0.5908517435834835,0.03662650875655328,2.7717196083848306e+64
RECOMBINATION_WEIGHTED_AUDITOR,2,1,15,5.7464663737020844e+48,0.601262390125674,0.5984678603259577,0.03662650875655328,3.374848913940808e+64
RECOMBINATION_WEIGHTED_AUDITOR,2,1,16,5.725323771175529e+47,0.6012499575982135,0.5983710398303809,0.03662650875655309,3.36274616170376e+63
RECOMBINATION_WEIGHTED_AUDITOR,2,1,17,1.513689201238199e+46,0.6013008413354333,0.5984607483921258,0.0366265087565539,8.887745625851302e+61
RECOMBINATION_WEIGHTED_AUDITOR,2,2,0,2.618741964485232e+49,0.6588468195773071,0.6575913898427286,0.05213596002308478,3.7226924092468526e+64
RECOMBINATION_WEIGHTED_AUDITOR,2,2,1,8.653586782459303e+48,0.6551269819378157,0.6451018249381271,0.05213596002308392,1.2630493273409212e+64
RECOMBINATION_WEIGHTED_AUDITOR,2,2,2,4.2948836370614214e+48,0.6547548506195651,0.6420681054621988,0.05213596002308392,6.288307880389091e+63
RECOMBINATION_WEIGHTED_AUDITOR,2,2,3,2.1540009731525493e+48,0.6548694661366763,0.641321554862637,0.05213596002308392,3.1517545576508475e+63
RECOMBINATION_WEIGHTED_AUDITOR,2,2,4,2.1508931289865488e+47,0.6550116022120236,0.6394482833143678,0.05213596002308479,3.145191657611358e+62
RECOMBINATION_WEIGHTED_AUDITOR,2,2,5,5.465198316745055e+45,0.6549598133938513,0.6387444191286642,0.052135960023084016,7.995453600825347e+60
RECOMBINATION_WEIGHTED_AUDITOR,2,2,6,8.350734219475998e+49,0.6451571204632763,0.6435752215412229,0.048750730685096784,1.2486610427002505e+65
RECOMBINATION_WEIGHTED_AUDITOR,2,2,7,7.303776600811931e+49,0.6435999461428299,0.6393442445662962,0.04875073068509553,1.1030982220014949e+65
RECOMBINATION_WEIGHTED_AUDITOR,2,2,8,3.3175825395938083e+49,0.6430133893594743,0.6371951516112969,0.048750730685095674,5.0304386904616806e+64
RECOMBINATION_WEIGHTED_AUDITOR,2,2,9,1.56448069661843e+49,0.6428733580354404,0.6364455570043613,0.04875073068509663,2.374610520668364e+64
RECOMBINATION_WEIGHTED_AUDITOR,2,2,10,1.4569234815544028e+48,0.6426912107728961,0.6352020496355213,0.048750730685095674,2.2144055914644233e+63
RECOMBINATION_WEIGHTED_AUDITOR,2,2,11,3.697945569178178e+46,0.6426325840571303,0.6348384246858281,0.04875073068509611,5.62303674440444e+61
RECOMBINATION_WEIGHTED_AUDITOR,2,2,12,4.1260446669902675e+49,0.6141121427504808,0.613662733536132,0.04335876271572165,6.893835319295509e+64
RECOMBINATION_WEIGHTED_AUDITOR,2,2,13,2.629009763806074e+49,0.6122278209747162,0.6106090386412248,0.04335876271572153,4.4389605965690083e+64
RECOMBINATION_WEIGHTED_AUDITOR,2,2,14,4.8661181529828485e+48,0.6074929748624445,0.6015359805320311,0.04335876271572097,8.44919118147285e+63
RECOMBINATION_WEIGHTED_AUDITOR,2,2,15,6.06439211086398e+48,0.6116753008423726,0.6095119128066645,0.043358762715721574,1.0271884595356565e+64
RECOMBINATION_WEIGHTED_AUDITOR,2,2,16,6.0387273345794566e+47,0.6116593157619455,0.6094064200825506,0.04335876271572173,1.0229506673793718e+63
RECOMBINATION_WEIGHTED_AUDITOR,2,2,17,1.5964141698281425e+46,0.6117177898180571,0.6095000793346255,0.043358762715721436,2.7034038343317824e+61
RECOMBINATION_WEIGHTED_AUDITOR,3,1,0,1.771312308199018e+49,0.6669810374039707,0.6658148492209688,0.05577257016335646,1.5530494383443593e+65
RECOMBINATION_WEIGHTED_AUDITOR,3,1,1,5.023052093175294e+48,0.6620412904229716,0.6462419172890086,0.055772570163357425,4.557114835851064e+64
RECOMBINATION_WEIGHTED_AUDITOR,3,1,2,2.5658625293885286e+48,0.6617976674410395,0.6427050401566815,0.0557725701633576,2.3334930003140332e+64
RECOMBINATION_WEIGHTED_AUDITOR,3,1,3,1.3084490636720759e+48,0.6620387759522548,0.6421668908921401,0.05577257016335713,1.188197083292344e+64
RECOMBINATION_WEIGHTED_AUDITOR,3,1,4,1.300973318510424e+47,0.6622887876310855,0.6396009591451356,0.055772570163358716,1.1800887991632965e+63
RECOMBINATION_WEIGHTED_AUDITOR,3,1,5,3.315717920184233e+45,0.6622587699358146,0.6388155617038211,0.05577257016335802,3.0087377149240265e+61
RECOMBINATION_WEIGHTED_AUDITOR,3,1,6,4.565295017151669e+49,0.6528668201256389,0.6505019607040641,0.052320280282116605,4.216506539551871e+65
RECOMBINATION_WEIGHTED_AUDITOR,3,1,7,4.458280567061996e+49,0.6511602584669477,0.6460251220944442,0.05232028028211697,4.164468214387077e+65
RECOMBINATION_WEIGHTED_AUDITOR,3,1,8,2.0704669507404253e+49,0.650566736881111,0.6435904125087666,0.05232028028211697,1.942199885085213e+65
RECOMBINATION_WEIGHTED_AUDITOR,3,1,9,9.757472297507397e+48,0.6504281386628312,0.6424723423281892,0.05232028028211673,9.163235996657413e+64
RECOMBINATION_WEIGHTED_AUDITOR,3,1,10,9.36458838745951e+47,0.6503606518647054,0.6410883556706883,0.05232028028211774,8.800675777126849e+63
RECOMBINATION_WEIGHTED_AUDITOR,3,1,11,2.3733287138445933e+46,0.6502991223138865,0.6405264563183886,0.0523202802821172,2.2315431829213917e+62
RECOMBINATION_WEIGHTED_AUDITOR,3,1,12,3.099387591749759e+49,0.6229476804695631,0.622436050090623,0.046774916255349144,3.1829990717908167e+65
RECOMBINATION_WEIGHTED_AUDITOR,3,1,13,1.7081305649525607e+49,0.6204152858928415,0.6181329768859186,0.04677491625535017,1.7792082316318359e+65
RECOMBINATION_WEIGHTED_AUDITOR,3,1,14,4.0597480839691046e+48,0.6164023340039353,0.6099731056086576,0.04677491625534971,4.32893831548017e+64
RECOMBINATION_WEIGHTED_AUDITOR,3,1,15,4.136981358083474e+48,0.6199240695840249,0.6170460163351672,0.04677491625535006,4.321399891422961e+64
RECOMBINATION_WEIGHTED_AUDITOR,3,1,16,4.176906016120268e+47,0.6199616440248937,0.616988714396459,0.04677491625535017,4.3622946881280896e+63
RECOMBINATION_WEIGHTED_AUDITOR,3,1,17,1.1087136724313744e+46,0.6200413205668467,0.6171555138889825,0.046774916255349144,1.1573902260228773e+62
RECOMBINATION_WEIGHTED_AUDITOR,3,2,0,1.9949036573602896e+49,0.6655622782156773,0.6643185386920648,0.05395585386407299,1.9040030377704557e+65
RECOMBINATION_WEIGHTED_AUDITOR,3,2,1,5.665562201745929e+48,0.6607511529737371,0.6448846931816132,0.0539558538640724,5.593290901149903e+64
RECOMBINATION_WEIGHTED_AUDITOR,3,2,2,2.894790115651742e+48,0.6605172356679369,0.6412242272595545,0.05395585386407392,2.864702042779601e+64
RECOMBINATION_WEIGHTED_AUDITOR,3,2,3,1.476424611187132e+48,0.6607496387065299,0.6406330676185107,0.05395585386407299,1.4589353480330644e+64
RECOMBINATION_WEIGHTED_AUDITOR,3,2,4,1.4684304316756669e+47,0.6609906285296158,0.6380508664508615,0.05395585386407299,1.4494189740216527e+63
RECOMBINATION_WEIGHTED_AUDITOR,3,2,5,3.7426470050380286e+45,0.6609617590480275,0.6372714451563837,0.05395585386407403,3.6955406381506343e+61
RECOMBINATION_WEIGHTED_AUDITOR,3,2,6,5.134980598879069e+49,0.6512410181125068,0.6487521790991623,0.050595915477332415,5.168687909673196e+65
RECOMBINATION_WEIGHTED_AUDITOR,3,2,7,5.017926742017566e+49,0.6495431796248154,0.6442295999971163,0.050595915477332415,5.107711837248842e+65
RECOMBINATION_WEIGHTED_AUDITOR,3,2,8,2.3312314443167638e+49,0.648952658350034,0.641825331495455,0.05059591547733354,2.3828746732225994e+65
RECOMBINATION_WEIGHTED_AUDITOR,3,2,9,1.0988756975696695e+49,0.6488151327260308,0.6407225417908131,0.05059591547733186,1.1244592957088808e+65
RECOMBINATION_WEIGHTED_AUDITOR,3,2,10,1.0549224356076982e+48,0.6487485804450772,0.6393574506812484,0.050595915477332415,1.0802537551422473e+64
RECOMBINATION_WEIGHTED_AUDITOR,3,2,11,2.6737336611094303e+46,0.6486873928009086,0.638802345743557,0.05059591547733226,2.7393076435786276e+62
RECOMBINATION_WEIGHTED_AUDITOR,3,2,12,3.477496358671457e+49,0.6207555512147488,0.6202613138343573,0.045199233735905564,3.899941412446479e+65
RECOMBINATION_WEIGHTED_AUDITOR,3,2,13,1.917235780872318e+49,0.6182329933645321,0.6160123792881391,0.04519923373590396,2.180508313123325e+65
RECOMBINATION_WEIGHTED_AUDITOR,3,2,14,4.5571363504716976e+48,0.6142343261285367,0.6079358691594059,0.04519923373590396,5.304795506282409e+64
RECOMBINATION_WEIGHTED_AUDITOR,3,2,15,4.644382490909768e+48,0.617744143346284,0.6149399283613763,0.04519923373590396,5.297039970198545e+64
RECOMBINATION_WEIGHTED_AUDITOR,3,2,16,4.689806452944065e+47,0.6177820092354362,0.6148847716626057,0.04519923373590484,5.347849065664146e+63
RECOMBINATION_WEIGHTED_AUDITOR,3,2,17,1.2448437992602998e+46,0.6178613659931208,0.6150495479307219,0.04519923373590394,1.418864737346828e+62
RECOMBINATION_WEIGHTED_AUDITOR,4,1,0,3.2740182822579484e+49,0.6696791723524864,0.6692568401549562,0.035196590099065034,2.1543066955237297e+65
RECOMBINATION_WEIGHTED_AUDITOR,4,1,1,6.796789343613941e+48,0.6644829889024606,0.6532767537812788,0.03519659009906527,4.6152529684585725e+64
RECOMBINATION_WEIGHTED_AUDITOR,4,1,2,3.5305387492798836e+48,0.6642977685057785,0.6510855208904733,0.03519659009906556,2.4014000810381495e+64
RECOMBINATION_WEIGHTED_AUDITOR,4,1,3,1.8055030006222728e+48,0.6645479901175063,0.6507393821093108,0.03519659009906403,1.2264152861435879e+64
RECOMBINATION_WEIGHTED_AUDITOR,4,1,4,1.8001741690339889e+47,0.6648203870614148,0.6485423813309592,0.035196590099064146,1.2214755127788343e+63
RECOMBINATION_WEIGHTED_AUDITOR,4,1,5,4.607885911239699e+45,0.6648058395374354,0.6479604456616245,0.03519659009906392,3.1272535999529684e+61
RECOMBINATION_WEIGHTED_AUDITOR,4,1,6,5.909367519765953e+49,0.6512806828654194,0.6502181792964291,0.03303538214311579,4.1516553068910125e+65
RECOMBINATION_WEIGHTED_AUDITOR,4,1,7,6.243729616732705e+49,0.6498629403337612,0.6473713476823675,0.03303538214311579,4.424842170231484e+65
RECOMBINATION_WEIGHTED_AUDITOR,4,1,8,2.976764302138404e+49,0.6493953604246603,0.6458749326874269,0.03303538214311573,2.116102569217313e+65
RECOMBINATION_WEIGHTED_AUDITOR,4,1,9,1.391606764133054e+49,0.6492435995860739,0.6449968792073257,0.03303538214311549,9.903556734596574e+64
RECOMBINATION_WEIGHTED_AUDITOR,4,1,10,1.340716485659967e+48,0.6491914192155737,0.6440383506917712,0.03303538214311549,9.54660736399024e+63
RECOMBINATION_WEIGHTED_AUDITOR,4,1,11,3.431226806721589e+46,0.649162571008719,0.6437601695495777,0.03303538214311549,2.4437886488398265e+62
RECOMBINATION_WEIGHTED_AUDITOR,4,1,12,5.951724492793719e+49,0.6188477295433438,0.6187712215828876,0.029535218934526285,4.702399847079392e+65
RECOMBINATION_WEIGHTED_AUDITOR,4,1,13,2.649668825430062e+49,0.6165603127010266,0.6158272971659783,0.02953521893452603,2.1185174593761905e+65
RECOMBINATION_WEIGHTED_AUDITOR,4,1,14,8.602013365520562e+48,0.6146284059480601,0.6128801072844549,0.029535218934526923,6.949244916959545e+64
RECOMBINATION_WEIGHTED_AUDITOR,4,1,15,6.672834735272372e+48,0.6162580972528214,0.61534047861736,0.02953521893452603,5.343848876238077e+64
RECOMBINATION_WEIGHTED_AUDITOR,4,1,16,6.773422737121974e+47,0.6163044350812827,0.615343529501618,0.029535218934526285,5.423185444279426e+63
RECOMBINATION_WEIGHTED_AUDITOR,4,1,17,1.814956088374446e+46,0.6163946432183796,0.6154992399193977,0.029535218934526805,1.4524490296673969e+62
RECOMBINATION_WEIGHTED_AUDITOR,4,2,0,3.220113370131809e+49,0.6654984983583541,0.6650455364589818,0.03263553490697615,5.984067030937705e+64
RECOMBINATION_WEIGHTED_AUDITOR,4,2,1,6.700766500988647e+48,0.6605634964279818,0.648790536981673,0.03263553490697615,1.28418416876817e+64
RECOMBINATION_WEIGHTED_AUDITOR,4,2,2,3.48204007350437e+48,0.660394584555489,0.6464374916607609,0.032635534906975794,6.684252467741691e+63
RECOMBINATION_WEIGHTED_AUDITOR,4,2,3,1.781195741974595e+48,0.6606211300807867,0.6460950820105442,0.03263553490697579,3.4147259234110525e+63
RECOMBINATION_WEIGHTED_AUDITOR,4,2,4,1.7768981113102243e+47,0.6608667340478882,0.6439451222390211,0.03263553490697627,3.402865738683421e+62
RECOMBINATION_WEIGHTED_AUDITOR,4,2,5,4.5485880592627864e+45,0.6608529079700423,0.6433757069467487,0.03263553490697615,8.712611272254986e+60
RECOMBINATION_WEIGHTED_AUDITOR,4,2,6,5.795537906729664e+49,0.6469291332005636,0.6452587492541988,0.030604368272253213,1.1529803196973786e+65
RECOMBINATION_WEIGHTED_AUDITOR,4,2,7,6.128786380478824e+49,0.6455417301924499,0.6424035434723155,0.03060436827225234,1.2296863808842608e+65
RECOMBINATION_WEIGHTED_AUDITOR,4,2,8,2.9236011286616284e+49,0.6450803486833184,0.640948946492427,0.030604368272253206,5.883643173059053e+64
RECOMBINATION_WEIGHTED_AUDITOR,4,2,9,1.3673122460320702e+49,0.6449306764857551,0.640097029387143,0.030604368272252228,2.754648058495441e+64
RECOMBINATION_WEIGHTED_AUDITOR,4,2,10,1.3179575523853343e+48,0.6448792848590422,0.6391681145296975,0.030604368272253074,2.656621137889765e+63
RECOMBINATION_WEIGHTED_AUDITOR,4,2,11,3.3732946187263374e+46,0.6448507383302686,0.6388978315972315,0.03060436827225324,6.801145219382975e+61
RECOMBINATION_WEIGHTED_AUDITOR,4,2,12,5.810446633829625e+49,0.6134889325448336,0.6134186315992152,0.027315259552739397,1.3045239172341784e+65
RECOMBINATION_WEIGHTED_AUDITOR,4,2,13,2.5880121797608236e+49,0.6112341525148313,0.6105392805631312,0.027315259552739397,5.87851999047645e+64
RECOMBINATION_WEIGHTED_AUDITOR,4,2,14,8.402537796763523e+48,0.6093257681605675,0.6076538823603487,0.027315259552739397,1.928083982275928e+64
RECOMBINATION_WEIGHTED_AUDITOR,4,2,15,6.519226581125175e+48,0.6109363824355335,0.6100643807576399,0.027315259552739616,1.483153604241883e+64
RECOMBINATION_WEIGHTED_AUDITOR,4,2,16,6.619294910920905e+47,0.6109827542594582,0.6100691283786056,0.027315259552739397,1.505582118600868e+63
RECOMBINATION_WEIGHTED_AUDITOR,4,2,17,1.7735003787676768e+46,0.6110716035087664,0.6102208898863358,0.027315259552739397,4.0319684443758984e+61
SCRIPT_SELF_SHIELDING_AUDITOR,0,1,0,1.7927230373344283e+50,0.8948000877871682,0.9126807504932158,0.032885553969092304,2.6882812919978808e+66
SCRIPT_SELF_SHIELDING_AUDITOR,0,1,1,1.5267401924428078e+49,0.892684897957189,0.8587274147868172,0.03288555396909172,2.4460082153646677e+65
SCRIPT_SELF_SHIELDING_AUDITOR,0,1,2,7.099390878276903e+48,0.8934353547482417,0.8344038702986696,0.03288555396909309,1.1325866151492537e+65
SCRIPT_SELF_SHIELDING_AUDITOR,0,1,3,3.488832723305797e+48,0.8939335876978518,0.8264545486658059,0.03288555396909309,5.535137117056031e+64
SCRIPT_SELF_SHIELDING_AUDITOR,0,1,4,3.783299170380603e+47,0.8946479192225836,0.821310632791066,0.032885553969093026,5.9440940329739404e+63
SCRIPT_SELF_SHIELDING_AUDITOR,0,1,5,9.629933735233571e+45,0.8947639260049476,0.8173562375340238,0.03288555396909105,1.5112150139752758e+62
SCRIPT_SELF_SHIELDING_AUDITOR,0,1,6,1.7798607906975618e+50,0.8557800199073031,0.8931509114869325,0.03089652579901254,3.1593264066226162e+66
SCRIPT_SELF_SHIELDING_AUDITOR,0,1,7,1.2051650523103696e+50,0.8549302988075116,0.8867215722077644,0.03089652579901255,2.199156022192043e+66
SCRIPT_SELF_SHIELDING_AUDITOR,0,1,8,5.270382039027301e+49,0.855568204041227,0.8756178888127217,0.030896525799012628,9.64681553884832e+65
SCRIPT_SELF_SHIELDING_AUDITOR,0,1,9,2.4380696983165147e+49,0.8562426190429836,0.8690706861375361,0.03089652579901233,4.453143748159812e+65
SCRIPT_SELF_SHIELDING_AUDITOR,0,1,10,2.3449677221111843e+48,0.8572806942405505,0.860618757555622,0.030896525799013162,4.2596253005003454e+64
SCRIPT_SELF_SHIELDING_AUDITOR,0,1,11,5.990681157394459e+46,0.8575240594171791,0.8581359094892014,0.030896525799013246,1.0868218958210821e+63
SCRIPT_SELF_SHIELDING_AUDITOR,0,1,12,1.4115188913126612e+50,0.7698526560402816,0.784326806272855,0.027773169008511477,3.411243320248649e+66
SCRIPT_SELF_SHIELDING_AUDITOR,0,1,13,3.805746192101151e+49,0.7600724873872231,0.8102020555244096,0.02777316900851141,9.629645166595936e+65
SCRIPT_SELF_SHIELDING_AUDITOR,0,1,14,1.4192869002895807e+49,0.7577883266371039,0.8130582833652485,0.02777316900851138,3.650562468332228e+65
SCRIPT_SELF_SHIELDING_AUDITOR,0,1,15,8.594606543078025e+48,0.7592274201518212,0.8131995620100403,0.02777316900851133,2.1906578612008306e+65
SCRIPT_SELF_SHIELDING_AUDITOR,0,1,16,8.616878594587206e+47,0.7596454782556433,0.8142774845584744,0.027773169008511945,2.1938113986411578e+64
SCRIPT_SELF_SHIELDING_AUDITOR,0,1,17,2.3052482299856106e+46,0.7597460451118235,0.8139922033542424,0.027773169008512247,5.863188460268073e+62
SCRIPT_SELF_SHIELDING_AUDITOR,0,2,0,1.811478635922981e+50,0.8947629861849893,0.9126401143337062,0.032842215793291135,2.7015191711353678e+66
SCRIPT_SELF_SHIELDING_AUDITOR,0,2,1,1.5428342250502858e+49,0.8926455194706115,0.8586883085252719,0.032842215793291496,2.458181315237301e+65
SCRIPT_SELF_SHIELDING_AUDITOR,0,2,2,7.174263346535756e+48,0.8933960286108771,0.834351779594068,0.032842215793291746,1.138232418407024e+65
SCRIPT_SELF_SHIELDING_AUDITOR,0,2,3,3.525634454842785e+48,0.8938943276734572,0.8264017848795912,0.03284221579329025,5.562757551311354e+64
SCRIPT_SELF_SHIELDING_AUDITOR,0,2,4,3.82321597325064e+47,0.8946087693904738,0.8212590566783642,0.032842215793290566,5.973798802930087e+63
SCRIPT_SELF_SHIELDING_AUDITOR,0,2,5,9.731542388197684e+45,0.8947247909681804,0.8173051011106643,0.032842215793290455,1.5187689851572048e+62
SCRIPT_SELF_SHIELDING_AUDITOR,0,2,6,1.7984097605782245e+50,0.8557254410651254,0.8930934442514438,0.03085533139833361,3.1749136436361552e+66
SCRIPT_SELF_SHIELDING_AUDITOR,0,2,7,1.217766488255652e+50,0.8548736829949186,0.8866738888244525,0.030855331398334768,2.210061617245488e+66
SCRIPT_SELF_SHIELDING_AUDITOR,0,2,8,5.325532275665665e+49,0.8555112321442737,0.8755669122429811,0.03085533139833367,9.694738508037792e+65
SCRIPT_SELF_SHIELDING_AUDITOR,0,2,9,2.463592020041475e+49,0.8561853537241627,0.8690236820897941,0.03085533139833413,4.475293558678414e+65
SCRIPT_SELF_SHIELDING_AUDITOR,0,2,10,2.369526561585711e+48,0.8572234163523407,0.8605624156267075,0.0308553313983347,4.280849638983392e+64
SCRIPT_SELF_SHIELDING_AUDITOR,0,2,11,6.05342812166484e+46,0.8574667806333907,0.8580792019011103,0.03085533139833367,1.0922394030877763e+63
SCRIPT_SELF_SHIELDING_AUDITOR,0,2,12,1.425959594082064e+50,0.7697635245605121,0.7842296517832955,0.02773534860232771,3.428038839829546e+66
SCRIPT_SELF_SHIELDING_AUDITOR,0,2,13,3.844867848289799e+49,0.7599944651173282,0.8100987153199756,0.02773534860232771,9.677188118087578e+65
SCRIPT_SELF_SHIELDING_AUDITOR,0,2,14,1.433890390387158e+49,0.7577097299170945,0.8129527467087747,0.02773534860232771,3.668590040090699e+65
SCRIPT_SELF_SHIELDING_AUDITOR,0,2,15,8.683031362445831e+48,0.75914888834242,0.8130895405050165,0.02773534860232839,2.201484970811251e+65
SCRIPT_SELF_SHIELDING_AUDITOR,0,2,16,8.705566443096368e+47,0.7595666544704904,0.8141691081944691,0.02773534860232771,2.204665302067611e+64
SCRIPT_SELF_SHIELDING_AUDITOR,0,2,17,2.328972095398977e+46,0.7596673014493938,0.8138827123994825,0.02773534860232782,5.892192740636441e+62
SCRIPT_SELF_SHIELDING_AUDITOR,1,1,0,1.116412582966802e+50,0.882347153731646,0.9035738557975526,0.037546842047512644,1.7674602553014036e+66
SCRIPT_SELF_SHIELDING_AUDITOR,1,1,1,1.5419829722734494e+49,0.878912773004342,0.8611228647006302,0.037546842047511235,2.6759582636866185e+65
SCRIPT_SELF_SHIELDING_AUDITOR,1,1,2,7.452158700747686e+48,0.8798514345532222,0.8446674539777034,0.037546842047511235,1.2894181994088763e+65
SCRIPT_SELF_SHIELDING_AUDITOR,1,1,3,3.66117690354895e+48,0.8805900520505101,0.8385285046368415,0.037546842047512644,6.294176353069658e+64
SCRIPT_SELF_SHIELDING_AUDITOR,1,1,4,3.892031254257441e+47,0.881869985578693,0.8322712195475619,0.03754684204751122,6.597491261788435e+63
SCRIPT_SELF_SHIELDING_AUDITOR,1,1,5,9.930554825238256e+45,0.8820243209773995,0.8292412365548439,0.037546842047511235,1.6814027848276278e+62
SCRIPT_SELF_SHIELDING_AUDITOR,1,1,6,1.7349146682472222e+50,0.836869677585079,0.8708170799667415,0.03522517713471864,3.3141468719012116e+66
SCRIPT_SELF_SHIELDING_AUDITOR,1,1,7,1.2071362273645885e+50,0.8336310436156755,0.8710659986520702,0.03522517713471662,2.4084767409567728e+66
SCRIPT_SELF_SHIELDING_AUDITOR,1,1,8,5.369366874353614e+49,0.834338539572083,0.8649813027486173,0.03522517713471662,1.0776362222214306e+66
SCRIPT_SELF_SHIELDING_AUDITOR,1,1,9,2.511236313517419e+49,0.8350955812860523,0.8613521196963783,0.03522517713471678,5.034007819067187e+65
SCRIPT_SELF_SHIELDING_AUDITOR,1,1,10,2.3771426560774857e+48,0.836424413383493,0.8562415930915634,0.03522517713471662,4.7434113565024555e+64
SCRIPT_SELF_SHIELDING_AUDITOR,1,1,11,6.085216770524939e+46,0.8367323278145664,0.8547736000664944,0.035225177134717026,1.2128469912219635e+63
SCRIPT_SELF_SHIELDING_AUDITOR,1,1,12,9.565651242115293e+49,0.7375523067808694,0.7506366130546861,0.0315532608499477,2.6117852061817816e+66
SCRIPT_SELF_SHIELDING_AUDITOR,1,1,13,3.549137462217193e+49,0.7251589039297492,0.7666688894286171,0.03155326084994661,1.022396732479877e+66
SCRIPT_SELF_SHIELDING_AUDITOR,1,1,14,9.482907248362162e+48,0.7171007390828718,0.7688794891679607,0.03155326084994674,2.856521171700693e+65
SCRIPT_SELF_SHIELDING_AUDITOR,1,1,15,8.111075846183323e+48,0.7234715054345493,0.7694123516501777,0.031553260849946446,2.3597570173672305e+65
SCRIPT_SELF_SHIELDING_AUDITOR,1,1,16,8.104909205244438e+47,0.7238031780688655,0.7706156161248356,0.031553260849947695,2.3564419771183322e+64
SCRIPT_SELF_SHIELDING_AUDITOR,1,1,17,2.159922451899338e+46,0.7240608828518604,0.7704265188583566,0.03155326084994674,6.270972833525977e+62
SCRIPT_SELF_SHIELDING_AUDITOR,1,2,0,1.1386736063848995e+50,0.883805815874299,0.9052908955091561,0.03972879823507026,1.9195542413545016e+66
SCRIPT_SELF_SHIELDING_AUDITOR,1,2,1,1.5662990692536472e+49,0.8804499267205058,0.862399285731879,0.03972879823507009,2.898522249785595e+65
SCRIPT_SELF_SHIELDING_AUDITOR,1,2,2,7.567392611024669e+48,0.8813917320738835,0.8462818271702991,0.03972879823507118,1.396113325666001e+65
SCRIPT_SELF_SHIELDING_AUDITOR,1,2,3,3.7172098175273934e+48,0.8821277164532271,0.84008564008987,0.03972879823507121,6.813088472474999e+64
SCRIPT_SELF_SHIELDING_AUDITOR,1,2,4,3.950718721099636e+47,0.8834200301857853,0.8337742632556614,0.03972879823507036,7.13796315705644e+63
SCRIPT_SELF_SHIELDING_AUDITOR,1,2,5,1.0079925716319365e+46,0.8835767491096145,0.8307642797095856,0.03972879823507153,1.8190305591019645e+62
SCRIPT_SELF_SHIELDING_AUDITOR,1,2,6,1.77350872352592e+50,0.839009957365658,0.8732367281796864,0.03729747500749136,3.5985845381684616e+66
SCRIPT_SELF_SHIELDING_AUDITOR,1,2,7,1.2314911893062154e+50,0.8358541775767662,0.8733267927745667,0.0372974750074915,2.611719948113461e+66
SCRIPT_SELF_SHIELDING_AUDITOR,1,2,8,5.47442081576027e+49,0.8365858060403351,0.8669411615303378,0.03729747500749242,1.1679055049570137e+66
SCRIPT_SELF_SHIELDING_AUDITOR,1,2,9,2.5596947794159643e+49,0.8373499753971145,0.8634240492566928,0.03729747500749242,5.453946108310021e+65
SCRIPT_SELF_SHIELDING_AUDITOR,1,2,10,2.4221496122408373e+48,0.8386855184380627,0.8583592892887957,0.03729747500749097,5.1366119745612044e+64
SCRIPT_SELF_SHIELDING_AUDITOR,1,2,11,6.199952058517443e+46,0.8389944304861279,0.8568440268045203,0.0372974750074915,1.3132413612574867e+63
SCRIPT_SELF_SHIELDING_AUDITOR,1,2,12,9.865787792592427e+49,0.7412577313196388,0.7550522412279799,0.03345170345819453,2.8373289826368486e+66
SCRIPT_SELF_SHIELDING_AUDITOR,1,2,13,3.652844260505475e+49,0.7287182290942675,0.7710732978556234,0.0334517034581951,1.1099479587858731e+66
SCRIPT_SELF_SHIELDING_AUDITOR,1,2,14,9.752057342364582e+48,0.7206675121813846,0.7731755464271349,0.033451703458196175,3.101194362977968e+65
SCRIPT_SELF_SHIELDING_AUDITOR,1,2,15,8.343944144088343e+48,0.7270371852213869,0.7740995302761409,0.03345170345819526,2.5610732030409862e+65
SCRIPT_SELF_SHIELDING_AUDITOR,1,2,16,8.335774677865236e+47,0.7273783406401926,0.7752813125346405,0.033451703458195765,2.5568669005162112e+64
SCRIPT_SELF_SHIELDING_AUDITOR,1,2,17,2.2215091495123697e+46,0.7276359615336101,0.7751109574751555,0.03345170345819578,6.804344699978532e+62
SCRIPT_SELF_SHIELDING_AUDITOR,2,1,0,6.853109823182087e+49,0.8657621517984063,0.8833249220337224,0.04432103415291884,1.2222010239258852e+65
SCRIPT_SELF_SHIELDING_AUDITOR,2,1,1,2.182511377922514e+49,0.859389241974539,0.8854576572821506,0.04432103415291847,4.1737841010879675e+64
SCRIPT_SELF_SHIELDING_AUDITOR,2,1,2,1.0866832113371535e+49,0.8601222518124247,0.8811097398634055,0.04432103415291948,2.0806383871184418e+64
SCRIPT_SELF_SHIELDING_AUDITOR,2,1,3,5.4757954852303084e+48,0.8609576984184782,0.8802788548644092,0.044321034152918444,1.04376832108297e+64
SCRIPT_SELF_SHIELDING_AUDITOR,2,1,4,5.510000474066813e+47,0.8623044440500094,0.8775950173030673,0.04432103415291847,1.0431064681140173e+63
SCRIPT_SELF_SHIELDING_AUDITOR,2,1,5,1.4009643754582648e+46,0.8624272526646127,0.8764153001140145,0.044321034152918506,2.6521573288700983e+61
SCRIPT_SELF_SHIELDING_AUDITOR,2,1,6,1.883033550084152e+50,0.8149146742053333,0.8336587857798192,0.041352625995595235,4.097317738500936e+65
SCRIPT_SELF_SHIELDING_AUDITOR,2,1,7,1.6209313022009115e+50,0.8098214530110659,0.8416052971233279,0.041352625995594104,3.632166870381585e+65
SCRIPT_SELF_SHIELDING_AUDITOR,2,1,8,7.346272633412219e+49,0.8090747994627129,0.8444793056981221,0.04135262599559474,1.6595080344051705e+65
SCRIPT_SELF_SHIELDING_AUDITOR,2,1,9,3.467197846454671e+49,0.8092347704700322,0.8456486806543259,0.04135262599559502,7.841100568448126e+64
SCRIPT_SELF_SHIELDING_AUDITOR,2,1,10,3.2352477167463606e+48,0.8096798477766195,0.8468617648859289,0.041352625995594056,7.322688718844664e+63
SCRIPT_SELF_SHIELDING_AUDITOR,2,1,11,8.214389213734263e+46,0.8097573823502808,0.8469703604263492,0.041352625995594104,1.860010853839652e+62
SCRIPT_SELF_SHIELDING_AUDITOR,2,1,12,6.494779788231859e+49,0.6900123589252636,0.6967458195333098,0.03662650875655326,2.258690896675877e+65
SCRIPT_SELF_SHIELDING_AUDITOR,2,1,13,4.095280642155613e+49,0.68370412453997,0.7013374378912948,0.03662650875655382,1.456706786937719e+65
SCRIPT_SELF_SHIELDING_AUDITOR,2,1,14,7.394930272352015e+48,0.6708080409428863,0.7060967612837805,0.03662650875655334,2.7717240458127087e+64
SCRIPT_SELF_SHIELDING_AUDITOR,2,1,15,9.429096635703552e+48,0.6821184893419936,0.7031086873121934,0.03662650875655353,3.374854130182548e+64
SCRIPT_SELF_SHIELDING_AUDITOR,2,1,16,9.394216202967803e+47,0.6821212838525215,0.7035811788749315,0.036626508756553273,3.3627512443340035e+63
SCRIPT_SELF_SHIELDING_AUDITOR,2,1,17,2.484565196787947e+46,0.6823011534988245,0.7035658671208203,0.03662650875655328,8.887758848208151e+61
SCRIPT_SELF_SHIELDING_AUDITOR,2,2,0,7.037237895872184e+49,0.8697030013733331,0.88753363952759,0.05213596002308392,3.722687062770285e+64
SCRIPT_SELF_SHIELDING_AUDITOR,2,2,1,2.2185013028836228e+49,0.8633629424322762,0.8886165494603083,0.052135960023084724,1.263049559540334e+64
SCRIPT_SELF_SHIELDING_AUDITOR,2,2,2,1.1031668837244627e+49,0.8641348042293876,0.8845810467311754,0.05213596002308392,6.28829933472436e+63
SCRIPT_SELF_SHIELDING_AUDITOR,2,2,3,5.55510674901297e+48,0.8649979660427687,0.8836880920142527,0.05213596002308392,3.1517455812480448e+63
SCRIPT_SELF_SHIELDING_AUDITOR,2,2,4,5.583719511565188e+47,0.8663675068965356,0.8807619108085203,0.05213596002308392,3.1451715017161402e+62
SCRIPT_SELF_SHIELDING_AUDITOR,2,2,5,1.4194774124284067e+46,0.8664940366634877,0.8795250198304945,0.05213596002308439,7.995397174976246e+60
SCRIPT_SELF_SHIELDING_AUDITOR,2,2,6,1.9506627925018314e+50,0.8209242451940557,0.8403333784489446,0.048750730685095674,1.248660044112139e+65
SCRIPT_SELF_SHIELDING_AUDITOR,2,2,7,1.6703965498132398e+50,0.8157941954104593,0.8477564030431008,0.048750730685095674,1.1030989977161113e+65
SCRIPT_SELF_SHIELDING_AUDITOR,2,2,8,7.552788168852807e+49,0.8150757359235001,0.850796250700304,0.048750730685095674,5.03044191589963e+64
SCRIPT_SELF_SHIELDING_AUDITOR,2,2,9,3.5610844977983043e+49,0.8152536936980084,0.8517503039082504,0.048750730685096555,2.3746112086525365e+64
SCRIPT_SELF_SHIELDING_AUDITOR,2,2,10,3.317944106688152e+48,0.8157300585703923,0.8526182366901796,0.048750730685095674,2.2144039199644054e+63
SCRIPT_SELF_SHIELDING_AUDITOR,2,2,11,8.421686112908745e+46,0.8158152427613936,0.8526605253317461,0.04875073068509556,5.623030086642237e+61
SCRIPT_SELF_SHIELDING_AUDITOR,2,2,12,6.895059638646739e+49,0.701167433040408,0.7080763851830254,0.04335876271572105,6.893831782798887e+64
SCRIPT_SELF_SHIELDING_AUDITOR,2,2,13,4.3336271277876887e+49,0.6945721770754542,0.7126988713342206,0.04335876271572109,4.4389664670797775e+64
SCRIPT_SELF_SHIELDING_AUDITOR,2,2,14,7.805403734329862e+48,0.6813281090973854,0.7180032467220212,0.04335876271572167,8.449205262323062e+63
SCRIPT_SELF_SHIELDING_AUDITOR,2,2,15,9.961730620402754e+48,0.6929288435483759,0.7148467882475771,0.043358762715721,1.0271901147545876e+64
SCRIPT_SELF_SHIELDING_AUDITOR,2,2,16,9.919293474493153e+47,0.6929306735613704,0.7154459454545391,0.04335876271572109,1.0229522802002868e+63
SCRIPT_SELF_SHIELDING_AUDITOR,2,2,17,2.623294333094784e+46,0.6931161460789419,0.7154092084607234,0.04335876271572034,2.7034080300471256e+61
SCRIPT_SELF_SHIELDING_AUDITOR,3,1,0,4.889769710235154e+49,0.8831982496416273,0.9076017710926345,0.055772570163358105,1.5530475644253051e+65
SCRIPT_SELF_SHIELDING_AUDITOR,3,1,1,1.3308971408869215e+49,0.8799855152473588,0.8882108174166174,0.05577257016335671,4.557112201165377e+64
SCRIPT_SELF_SHIELDING_AUDITOR,3,1,2,6.829154672415552e+48,0.8807682433408914,0.8812265348973531,0.05577257016335756,2.3334878924784814e+64
SCRIPT_SELF_SHIELDING_AUDITOR,3,1,3,3.4999435561829327e+48,0.881526763134278,0.8798512846187718,0.055772570163357425,1.188192724362547e+64
SCRIPT_SELF_SHIELDING_AUDITOR,3,1,4,3.509983461965903e+47,0.8827939689318043,0.8735579374650839,0.05577257016335804,1.180079994504032e+63
SCRIPT_SELF_SHIELDING_AUDITOR,3,1,5,8.953520056734375e+45,0.8829191480690937,0.8717243515081277,0.05577257016335713,3.008713513879273e+61
SCRIPT_SELF_SHIELDING_AUDITOR,3,1,6,1.1130522796398249e+50,0.839263305053265,0.870776747894072,0.05232028028211697,4.216505198004902e+65
SCRIPT_SELF_SHIELDING_AUDITOR,3,1,7,1.0668635961608368e+50,0.8362759377240245,0.8752514189957725,0.05232028028211697,4.1644714668143736e+65
SCRIPT_SELF_SHIELDING_AUDITOR,3,1,8,4.943637949694641e+49,0.8363874905623501,0.8745297333772099,0.0523202802821152,1.942200857179377e+65
SCRIPT_SELF_SHIELDING_AUDITOR,3,1,9,2.3326247194516378e+49,0.836898110520357,0.8742012885077717,0.05232028028211666,9.163235565793113e+64
SCRIPT_SELF_SHIELDING_AUDITOR,3,1,10,2.2450767554760452e+48,0.8377947880178145,0.8736383714119726,0.05232028028211713,8.800663813108222e+63
SCRIPT_SELF_SHIELDING_AUDITOR,3,1,11,5.692234527420003e+46,0.8379636235694476,0.873113567823091,0.05232028028211697,2.231539263719967e+62
SCRIPT_SELF_SHIELDING_AUDITOR,3,1,12,5.749739356204065e+49,0.7343776247699683,0.7469874454697736,0.046774916255349144,3.1829966212167883e+65
SCRIPT_SELF_SHIELDING_AUDITOR,3,1,13,3.099389058934184e+49,0.7251379701338856,0.7564094425159537,0.046774916255349505,1.7792100882564517e+65
SCRIPT_SELF_SHIELDING_AUDITOR,3,1,14,7.1814804528357e+48,0.7153766012792736,0.7613813081582772,0.046774916255350255,4.328943387325212e+64
SCRIPT_SELF_SHIELDING_AUDITOR,3,1,15,7.481593364685622e+48,0.723894741809832,0.7585296751385069,0.046774916255349505,4.32140486285977e+64
SCRIPT_SELF_SHIELDING_AUDITOR,3,1,16,7.557409170534901e+47,0.7241239479836279,0.7592876010559639,0.04677491625535115,4.362299346170692e+63
SCRIPT_SELF_SHIELDING_AUDITOR,3,1,17,2.0071338805054548e+46,0.7243341413600669,0.7590452844278548,0.04677491625535006,1.1573914693933048e+62
SCRIPT_SELF_SHIELDING_AUDITOR,3,2,0,5.525338695559308e+49,0.8825336429806594,0.9069041129309947,0.053955853864074484,1.9040007624254646e+65
SCRIPT_SELF_SHIELDING_AUDITOR,3,2,1,1.5067661602977798e+49,0.8793271257095067,0.887695436830994,0.05395585386407259,5.593287702068612e+64
SCRIPT_SELF_SHIELDING_AUDITOR,3,2,2,7.733064586221523e+48,0.8801007426139624,0.8806220706211862,0.05395585386407374,2.864695840756367e+64
SCRIPT_SELF_SHIELDING_AUDITOR,3,2,3,3.963607939502919e+48,0.8808407063799208,0.8792588541119903,0.0539558538640723,1.4589300553443036e+64
SCRIPT_SELF_SHIELDING_AUDITOR,3,2,4,3.975748275045006e+47,0.8821057001437118,0.8730059978611024,0.0539558538640724,1.4494082832506229e+63
SCRIPT_SELF_SHIELDING_AUDITOR,3,2,5,1.0141890183382265e+46,0.8822305421211122,0.8711771384727334,0.05395585386407392,3.6955112528190235e+61
SCRIPT_SELF_SHIELDING_AUDITOR,3,2,6,1.2558814045041363e+50,0.8382375284930348,0.8696729913292784,0.05059591547733336,5.168686280743756e+65
SCRIPT_SELF_SHIELDING_AUDITOR,3,2,7,1.2048312766452332e+50,0.8352745706309384,0.8742217571315289,0.05059591547733186,5.107715786402782e+65
SCRIPT_SELF_SHIELDING_AUDITOR,3,2,8,5.585094076537193e+49,0.8353771986844998,0.8735677508908086,0.05059591547733336,2.382875853556055e+65
SCRIPT_SELF_SHIELDING_AUDITOR,3,2,9,2.6358065600490545e+49,0.835883459459205,0.8731758991081521,0.050595915477332415,1.124459243392676e+65
SCRIPT_SELF_SHIELDING_AUDITOR,3,2,10,2.5374729175597246e+48,0.8367399363056491,0.8726496359312848,0.05059591547733189,1.080252302450212e+64
SCRIPT_SELF_SHIELDING_AUDITOR,3,2,11,6.433952614147316e+46,0.8369038625546483,0.8721467678659875,0.050595915477332595,2.7393028848157295e+62
SCRIPT_SELF_SHIELDING_AUDITOR,3,2,12,6.455643300421424e+49,0.7323194591389445,0.744800255081803,0.04519923373590495,3.8999384369166624e+65
SCRIPT_SELF_SHIELDING_AUDITOR,3,2,13,3.482678946672888e+49,0.7232949040889625,0.7543334354392093,0.04519923373590396,2.1805105674692373e+65
SCRIPT_SELF_SHIELDING_AUDITOR,3,2,14,8.072816939451387e+48,0.7135849088975974,0.7593318919919014,0.04519923373590396,5.304801664605132e+64
SCRIPT_SELF_SHIELDING_AUDITOR,3,2,15,8.40899953228962e+48,0.7220778334678299,0.7563832711779916,0.04519923373590396,5.297046006603844e+64
SCRIPT_SELF_SHIELDING_AUDITOR,3,2,16,8.495251714536501e+47,0.7222998858637986,0.7570986949811609,0.04519923373590396,5.3478547215411244e+63
SCRIPT_SELF_SHIELDING_AUDITOR,3,2,17,2.2561672323432824e+46,0.7225041455272682,0.7568649637321394,0.045199233735904565,1.4188662470701192e+62
SCRIPT_SELF_SHIELDING_AUDITOR,4,1,0,9.470135615370722e+49,0.89455989475447,0.9194018007965792,0.03519659009906403,2.154304555044403e+65
SCRIPT_SELF_SHIELDING_AUDITOR,4,1,1,1.8799253296152575e+49,0.8913205542919722,0.9024483596926525,0.03519659009906403,4.615253587141504e+64
SCRIPT_SELF_SHIELDING_AUDITOR,4,1,2,9.810083405906224e+48,0.8920648051327482,0.8965216465146069,0.03519659009906403,2.4013981191666784e+64
SCRIPT_SELF_SHIELDING_AUDITOR,4,1,3,5.0417210705777987e+48,0.8927563775526244,0.8951319523859681,0.03519659009906556,1.2264130831979061e+64
SCRIPT_SELF_SHIELDING_AUDITOR,4,1,4,5.07235394067817e+47,0.8939811503019259,0.8885145960277154,0.035196590099065034,1.2214700875182734e+63
SCRIPT_SELF_SHIELDING_AUDITOR,4,1,5,1.299548713035986e+46,0.894101135763925,0.8870041650671825,0.03519659009906392,3.127238398078164e+61
SCRIPT_SELF_SHIELDING_AUDITOR,4,1,6,1.5429636640665862e+50,0.8541218870180682,0.8933891800147249,0.03303538214311612,4.1516549403747816e+65
SCRIPT_SELF_SHIELDING_AUDITOR,4,1,7,1.6049459248411583e+50,0.8521027913052497,0.897345770048882,0.03303538214311605,4.424845835542775e+65
SCRIPT_SELF_SHIELDING_AUDITOR,4,1,8,7.642114089477545e+49,0.8524579619380328,0.8969818509910337,0.033035382143115695,2.1161042097519966e+65
SCRIPT_SELF_SHIELDING_AUDITOR,4,1,9,3.578222847002759e+49,0.8531146955479363,0.8964088223362067,0.03303538214311656,9.903561102930195e+64
SCRIPT_SELF_SHIELDING_AUDITOR,4,1,10,3.45920534495189e+48,0.8541249978426992,0.8958330426588678,0.0330353821431157,9.546603099424556e+63
SCRIPT_SELF_SHIELDING_AUDITOR,4,1,11,8.857946759591635e+46,0.8543022045387592,0.8955099383736906,0.03303538214311605,2.443787009119788e+62
SCRIPT_SELF_SHIELDING_AUDITOR,4,1,12,1.258272227048391e+50,0.7618943453913973,0.7749189489151964,0.029535218934526285,4.702395112252284e+65
SCRIPT_SELF_SHIELDING_AUDITOR,4,1,13,5.452689090755457e+49,0.7514140760020295,0.7908095672477566,0.029535218934526285,2.1185184375599894e+65
SCRIPT_SELF_SHIELDING_AUDITOR,4,1,14,1.7408608127177228e+49,0.7454243360511361,0.7968120141748423,0.029535218934526097,6.949251034135863e+64
SCRIPT_SELF_SHIELDING_AUDITOR,4,1,15,1.369589139273309e+49,0.7505183746891784,0.7931528360407869,0.029535218934525088,5.343852160655252e+64
SCRIPT_SELF_SHIELDING_AUDITOR,4,1,16,1.3912732382234248e+48,0.7508707011053499,0.7941444382389791,0.029535218934526666,5.4231889043582196e+63
SCRIPT_SELF_SHIELDING_AUDITOR,4,1,17,3.730707259272884e+46,0.751113318154004,0.7933838363472474,0.029535218934526028,1.452449901438312e+62
SCRIPT_SELF_SHIELDING_AUDITOR,4,2,0,9.422248100439925e+49,0.8928219961367723,0.9172990676506487,0.0326355349069758,5.984061199808563e+64
SCRIPT_SELF_SHIELDING_AUDITOR,4,2,1,1.8761313171021633e+49,0.8894381255351538,0.9007844777139931,0.0326355349069772,1.2841843373110705e+64
SCRIPT_SELF_SHIELDING_AUDITOR,4,2,2,9.792730049041592e+48,0.8901810246438486,0.8948483648970906,0.03263553490697742,6.684247123179756e+63
SCRIPT_SELF_SHIELDING_AUDITOR,4,2,3,5.033561997084848e+48,0.8908759456101469,0.8935053344822161,0.03263553490697615,3.414719922112105e+63
SCRIPT_SELF_SHIELDING_AUDITOR,4,2,4,5.0656319915141834e+47,0.8921058106776235,0.8869367417138994,0.03263553490697615,3.4028509591032305e+62
SCRIPT_SELF_SHIELDING_AUDITOR,4,2,5,1.297871409892787e+46,0.8922261111075741,0.8853734843808042,0.03263553490697693,8.712569859068906e+60
SCRIPT_SELF_SHIELDING_AUDITOR,4,2,6,1.5305465089832997e+50,0.8515436125521172,0.8903974810429383,0.030604368272252234,1.1529802198503664e+65
SCRIPT_SELF_SHIELDING_AUDITOR,4,2,7,1.5938621372958184e+50,0.8494785179381238,0.8945371267668316,0.030604368272252228,1.229687379394162e+65
SCRIPT_SELF_SHIELDING_AUDITOR,4,2,8,7.593189597978896e+49,0.8497969703004521,0.8944786382881447,0.030604368272253206,5.883647642228656e+64
SCRIPT_SELF_SHIELDING_AUDITOR,4,2,9,3.5564385997708313e+49,0.8504277891562266,0.8938138612063671,0.030604368272253272,2.7546492485231585e+64
SCRIPT_SELF_SHIELDING_AUDITOR,4,2,10,3.4393346511014214e+48,0.8514105662008233,0.8931701484742693,0.030604368272252977,2.6566199761305704e+63
SCRIPT_SELF_SHIELDING_AUDITOR,4,2,11,8.807642791480892e+46,0.851584410078762,0.8928927083499917,0.030604368272251922,6.801140752431853e+61
SCRIPT_SELF_SHIELDING_AUDITOR,4,2,12,1.2340119737668042e+50,0.7574838522179341,0.7701113612392756,0.027315259552740508,1.3045226273651782e+65
SCRIPT_SELF_SHIELDING_AUDITOR,4,2,13,5.357139371620728e+49,0.7472939344837275,0.7852500650626933,0.027315259552739397,5.878522655259991e+64
SCRIPT_SELF_SHIELDING_AUDITOR,4,2,14,1.711537496565844e+49,0.7415495711328095,0.7915844818601252,0.027315259552739397,1.928085648726461e+64
SCRIPT_SELF_SHIELDING_AUDITOR,4,2,15,1.3460680495139953e+49,0.746426080512187,0.7876409423248765,0.027315259552739717,1.4831544989879705e+64
SCRIPT_SELF_SHIELDING_AUDITOR,4,2,16,1.3677018520964912e+48,0.7467572969476635,0.7886345563028729,0.027315259552741056,1.505583061201198e+63
SCRIPT_SELF_SHIELDING_AUDITOR,4,2,17,3.667077436016882e+46,0.7469935041059581,0.7878566611819651,0.027315259552740116,4.031970819268972e+61
