interval_index,node_index,fraction,z_mid,group,raw_component_sum_kappa_cMpc_inv,authoritative_total_kappa_cMpc_inv,raw_sum_vs_authoritative_relative_residual,conditioned_kappa_sum_relative_residual,conditioned_current_sum_relative_residual,minimum_component_kappa_cMpc_inv,minimum_component_current_s-1_cMpc-3,exact_zero_G3_current
0,0,0.0,5.95,G1,0.03483795813299883,0.0348379578941765,6.8552333260485874e-09,0.0,0.0,0.0,0.0,True
0,0,0.0,5.95,G2a,0.016821706483033126,0.0168216818141389,1.4664939272149293e-06,0.0,0.0,0.0,0.0,True
0,0,0.0,5.95,G2b,0.0006096451812474283,0.0006096451812474,4.6416633104474895e-14,0.0,0.0,0.0,0.0,True
0,0,0.0,5.95,G3,1.9195993674947422,1.919599367494748,3.007481574441918e-15,0.0,0.0,0.0,0.0,True
0,1,0.0096073597983847,5.95,G1,0.03492930850755076,0.034929307742544,2.1901572311930496e-08,0.0,1.9556838653569777e-16,0.0,0.0,True
0,1,0.0096073597983847,5.95,G2a,0.017704288760012312,0.017704264340754,1.3792868115468222e-06,0.0,1.3437948893473275e-16,0.0,0.0,True
0,1,0.0096073597983847,5.95,G2b,0.0008444193114257426,0.0008444193114257,5.0459700295982016e-14,0.0,0.0,0.0,0.0,True
0,1,0.0096073597983847,5.95,G3,1.9195790097058223,1.9195790097058272,2.5448190898374666e-15,0.0,0.0,0.0,0.0,True
0,2,0.0380602337443566,5.95,G1,0.035202497272322386,0.0352024949366526,6.634955260201503e-08,0.0,0.0,0.0,0.0,True
0,2,0.0380602337443566,5.95,G2a,0.018234672681727824,0.0182346490702937,1.29486638502522e-06,0.0,1.284275375490455e-16,0.0,0.0,True
0,2,0.0380602337443566,5.95,G2b,0.0009913743210671648,0.0009913743210675,3.381521032051149e-13,0.0,0.0,0.0,0.0,True
0,2,0.0380602337443566,5.95,G3,1.9195858796528098,1.9195858796528151,2.776156344286399e-15,0.0,0.0,0.0,0.0,True
0,3,0.0842651938487273,5.95,G1,0.035649553752217386,0.0356495488722516,1.3688716800087544e-07,0.0,0.0,0.0,0.0,True
0,3,0.0842651938487273,5.95,G2a,0.018421831122245106,0.0184218090184116,1.1998731223682233e-06,0.0,1.2412158866323343e-16,0.0,0.0,True
0,3,0.0842651938487273,5.95,G2b,0.0009895384458699459,0.0009895384458707,7.621442444485498e-13,0.0,1.8378824665609198e-16,0.0,0.0,True
0,3,0.0842651938487273,5.95,G3,1.91959995092262,1.919599950922626,3.123152993463218e-15,0.0,0.0,0.0,0.0,True
0,4,0.1464466094067262,5.95,G1,0.036256392071020174,0.0362563838364027,2.271218638673052e-07,0.0,0.0,0.0,0.0,True
0,4,0.1464466094067262,5.95,G2a,0.018650292466070653,0.0186502727377223,1.05780481774703e-06,0.0,0.0,0.0,0.0,True
0,4,0.1464466094067262,5.95,G2b,0.0009758476107836483,0.0009758476107837,5.299643413178545e-14,0.0,0.0,0.0,0.0,True
0,4,0.1464466094067262,5.95,G3,1.9196183621187757,1.9196183621187812,2.891780591741544e-15,0.0,0.0,0.0,0.0,True
0,5,0.2222148834901988,5.95,G1,0.03700313547357384,0.0370031233512978,3.27601427643154e-07,0.0,0.0,0.0,0.0,True
0,5,0.2222148834901988,5.95,G2a,0.018938605348819366,0.0189385889808312,8.642665080698245e-07,0.0,0.0,0.0,0.0,True
0,5,0.2222148834901988,5.95,G2b,0.0009622172164542551,0.0009622172164551,8.779829734423865e-13,0.0,1.617744645062132e-16,0.0,0.0,True
0,5,0.2222148834901988,5.95,G3,1.9196409408797364,1.919640940879742,2.891746578702261e-15,0.0,0.0,0.0,0.0,True
0,6,0.3086582838174551,5.95,G1,0.03786364444892895,0.0378636282847097,4.269062418747047e-07,0.0,0.0,0.0,0.0,True
0,6,0.3086582838174551,5.95,G2a,0.019279094177203426,0.0192790821446707,6.241237335285425e-07,0.0,0.0,0.0,0.0,True
0,6,0.3086582838174551,5.95,G2b,0.0009502163250600833,0.0009502163250604,3.332877432545534e-13,0.0,0.0,0.0,0.0,True
0,6,0.3086582838174551,5.95,G3,1.9196668619299504,1.919666861929956,2.8917075317666913e-15,0.0,0.0,0.0,0.0,True
0,7,0.4024548389919358,5.95,G1,0.038805813467613706,0.0388057935259744,5.138830440816614e-07,0.0,0.0,0.0,0.0,True
0,7,0.4024548389919358,5.95,G2a,0.01966000869833176,0.0196600017966067,3.510541418519738e-07,0.0,0.0,0.0,0.0,True
0,7,0.4024548389919358,5.95,G2b,0.0009407328302350544,0.0009407328302355,4.736808141159381e-13,0.0,0.0,0.0,0.0,True
0,7,0.4024548389919358,5.95,G3,1.9196951362706696,1.9196951362706756,3.1229981363720693e-15,0.0,0.0,0.0,0.0,True
0,8,0.4999999999999999,5.95,G1,0.03979258789515647,0.0397925648108178,5.801168831291282e-07,0.0,0.0,0.0,0.0,True
0,8,0.4999999999999999,5.95,G2a,0.020066207172296294,0.0200662058550283,6.56460920209473e-08,0.0,0.0,0.0,0.0,True
0,8,0.4999999999999999,5.95,G2b,0.0009340873844617158,0.0009340873844612,5.522645977776086e-13,0.0,1.297209488401988e-16,0.0,0.0,True
0,8,0.4999999999999999,5.95,G3,1.9197246603912406,1.919724660391246,2.7759556503872122e-15,0.0,0.0,0.0,0.0,True
0,9,0.5975451610080641,5.95,G1,0.04078373382758131,0.0407837084755637,6.216211952725e-07,0.0,0.0,0.0,0.0,True
0,9,0.5975451610080641,5.95,G2a,0.02048018718698925,0.0204801914659452,2.089314427112367e-07,0.0,0.0,0.0,0.0,True
0,9,0.5975451610080641,5.95,G2b,0.0009301514170183634,0.0009301514170179,4.981855642449525e-13,0.0,1.2101742283080578e-16,0.0,0.0,True
0,9,0.5975451610080641,5.95,G3,1.919754268666292,1.9197542686662972,2.6602498020872757e-15,0.0,0.0,0.0,0.0,True
0,10,0.6913417161825448,5.95,G1,0.041738195993886715,0.0417381693162933,6.391653934307465e-07,0.0,0.0,0.0,0.0,True
0,10,0.6913417161825448,5.95,G2a,0.020883439244882757,0.0208834486869821,4.521331454159345e-07,0.0,0.0,0.0,0.0,True
0,10,0.6913417161825448,5.95,G2b,0.0009284943990412407,0.000928494399042,8.178565238437128e-13,0.0,0.0,0.0,0.0,True
0,10,0.6913417161825448,5.95,G3,1.9197827885200507,1.9197827885200565,3.0071942318543713e-15,0.0,0.0,0.0,0.0,True
0,11,0.777785116509801,5.95,G1,0.04261667598960489,0.0426166488288526,6.373272662091319e-07,0.0,0.0,0.0,0.0,True
0,11,0.777785116509801,5.95,G2a,0.021257875930361842,0.0212578897534672,6.502576463884064e-07,0.0,1.7532673763393098e-16,0.0,0.0,True
0,11,0.777785116509801,5.95,G2b,0.0009285235459968258,0.0009285235459973,5.107355998557937e-13,0.0,0.0,0.0,0.0,True
0,11,0.777785116509801,5.95,G3,1.9198090938656718,1.9198090938656776,3.0071530270888187e-15,0.0,0.0,0.0,0.0,True
0,12,0.8535533905932737,5.95,G1,0.043383968721135924,0.0433839416999547,6.228383167667831e-07,0.0,0.0,0.0,0.0,True
0,12,0.8535533905932737,5.95,G2a,0.021587094142336186,0.0215871113760321,7.983326538959721e-07,0.0,0.0,0.0,0.0,True
0,12,0.8535533905932737,5.95,G2b,0.0009295992435448509,0.0009295992435441,8.077872587337546e-13,0.0,0.0,0.0,0.0,True
0,12,0.8535533905932737,5.95,G3,1.919832153498629,1.9198321534986345,2.8914585647550627e-15,0.0,0.0,0.0,0.0,True
0,13,0.9157348061512728,5.95,G1,0.0440106656418393,0.0440106391083992,6.028869528440326e-07,0.0,0.0,0.0,0.0,True
0,13,0.9157348061512728,5.95,G2a,0.021857287705268104,0.0218573073619936,8.993205417190518e-07,0.0,0.0,0.0,0.0,True
0,13,0.9157348061512728,5.95,G2b,0.0009311209331199566,0.0009311209331199,6.078195795052067e-14,0.0,0.0,0.0,0.0,True
0,13,0.9157348061512728,5.95,G3,1.9198510721549804,1.919851072154986,2.8914300716538348e-15,0.0,0.0,0.0,0.0,True
0,14,0.9619397662556434,5.95,G1,0.044474047169742716,0.0444740212044194,5.838312482631522e-07,0.0,0.0,0.0,0.0,True
0,14,0.9619397662556434,5.95,G2a,0.02205773829092135,0.0220577594943491,9.612684259761842e-07,0.0,0.0,0.0,0.0,True
0,14,0.9619397662556434,5.95,G2b,0.0009325843825872601,0.0009325843825872,6.452308412672682e-14,0.0,0.0,0.0,0.0,True
0,14,0.9619397662556434,5.95,G3,1.9198651230092982,1.919865123009304,3.0070652666483365e-15,0.0,0.0,0.0,0.0,True
0,15,0.9903926402016152,5.95,G1,0.04475825020356655,0.0447582246709206,5.70457075467714e-07,0.0,0.0,0.0,0.0,True
0,15,0.9903926402016152,5.95,G2a,0.022180937542509094,0.022180959580619,9.935598063879743e-07,0.0,0.0,0.0,0.0,True
0,15,0.9903926402016152,5.95,G2b,0.0009336150187865763,0.0009336150187865,8.175514682935305e-14,0.0,0.0,0.0,0.0,True
0,15,0.9903926402016152,5.95,G3,1.9198737714574008,1.919873771457406,2.6600842144944234e-15,0.0,0.0,0.0,0.0,True
0,16,1.0,5.95,G1,0.04485399832853845,0.0448539729557437,5.656755262048707e-07,0.0,0.0,0.0,0.0,True
0,16,1.0,5.95,G2a,0.022222485348088645,0.0222225076467439,1.003426598387107e-06,0.0,0.0,0.0,0.0,True
0,16,1.0,5.95,G2b,0.0009339841313215446,0.0009339841313215,4.771034945326641e-14,0.0,0.0,0.0,0.0,True
0,16,1.0,5.95,G3,1.9198766908780602,1.9198766908780656,2.775735829035704e-15,0.0,0.0,0.0,0.0,True
1,0,0.0,5.85,G1,0.042806142492180975,0.0428145642480502,0.00019670306161311506,0.0,0.0,0.0,0.0,True
1,0,0.0,5.85,G2a,0.020803311357393228,0.0207790043824025,0.0011697853536868233,0.0,0.0,0.0,0.0,True
1,0,0.0,5.85,G2b,0.0009073002515798389,0.0009073002515798,4.289964421861093e-14,0.0,1.957506109726319e-16,0.0,0.0,True
1,0,0.0,5.85,G3,1.8650259102060094,1.8650259102060145,2.738313653085703e-15,0.0,0.0,0.0,0.0,True
1,1,0.0096073597983847,5.85,G1,0.043061545785987365,0.0430694353903767,0.00018318337163753613,0.0,0.0,0.0,0.0,True
1,1,0.0096073597983847,5.85,G2a,0.020921681327293794,0.0208988896345794,0.0010905695523977848,0.0,0.0,0.0,0.0,True
1,1,0.0096073597983847,5.85,G2b,0.0008876961902054612,0.0008876961902061,7.19628998159994e-13,0.0,0.0,0.0,0.0,True
1,1,0.0096073597983847,5.85,G3,1.8650252071026714,1.8650252071026767,2.857371845648929e-15,0.0,0.0,0.0,0.0,True
1,2,0.0380602337443566,5.85,G1,0.04382628019020346,0.0438326108944032,0.00014442909218869652,0.0,1.1556881153079653e-16,0.0,0.0,True
1,2,0.0380602337443566,5.85,G2a,0.021336340793294304,0.0213179577045808,0.0008623287919159078,0.0,0.0,0.0,0.0,True
1,2,0.0380602337443566,5.85,G2b,0.0008832649051388108,0.0008832649051388,1.2274937747188408e-14,0.0,0.0,0.0,0.0,True
1,2,0.0380602337443566,5.85,G3,1.8650323954687427,1.865032395468748,2.8573608325239678e-15,0.0,0.0,0.0,0.0,True
1,3,0.0842651938487273,5.85,G1,0.04508972931337006,0.045093670204506,8.739344387059826e-05,0.0,0.0,0.0,0.0,True
1,3,0.0842651938487273,5.85,G2a,0.022030720296312933,0.0220190382709091,0.0005305420364007543,0.0,1.680680817546111e-16,0.0,0.0,True
1,3,0.0842651938487273,5.85,G2b,0.0008924019911300361,0.0008924019911293,8.249345949867939e-13,1.2149257658126568e-16,1.9136156613393707e-16,0.0,0.0,True
1,3,0.0842651938487273,5.85,G3,1.865047034187716,1.8650470341877208,2.619226871389993e-15,0.0,0.0,0.0,0.0,True
1,4,0.1464466094067262,5.85,G1,0.04681055369024068,0.0468118945763643,2.864413277343405e-05,0.0,0.0,0.0,0.0,True
1,4,0.1464466094067262,5.85,G2a,0.022954789943705565,0.0229504377231801,0.0001896356216800739,0.0,1.6203767478412665e-16,0.0,0.0,True
1,4,0.1464466094067262,5.85,G2b,0.0009067356807285342,0.0009067356807278,8.097417216645248e-13,0.0,0.0,0.0,0.0,True
1,4,0.1464466094067262,5.85,G3,1.8650670844467918,1.8650670844467965,2.5001442266130317e-15,0.0,0.0,0.0,0.0,True
1,5,0.2222148834901988,5.85,G1,0.04887978865770126,0.0488797786758746,2.0421178111363715e-07,0.0,0.0,0.0,0.0,True
1,5,0.2222148834901988,5.85,G2a,0.02401186753301371,0.024011827050848,1.6859260906790905e-06,0.0,0.0,0.0,0.0,True
1,5,0.2222148834901988,5.85,G2b,0.000926405032678025,0.0009264050326773,7.826015265113551e-13,0.0,1.735470628017143e-16,0.0,0.0,True
1,5,0.2222148834901988,5.85,G3,1.8650918843582878,1.8650918843582929,2.738216790339449e-15,0.0,0.0,0.0,0.0,True
1,6,0.3086582838174551,5.85,G1,0.05120533769738183,0.0512055726906922,4.5892135958066095e-06,0.0,0.0,0.0,0.0,True
1,6,0.3086582838174551,5.85,G2a,0.025139292410991523,0.0251396075778609,1.2536666230790249e-05,0.0,1.5118378400850408e-16,0.0,0.0,True
1,6,0.3086582838174551,5.85,G2b,0.0009513845473241733,0.0009513845473235,7.076944343984169e-13,0.0,0.0,0.0,0.0,True
1,6,0.3086582838174551,5.85,G3,1.8651206109885208,1.8651206109885252,2.3810214054451557e-15,0.0,0.0,0.0,0.0,True
1,7,0.4024548389919358,5.85,G1,0.05378347463707474,0.0537838895053813,7.713616668077214e-06,0.0,0.0,0.0,0.0,True
1,7,0.4024548389919358,5.85,G2a,0.02636874000008419,0.0263693444788571,2.2923541895122844e-05,0.0,0.0,0.0,0.0,True
1,7,0.4024548389919358,5.85,G2b,0.0009812354218948155,0.0009812354218948,1.5911075910450685e-14,0.0,0.0,0.0,0.0,True
1,7,0.4024548389919358,5.85,G3,1.8651522563294365,1.8651522563294416,2.738128158677072e-15,0.0,0.0,0.0,0.0,True
1,8,0.4999999999999999,5.85,G1,0.05651058262163175,0.0565110975235464,9.111518572660173e-06,0.0,1.2182500052115421e-16,0.0,0.0,True
1,8,0.4999999999999999,5.85,G2a,0.027647134507638338,0.0276479472663383,2.9396710436902833e-05,1.2548660189965374e-16,1.429311637689046e-16,0.0,0.0,True
1,8,0.4999999999999999,5.85,G2b,0.0010150656737800568,0.0010150656737794,6.470612622001247e-13,2.1362207401786884e-16,0.0,0.0,0.0,True
1,8,0.4999999999999999,5.85,G3,1.865185653502819,1.865185653502824,2.619032212250121e-15,0.0,0.0,0.0,0.0,True
1,9,0.5975451610080641,5.85,G1,0.059270161160493176,0.0592707008309347,9.105180704070009e-06,0.0,0.0,0.0,0.0,True
1,9,0.5975451610080641,5.85,G2a,0.02892004345178291,0.0289209671856259,3.1939936069940683e-05,0.0,0.0,0.0,0.0,True
1,9,0.5975451610080641,5.85,G2b,0.001051425843659787,0.0010514258436597,8.270009222017972e-14,2.0623464394059782e-16,1.3250886412879036e-16,0.0,0.0,True
1,9,0.5975451610080641,5.85,G3,1.8652194924792365,1.865219492479242,2.9761189744737565e-15,0.0,0.0,0.0,0.0,True
1,10,0.6913417161825448,5.85,G1,0.061942813779463445,0.0619433171323231,8.12602364484e-06,0.0,0.0,0.0,0.0,True
1,10,0.6913417161825448,5.85,G2a,0.030136417245653017,0.0301373599148523,3.127909020386788e-05,0.0,0.0,0.0,0.0,True
1,10,0.6913417161825448,5.85,G2b,0.0010884389867546623,0.0010884389867546,5.717656704509343e-14,0.0,1.2400764059575143e-16,0.0,0.0,True
1,10,0.6913417161825448,5.85,G3,1.8652523827531968,1.8652523827532024,2.976066496123205e-15,0.0,0.0,0.0,0.0,True
1,11,0.777785116509801,5.85,G1,0.06441477226619993,0.0644152000524688,6.641076462050859e-06,0.0,0.0,0.0,0.0,True
1,11,0.777785116509801,5.85,G2a,0.03125063037370558,0.031251523285051,2.8571770318960872e-05,0.0,1.3649275650863337e-16,0.0,0.0,True
1,11,0.777785116509801,5.85,G2b,0.0011240254727192523,0.0011240254727195,2.2030797540251618e-13,0.0,0.0,0.0,0.0,True
1,11,0.777785116509801,5.85,G3,1.865282937290211,1.8652829372902164,2.856977036385987e-15,0.0,0.0,0.0,0.0,True
1,12,0.8535533905932737,5.85,G1,0.06658395852715879,0.0665842961804865,5.07106550768586e-06,0.0,0.0,0.0,0.0,True
1,12,0.8535533905932737,5.85,G2a,0.03222271392136773,0.0322235201809073,2.5020839903367722e-05,0.0,1.3558339916377688e-16,0.0,0.0,True
1,12,0.8535533905932737,5.85,G2b,0.0011561502064504024,0.0011561502064511,6.033607691153216e-13,0.0,0.0,0.0,0.0,True
1,12,0.8535533905932737,5.85,G3,1.865309860743215,1.86530986074322,2.6188578161508788e-15,0.0,0.0,0.0,0.0,True
1,13,0.9157348061512728,5.85,G1,0.06836374015275612,0.0683639941288869,3.715056939186748e-06,0.0,0.0,0.0,0.0,True
1,13,0.9157348061512728,5.85,G2a,0.03301818395592141,0.0330188966233974,2.158362479883956e-05,0.0,0.0,0.0,0.0,True
1,13,0.9157348061512728,5.85,G2b,0.0011830237579096752,0.0011830237579098,1.0557699237672719e-13,0.0,0.0,0.0,0.0,True
1,13,0.9157348061512728,5.85,G3,1.8653320244514704,1.8653320244514755,2.7378642763491426e-15,0.0,0.0,0.0,0.0,True
1,14,0.9619397662556434,5.85,G1,0.06968514539048257,0.0696853353017575,2.7252688690641738e-06,0.0,0.0,0.0,0.0,True
1,14,0.9619397662556434,5.85,G2a,0.03360842474827462,0.0336090587592304,1.8864287760013034e-05,0.0,0.0,0.0,0.0,True
1,14,0.9619397662556434,5.85,G2b,0.0012032234381362363,0.0012032234381362,3.009611632658103e-14,1.802162654286289e-16,0.0,0.0,0.0,True
1,14,0.9619397662556434,5.85,G3,1.8653485185746634,1.8653485185746683,2.6188035424518697e-15,0.0,0.0,0.0,0.0,True
1,15,0.9903926402016152,5.85,G1,0.07049817362765698,0.0704983245492422,2.140782581433107e-06,0.0,0.0,0.0,0.0,True
1,15,0.9903926402016152,5.85,G2a,0.033971698495614634,0.0339722815223415,1.7161836083506526e-05,0.0,1.3462078388420285e-16,0.0,0.0,True
1,15,0.9903926402016152,5.85,G2b,0.0012157398483264733,0.001215739848326,3.8936181055425875e-13,0.0,0.0,0.0,0.0,True
1,15,0.9903926402016152,5.85,G3,1.865358681633437,1.8653586816334424,2.856861026606547e-15,0.0,0.0,0.0,0.0,True
1,16,1.0,5.85,G1,0.07077255965415837,0.0707726976260614,1.9495074749083327e-06,0.0,0.0,0.0,0.0,True
1,16,1.0,5.85,G2a,0.03409434501739952,0.0340949105313361,1.658646196070874e-05,0.0,1.345816611207172e-16,0.0,0.0,True
1,16,1.0,5.85,G2b,0.0012199773590277022,0.0012199773590286,7.358492288191329e-13,0.0,0.0,0.0,0.0,True
1,16,1.0,5.85,G3,1.8653621138415504,1.865362113841556,2.975891427157663e-15,0.0,0.0,0.0,0.0,True
2,0,0.0,5.75,G1,0.07746243921493845,0.0775097379495998,0.0006102295777609584,0.0,1.2517383460554317e-16,0.0,0.0,True
2,0,0.0,5.75,G2a,0.0387080616652961,0.0387112688762037,8.284954228337171e-05,0.0,1.2028870001553757e-16,0.0,0.0,True
2,0,0.0,5.75,G2b,0.0011846175804933598,0.0011846175804943,7.936908412140128e-13,0.0,0.0,0.0,0.0,True
2,0,0.0,5.75,G3,1.811296527506114,1.81129652750612,3.3098966634857576e-15,0.0,0.0,0.0,0.0,True
2,1,0.0096073597983847,5.75,G1,0.07773674832341423,0.0777845177180943,0.0006141247137790932,0.0,0.0,0.0,0.0,True
2,1,0.0096073597983847,5.75,G2a,0.03883225827240842,0.0388355050883185,8.360431781940679e-05,0.0,1.203363360790294e-16,0.0,0.0,True
2,1,0.0096073597983847,5.75,G2b,0.0011661597229546366,0.0011661597229556,8.261493100009082e-13,1.8594402655883597e-16,2.1295736146617754e-16,0.0,0.0,True
2,1,0.0096073597983847,5.75,G3,1.8112956192246048,1.8112956192246108,3.3098983232468177e-15,0.0,0.0,0.0,0.0,True
2,2,0.0380602337443566,5.75,G1,0.07855925171666678,0.0786084335532033,0.000625655980070243,0.0,0.0,0.0,0.0,True
2,2,0.0380602337443566,5.75,G2a,0.039264501832970575,0.0392678682186022,8.572875952644037e-05,0.0,0.0,0.0,0.0,True
2,2,0.0380602337443566,5.75,G2b,0.0011592523759922694,0.0011592523759932,8.028270324347528e-13,0.0,0.0,0.0,0.0,True
2,2,0.0380602337443566,5.75,G3,1.8113007678362714,1.8113007678362767,2.942123479893785e-15,0.0,0.0,0.0,0.0,True
2,3,0.0842651938487273,5.75,G1,0.0799294030995912,0.0799809410048586,0.0006443773306475893,0.0,0.0,0.0,0.0,True
2,3,0.0842651938487273,5.75,G2a,0.04000381468330888,0.0400073828836153,8.918854594412914e-05,0.0,0.0,0.0,0.0,True
2,3,0.0842651938487273,5.75,G2b,0.0011711063879402655,0.00117110638794,2.266341423440767e-13,1.8515861302620645e-16,2.0665143148585314e-16,0.0,0.0,True
2,3,0.0842651938487273,5.75,G3,1.8113141497842147,1.81131414978422,2.9421017435521045e-15,0.0,0.0,0.0,0.0,True
2,4,0.1464466094067262,5.75,G1,0.08184459963554903,0.0818994348570872,0.0006695433446378745,0.0,0.0,0.0,0.0,True
2,4,0.1464466094067262,5.75,G2a,0.04104221370112658,0.0410460692144505,9.393136535855654e-05,0.0,1.2000363767429247e-16,0.0,0.0,True
2,4,0.1464466094067262,5.75,G2b,0.0011905550542493965,0.0011905550542498,3.389511868087326e-13,0.0,0.0,0.0,0.0,True
2,4,0.1464466094067262,5.75,G3,1.8113330431864756,1.8113330431864811,3.0646573494625318e-15,0.0,0.0,0.0,0.0,True
2,5,0.2222148834901988,5.75,G1,0.08429704431784506,0.0843561025527109,0.0007001062528811429,0.0,1.255032305470102e-16,0.0,0.0,True
2,5,0.2222148834901988,5.75,G2a,0.04237855016803506,0.0423827817789723,9.984268987596596e-05,0.0,0.0,0.0,0.0,True
2,5,0.2222148834901988,5.75,G2b,0.0012153191234891706,0.0012153191234901,7.647193928666467e-13,0.0,1.9030930997036672e-16,0.0,0.0,True
2,5,0.2222148834901988,5.75,G3,1.811356297331226,1.8113562973312325,3.554956886347132e-15,0.0,0.0,0.0,0.0,True
2,6,0.3086582838174551,5.75,G1,0.08726929140680216,0.0873334577058476,0.0007347275686892811,0.0,0.0,0.0,0.0,True
2,6,0.3086582838174551,5.75,G2a,0.0440079123081032,0.0440126107486955,0.00010675214472348427,0.0,1.1956621085833732e-16,0.0,0.0,True
2,6,0.3086582838174551,5.75,G2b,0.0012449039452057794,0.0012449039452062,3.3791397685280676e-13,0.0,0.0,0.0,0.0,True
2,6,0.3086582838174551,5.75,G3,1.8113831128187823,1.811383112818788,3.187155542742638e-15,0.0,0.0,0.0,0.0,True
2,7,0.4024548389919358,5.75,G1,0.09072791812913644,0.0907979970486872,0.0007718112935154159,0.0,0.0,0.0,0.0,True
2,7,0.4024548389919358,5.75,G2a,0.04591715045834677,0.0459224051902311,0.00011442632115122494,0.0,1.193107652204737e-16,0.0,0.0,True
2,7,0.4024548389919358,5.75,G2b,0.0012787542198476355,0.0012787542198473,2.6232730806321203e-13,0.0,0.0,0.0,0.0,True
2,7,0.4024548389919358,5.75,G3,1.8114125911669026,1.811412591166908,2.941941854764174e-15,0.0,0.0,0.0,0.0,True
2,8,0.4999999999999999,5.75,G1,0.09461527469884226,0.094691934661274,0.0008095722482169299,0.0,0.0,0.0,0.0,True
2,8,0.4999999999999999,5.75,G2a,0.04807970988042624,0.0480856035671171,0.00012256655326448076,0.0,0.0,0.0,0.0,True
2,8,0.4999999999999999,5.75,G2b,0.001316088997719172,0.0013160889977196,3.252386566857951e-13,0.0,0.0,0.0,0.0,True
2,8,0.4999999999999999,5.75,G3,1.811443722896498,1.811443722896504,3.3096277058994116e-15,0.0,0.0,0.0,0.0,True
2,9,0.5975451610080641,5.75,G1,0.09883972784132801,0.0989234320011103,0.0008461509885883158,0.0,0.0,0.0,0.0,True
2,9,0.5975451610080641,5.75,G2a,0.050449332424798404,0.0504559329390249,0.000130817405248928,0.0,0.0,0.0,0.0,True
2,9,0.5975451610080641,5.75,G2b,0.0013558435839851257,0.001355843583986,6.448388606316837e-13,0.0,1.5291498703511825e-16,0.0,0.0,True
2,9,0.5975451610080641,5.75,G3,1.8114754052626152,1.8114754052626207,3.06441650104601e-15,0.0,0.0,0.0,0.0,True
2,10,0.6913417161825448,5.75,G1,0.10326575583645706,0.103356686791683,0.0008797781551300664,0.0,0.0,0.0,0.0,True
2,10,0.6913417161825448,5.75,G2a,0.05295333806585296,0.0529606884437063,0.00013878931844239613,0.0,1.1849585940316966e-16,0.0,0.0,True
2,10,0.6913417161825448,5.75,G2b,0.0013966232456675584,0.0013966232456682,4.594158429390453e-13,0.0,0.0,0.0,0.0,True
2,10,0.6913417161825448,5.75,G3,1.811506462213872,1.8115064622138772,2.941789405315171e-15,0.0,0.0,0.0,0.0,True
2,11,0.777785116509801,5.75,G1,0.10770669092337204,0.1078046824451965,0.0009089727793064938,0.0,0.0,0.0,0.0,True
2,11,0.777785116509801,5.75,G2a,0.0554871809999493,0.0554952886069247,0.00014609541060011863,0.0,1.1824011368897639e-16,0.0,0.0,True
2,11,0.777785116509801,5.75,G2b,0.001436685897072396,0.0014366858970732,5.596521360397842e-13,0.0,1.3779982344025029e-16,0.0,0.0,True
2,11,0.777785116509801,5.75,G3,1.8115356696970544,1.81153566969706,3.0643145569714816e-15,0.0,0.0,0.0,0.0,True
2,12,0.8535533905932737,5.75,G1,0.11192448719187345,0.1120289801896744,0.0009327318487058913,0.0,0.0,0.0,0.0,True
2,12,0.8535533905932737,5.75,G2a,0.057913107774846505,0.0579219348680472,0.00015239638007263166,0.0,1.1801045140638025e-16,0.0,0.0,True
2,12,0.8535533905932737,5.75,G2b,0.0014739799965202255,0.0014739799965197,3.565999636779654e-13,0.0,0.0,0.0,0.0,True
2,12,0.8535533905932737,5.75,G3,1.81156179226277,1.8115617922627756,3.064270369818314e-15,0.0,0.0,0.0,0.0,True
2,13,0.9157348061512728,5.75,G1,0.11564164953165026,0.1157516880263658,0.0009506426782344178,0.0,0.0,0.0,0.0,True
2,13,0.9157348061512728,5.75,G2a,0.060066428394708306,0.0600758867689003,0.0001574404424253975,0.0,1.178179766341638e-16,0.0,0.0,True
2,13,0.9157348061512728,5.75,G2b,0.0015062635749743159,0.0015062635749737,4.0884400592540324e-13,0.0,0.0,0.0,0.0,True
2,13,0.9157348061512728,5.75,G3,1.8115836373530332,1.8115836373530383,2.819094745599356e-15,0.0,0.0,0.0,0.0,True
2,14,0.9619397662556434,5.75,G1,0.11856889461596234,0.1186831683597005,0.0009628470938003263,0.0,0.0,0.0,0.0,True
2,14,0.9619397662556434,5.75,G2a,0.06177209232991698,0.0617820442909877,0.00016108177035781382,0.0,0.0,0.0,0.0,True
2,14,0.9619397662556434,5.75,G2b,0.0015313160598976069,0.001531316059898,2.5672799890143525e-13,1.416039707123195e-16,1.2379333133128628e-16,0.0,0.0,True
2,14,0.9619397662556434,5.75,G3,1.8116001303130724,1.811600130313078,3.06420552209082e-15,0.0,0.0,0.0,0.0,True
2,15,0.9903926402016152,5.75,G1,0.12044714036159371,0.1205640669579466,0.0009698295628470437,0.0,0.0,0.0,0.0,True
2,15,0.9903926402016152,5.75,G2a,0.0628710669522354,0.062881333379763,0.00016326669578695,0.0,0.0,0.0,0.0,True
2,15,0.9903926402016152,5.75,G2b,0.0015472237704873826,0.0015472237704877,2.051767831899913e-13,0.0,1.2174097101156265e-16,0.0,0.0,True
2,15,0.9903926402016152,5.75,G3,1.811610405187255,1.8116104051872604,2.9416206171822592e-15,0.0,0.0,0.0,0.0,True
2,16,1.0,5.75,G1,0.12109501420937088,0.121212843756594,0.0009720879699821741,0.0,0.0,0.0,0.0,True
2,16,1.0,5.75,G2a,0.06325095990249087,0.0632613343271157,0.00016399313633165115,0.0,0.0,0.0,0.0,True
2,16,1.0,5.75,G2b,0.001552681175088908,0.0015526811750897,5.10161467741211e-13,1.3965547980870817e-16,0.0,0.0,0.0,True
2,16,1.0,5.75,G3,1.8116138959074517,1.8116138959074573,3.0641822386470314e-15,0.0,0.0,0.0,0.0,True
3,0,0.0,5.65,G1,0.09185821957981846,0.0918582391372604,2.1290895762200779e-07,0.0,0.0,0.0,0.0,True
3,0,0.0,5.65,G2a,0.04214636321394542,0.0421463428389776,4.834338272688685e-07,0.0,0.0,0.0,0.0,True
3,0,0.0,5.65,G2b,0.0015070165874429462,0.0015070165874437,5.001519934100137e-13,0.0,1.2659780502124536e-16,0.0,0.0,True
3,0,0.0,5.65,G3,1.758334057871436,1.758334057871441,2.9044685168972116e-15,0.0,0.0,0.0,0.0,True
3,1,0.0096073597983847,5.65,G1,0.09025304307400368,0.0902530649244236,2.421016941215831e-07,0.0,0.0,0.0,0.0,True
3,1,0.0096073597983847,5.65,G2a,0.041417835432333475,0.0414178111329835,5.866884152469761e-07,0.0,0.0,0.0,0.0,True
3,1,0.0096073597983847,5.65,G2b,0.001483031304560263,0.0014830313045612,6.317921372126419e-13,0.0,0.0,0.0,0.0,True
3,1,0.0096073597983847,5.65,G3,1.758331734329912,1.7583317343299174,3.0307537617363238e-15,0.0,0.0,0.0,0.0,True
3,2,0.0380602337443566,5.65,G1,0.0859239622862151,0.0859239880400243,2.9972781505837345e-07,0.0,0.0,0.0,0.0,True
3,2,0.0380602337443566,5.65,G2a,0.03948770808608587,0.0394876754418989,8.266930531188836e-07,0.0,0.0,0.0,0.0,True
3,2,0.0380602337443566,5.65,G2b,0.0014214616653511884,0.0014214616653515,2.1921076872325037e-13,1.525475078101951e-16,1.3249331309878022e-16,0.0,0.0,True
3,2,0.0380602337443566,5.65,G3,1.7583231306636147,1.7583231306636198,2.9044865668964072e-15,0.0,0.0,0.0,0.0,True
3,3,0.0842651938487273,5.65,G1,0.07999080778236554,0.0799908309197925,2.892509890749039e-07,0.0,0.0,0.0,0.0,True
3,3,0.0842651938487273,5.65,G2a,0.03684895279171376,0.0368489195347225,9.025228331803542e-07,0.0,0.0,0.0,0.0,True
3,3,0.0842651938487273,5.65,G2b,0.0013275174562306007,0.0013275174562314,6.020816056350164e-13,0.0,1.3967610718604874e-16,0.0,0.0,True
3,3,0.0842651938487273,5.65,G3,1.7583095231650827,1.758309523165088,3.0307920465607374e-15,0.0,0.0,0.0,0.0,True
3,4,0.1464466094067262,5.65,G1,0.07357738386589577,0.0735773899663076,8.291150081924063e-08,0.0,1.5322393025023497e-16,0.0,0.0,True
3,4,0.1464466094067262,5.65,G2a,0.033995496342516994,0.0339954866716131,2.8447611268399276e-07,0.0,0.0,0.0,0.0,True
3,4,0.1464466094067262,5.65,G2b,0.0012224808591701124,0.0012224808591696,4.1914271530165757e-13,1.7737736576456097e-16,1.485635166983041e-16,0.0,0.0,True
3,4,0.1464466094067262,5.65,G3,1.7582971154566382,1.758297115456643,2.651961754606336e-15,0.0,0.0,0.0,0.0,True
3,5,0.2222148834901988,5.65,G1,0.06743785804604885,0.0674378438069201,2.1114448427295662e-07,0.0,0.0,0.0,0.0,True
3,5,0.2222148834901988,5.65,G2a,0.03126146728458621,0.0312614850890994,5.695351049197421e-07,0.0,0.0,0.0,0.0,True
3,5,0.2222148834901988,5.65,G2b,0.0011218101343580197,0.0011218101343583,2.4993060163886993e-13,0.0,1.579201243272661e-16,0.0,0.0,True
3,5,0.2222148834901988,5.65,G3,1.7582893796810612,1.7582893796810664,2.9045423195367742e-15,0.0,0.0,0.0,0.0,True
3,6,0.3086582838174551,5.65,G1,0.06193435355871209,0.0619343390837267,2.3371502150524882e-07,0.0,0.0,0.0,0.0,True
3,6,0.3086582838174551,5.65,G2a,0.02880219889306568,0.0288022037583202,1.6891952294792753e-07,0.0,0.0,0.0,0.0,True
3,6,0.3086582838174551,5.65,G2b,0.0010313157697245132,0.0010313157697245,1.2825622270719872e-14,0.0,0.0,0.0,0.0,True
3,6,0.3086582838174551,5.65,G3,1.7582868953717814,1.7582868953717865,2.9045464234071136e-15,0.0,0.0,0.0,0.0,True
3,7,0.4024548389919358,5.65,G1,0.05719790967724777,0.057197904124537,9.707892020416213e-08,0.0,0.0,0.0,0.0,True
3,7,0.4024548389919358,5.65,G2a,0.02668056652314596,0.0266805468743748,7.364455927851602e-07,0.0,0.0,0.0,0.0,True
3,7,0.4024548389919358,5.65,G2b,0.0009527662882732715,0.0009527662882732,7.510482294008776e-14,0.0,1.7561982373259358e-16,0.0,0.0,True
3,7,0.4024548389919358,5.65,G3,1.758289100420543,1.7582891004205476,2.6519738433858096e-15,0.0,0.0,0.0,0.0,True
3,8,0.4999999999999999,5.65,G1,0.053224633861609624,0.0532246384108207,8.5471901982189e-08,0.0,0.0,0.0,0.0,True
3,8,0.4999999999999999,5.65,G2a,0.02489831677239988,0.0248982785237838,1.536195204957292e-06,0.0,0.0,0.0,0.0,True
3,8,0.4999999999999999,5.65,G2b,0.000886155769340521,0.0008861557693399,7.008147166522482e-13,0.0,0.0,0.0,0.0,True
3,8,0.4999999999999999,5.65,G3,1.7582949950934657,1.7582949950934703,2.6519649526601637e-15,0.0,0.0,0.0,0.0,True
3,9,0.5975451610080641,5.65,G1,0.04995150518834137,0.0499515167629309,2.3171647789628425e-07,0.0,1.3581774076121803e-16,0.0,0.0,True
3,9,0.5975451610080641,5.65,G2a,0.02342928005145533,0.0234292350689324,1.9199313505704128e-06,0.0,0.0,0.0,0.0,True
3,9,0.5975451610080641,5.65,G2b,0.0008306854534531245,0.0008306854534525,7.517893189968573e-13,0.0,0.0,0.0,0.0,True
3,9,0.5975451610080641,5.65,G3,1.7583034407519704,1.758303440751975,2.651952214477528e-15,0.0,0.0,0.0,0.0,True
3,10,0.6913417161825448,5.65,G1,0.04729794593292436,0.0472979597778898,2.9271802652687263e-07,0.0,0.0,0.0,0.0,True
3,10,0.6913417161825448,5.65,G2a,0.022238318199368407,0.0222382777179424,1.820348973059176e-06,0.0,0.0,0.0,0.0,True
3,10,0.6913417161825448,5.65,G2b,0.0007852771213988302,0.0007852771213988,3.852046594514704e-14,1.3806618618332273e-16,1.956487203919523e-16,0.0,0.0,True
3,10,0.6913417161825448,5.65,G3,1.7583133076879782,1.758313307687983,2.7782200629386015e-15,0.0,0.0,0.0,0.0,True
3,11,0.777785116509801,5.65,G1,0.04518563251810316,0.0451856439409772,2.5279874416328104e-07,0.0,1.3245689158680523e-16,0.0,0.0,True
3,11,0.777785116509801,5.65,G2a,0.02129062204522983,0.0212905938737126,1.3231907666463262e-06,0.0,0.0,0.0,0.0,True
3,11,0.777785116509801,5.65,G2b,0.0007488361831462144,0.0007488361831462,1.9111614794947134e-14,0.0,0.0,0.0,0.0,True
3,11,0.777785116509801,5.65,G3,1.758323549688239,1.758323549688244,2.7782038801771215e-15,0.0,0.0,0.0,0.0,True
3,12,0.8535533905932737,5.65,G1,0.04354671790411588,0.0435467234184807,1.2663099278318722e-07,0.0,0.0,0.0,0.0,True
3,12,0.8535533905932737,5.65,G2a,0.020555722080528645,0.0205557099861158,5.88372420820725e-07,0.0,0.0,0.0,0.0,True
3,12,0.8535533905932737,5.65,G2b,0.0007203786581611667,0.0007203786581611,9.256025682113846e-14,1.5050448263599749e-16,0.0,0.0,0.0,True
3,12,0.8535533905932737,5.65,G3,1.7583332435441283,1.7583332435441332,2.7781885636788727e-15,0.0,0.0,0.0,0.0,True
3,13,0.9157348061512728,5.65,G1,0.04232639628318901,0.0423263943099506,4.6619572448242145e-08,0.0,0.0,0.0,0.0,True
3,13,0.9157348061512728,5.65,G2a,0.02000882788314624,0.0200088317701154,1.9426267382279915e-07,0.0,0.0,0.0,0.0,True
3,13,0.9157348061512728,5.65,G2b,0.0006990860853525689,0.0006990860853525,9.848120195113725e-14,0.0,0.0,0.0,0.0,True
3,13,0.9157348061512728,5.65,G3,1.7583416118780628,1.7583416118780677,2.7781753416692945e-15,0.0,0.0,0.0,0.0,True
3,14,0.9619397662556434,5.65,G1,0.04148236534505639,0.0414823573204293,1.9344674731897147e-07,0.0,0.0,0.0,0.0,True
3,14,0.9619397662556434,5.65,G2a,0.0196304943533254,0.019630508283532,7.096202707343828e-07,0.0,1.804712599969145e-16,0.0,0.0,True
3,14,0.9619397662556434,5.65,G2b,0.0006843237539602942,0.0006843237539596,1.0144535346400564e-12,0.0,0.0,0.0,0.0,True
3,14,0.9619397662556434,5.65,G3,1.75834803753485,1.7583480375348544,2.5256047174407007e-15,0.0,0.0,0.0,0.0,True
3,15,0.9903926402016152,5.65,G1,0.04098661547554566,0.0409866038110289,2.8459339583222963e-07,0.0,1.2943734220733058e-16,0.0,0.0,True
3,15,0.9903926402016152,5.65,G2a,0.019408195480813666,0.0194082143063055,9.699754719814167e-07,0.0,0.0,0.0,0.0,True
3,15,0.9903926402016152,5.65,G2b,0.0006756431614818941,0.0006756431614812,1.0273266576154544e-12,0.0,0.0,0.0,0.0,True
3,15,0.9903926402016152,5.65,G3,1.7583520733742564,1.7583520733742612,2.778158812629859e-15,0.0,0.0,0.0,0.0,True
3,16,1.0,5.65,G1,0.040823124331048524,0.0408231114596501,3.152968494080623e-07,0.0,1.2931903888756e-16,0.0,0.0,True
3,16,1.0,5.65,G2a,0.01933487158200836,0.0193348918650752,1.0490395797790708e-06,0.0,0.0,0.0,0.0,True
3,16,1.0,5.65,G2b,0.0006727788818522683,0.0006727788818522,1.0152627959804537e-13,0.0,2.101169553308407e-16,0.0,0.0,True
3,16,1.0,5.65,G3,1.7583534488384078,1.7583534488384125,2.651876792180801e-15,0.0,0.0,0.0,0.0,True
4,0,0.0,5.55,G1,0.043758968458205816,0.0437589550169648,3.07165493573427e-07,0.0,0.0,0.0,0.0,True
4,0,0.0,5.55,G2a,0.021704474759005145,0.0217044611470613,6.27149587089825e-07,0.0,0.0,0.0,0.0,True
4,0,0.0,5.55,G2b,0.000652697065490801,0.0006526970654908,1.4949997584303649e-15,1.6611108427004053e-16,2.1988830676279693e-16,0.0,0.0,True
4,0,0.0,5.55,G3,1.7058682534635037,1.705868253463508,2.4731379372409694e-15,0.0,0.0,0.0,0.0,True
4,1,0.0096073597983847,5.55,G1,0.04388344366243731,0.0438834360744625,1.7291204813838673e-07,0.0,1.2259777999070563e-16,0.0,0.0,True
4,1,0.0096073597983847,5.55,G2a,0.021745261861823035,0.0217452553847317,2.9786227942152854e-07,0.0,0.0,0.0,0.0,True
4,1,0.0096073597983847,5.55,G2b,0.0006349770283910737,0.000634977028391,1.1610774001672415e-13,0.0,0.0,0.0,0.0,True
4,1,0.0096073597983847,5.55,G3,1.7058668052899946,1.7058668052899988,2.4731400367793588e-15,0.0,0.0,0.0,0.0,True
4,2,0.0380602337443566,5.55,G1,0.044250252706647675,0.0442502743972739,4.901806038752461e-07,0.0,0.0,0.0,0.0,True
4,2,0.0380602337443566,5.55,G2a,0.021915659248188887,0.0219156757832292,7.544846198768546e-07,0.0,1.614046173785932e-16,0.0,0.0,True
4,2,0.0380602337443566,5.55,G2b,0.0006310458498033718,0.0006310458498033,1.1373846106572564e-13,0.0,0.0,0.0,0.0,True
4,2,0.0380602337443566,5.55,G3,1.7058713870099615,1.7058713870099662,2.7334632252662404e-15,0.0,0.0,0.0,0.0,True
4,3,0.0842651938487273,5.55,G1,0.044844687997496746,0.0448447563888673,1.5250695077897848e-06,0.0,0.0,0.0,0.0,True
4,3,0.0842651938487273,5.55,G2a,0.022198686647941123,0.0221987393681727,2.374920066485421e-06,0.0,0.0,0.0,0.0,True
4,3,0.0842651938487273,5.55,G2b,0.0006362191548703575,0.0006362191548709,8.527482439943768e-13,0.0,0.0,0.0,0.0,True
4,3,0.0842651938487273,5.55,G3,1.7058814188123965,1.705881418812402,3.254103750652463e-15,0.0,0.0,0.0,0.0,True
4,4,0.1464466094067262,5.55,G1,0.0456419293371328,0.0456420550694631,2.7547473511613166e-06,0.0,0.0,0.0,0.0,True
4,4,0.1464466094067262,5.55,G2a,0.02257706551923504,0.0225771637882518,4.352584659542174e-06,0.0,0.0,0.0,0.0,True
4,4,0.1464466094067262,5.55,G2b,0.0006436945514436386,0.0006436945514442,8.721526128400985e-13,0.0,0.0,0.0,0.0,True
4,4,0.1464466094067262,5.55,G3,1.7058950143393807,1.7058950143393856,2.8635884783580404e-15,0.0,0.0,0.0,0.0,True
4,5,0.2222148834901988,5.55,G1,0.04660736270369984,0.0466075501536204,4.0218788573957595e-06,0.0,0.0,0.0,0.0,True
4,5,0.2222148834901988,5.55,G2a,0.02303323033639539,0.0230333790722374,6.4574043410775185e-06,0.0,0.0,0.0,0.0,True
4,5,0.2222148834901988,5.55,G2b,0.000653018789519394,0.0006530187895188,9.096742388416467e-13,0.0,0.0,0.0,0.0,True
4,5,0.2222148834901988,5.55,G3,1.7059115819756736,1.705911581975678,2.603236970439856e-15,0.0,0.0,0.0,0.0,True
4,6,0.3086582838174551,5.55,G1,0.047697913811694,0.0476981613264152,5.1891878915658625e-06,0.0,0.0,0.0,0.0,True
4,6,0.3086582838174551,5.55,G2a,0.0235459021240324,0.0235461015315992,8.468814530995064e-06,0.0,0.0,0.0,0.0,True
4,6,0.3086582838174551,5.55,G2b,0.0006638919236381913,0.0006638919236381,1.3750705449618223e-13,0.0,2.073602148495412e-16,0.0,0.0,True
4,6,0.3086582838174551,5.55,G3,1.7059304751648823,1.705930475164887,2.7333685465551935e-15,0.0,0.0,0.0,0.0,True
4,7,0.4024548389919358,5.55,G1,0.04886428792669492,0.048864588905489,6.159445946785569e-06,0.0,1.275899309650074e-16,0.0,0.0,True
4,7,0.4024548389919358,5.55,G2a,0.02409127851225631,0.0240915245298322,1.0211789444163528e-05,0.0,0.0,0.0,0.0,True
4,7,0.4024548389919358,5.55,G2b,0.0006759026142753694,0.0006759026142753,1.0266114906726736e-13,0.0,0.0,0.0,0.0,True
4,7,0.4024548389919358,5.55,G3,1.7059509509032504,1.705950950903255,2.7333357391997455e-15,0.0,0.0,0.0,0.0,True
4,8,0.4999999999999999,5.55,G1,0.05005422982979103,0.0500545743862834,6.883616464429311e-06,0.0,0.0,0.0,0.0,True
4,8,0.4999999999999999,5.55,G2a,0.02464471068911251,0.0246449960933646,1.15806166496473e-05,0.0,0.0,0.0,0.0,True
4,8,0.4999999999999999,5.55,G2b,0.0006885435236845116,0.0006885435236839,8.882495070563596e-13,0.0,0.0,0.0,0.0,True
4,8,0.4999999999999999,5.55,G3,1.70597220069544,1.7059722006954443,2.472987245545836e-15,0.0,0.0,0.0,0.0,True
4,9,0.5975451610080641,5.55,G1,0.05121635984709988,0.0512167367095978,7.35819035211984e-06,0.0,0.0,0.0,0.0,True
4,9,0.5975451610080641,5.55,G2a,0.025182506910141764,0.0251828228252665,1.2544865479503449e-05,0.0,0.0,0.0,0.0,True
4,9,0.5975451610080641,5.55,G2b,0.0007012494538692134,0.0007012494538692,1.9171646929122468e-14,0.0,1.8937073915204917e-16,0.0,0.0,True
4,9,0.5975451610080641,5.55,G3,1.7059933871981043,1.705993387198109,2.7332677479389155e-15,0.0,0.0,0.0,0.0,True
4,10,0.6913417161825448,5.55,G1,0.05230385988819852,0.0523042581670478,7.614654393982001e-06,0.0,0.0,0.0,0.0,True
4,10,0.6913417161825448,5.55,G2a,0.025683530621428537,0.0256838680552841,1.313796873725664e-05,0.0,1.4950283910627219e-16,0.0,0.0,True
4,10,0.6913417161825448,5.55,G2b,0.0007134479333121796,0.0007134479333121,1.1154344380954752e-13,0.0,0.0,0.0,0.0,True
4,10,0.6913417161825448,5.55,G3,1.70601368304171,1.706013683041715,2.8633892898450116e-15,0.0,0.0,0.0,0.0,True
4,11,0.777785116509801,5.55,G1,0.053277265589256925,0.0532776760972517,7.705065701967861e-06,0.0,0.0,0.0,0.0,True
4,11,0.777785116509801,5.55,G2a,0.026130304755441987,0.026130655813373,1.3434715665789748e-05,0.0,0.0,0.0,0.0,True
4,11,0.777785116509801,5.55,G2b,0.0007246093441783476,0.0007246093441783,6.568570465522714e-14,0.0,0.0,0.0,0.0,True
4,11,0.777785116509801,5.55,G3,1.7060323079234874,1.7060323079234925,2.9935106677386244e-15,0.0,0.0,0.0,0.0,True
4,12,0.8535533905932737,5.55,G1,0.05410588311872756,0.0541062990814803,7.68788033550215e-06,0.0,0.0,0.0,0.0,True
4,12,0.8535533905932737,5.55,G2a,0.026509473319079373,0.0265098319038624,1.3526482715049862e-05,0.0,0.0,0.0,0.0,True
4,12,0.8535533905932737,5.55,G2b,0.0007342847109364036,0.0007342847109364,4.8725884059869266e-15,0.0,0.0,0.0,0.0,True
4,12,0.8535533905932737,5.55,G3,1.7060485604671987,1.706048560467203,2.6030279567684072e-15,0.0,0.0,0.0,0.0,True
4,13,0.9157348061512728,5.55,G1,0.05476776588604963,0.0547681830639767,7.617158425307015e-06,0.0,0.0,0.0,0.0,True
4,13,0.9157348061512728,5.55,G2a,0.026811645069560203,0.0268120070662599,1.350129062703924e-05,0.0,0.0,0.0,0.0,True
4,13,0.9157348061512728,5.55,G2b,0.0007421247203664813,0.0007421247203658,9.180567989354482e-13,0.0,0.0,0.0,0.0,True
4,13,0.9157348061512728,5.55,G3,1.7060618427856604,1.7060618427856649,2.603007691239093e-15,0.0,0.0,0.0,0.0,True
4,14,0.9619397662556434,5.55,G1,0.055248573670455554,0.055248990046168,7.53634975219399e-06,0.0,0.0,0.0,0.0,True
4,14,0.9619397662556434,5.55,G2a,0.02703078698398148,0.0270311500574138,1.3431667966321905e-05,0.0,1.4855529809450148e-16,0.0,0.0,True
4,14,0.9619397662556434,5.55,G2b,0.0007478804773777332,0.0007478804773777,4.43608136347987e-14,1.4496997919868857e-16,0.0,0.0,0.0,True
4,14,0.9619397662556434,5.55,G3,1.7060716774656282,1.706071677465633,2.863291954771397e-15,0.0,0.0,0.0,0.0,True
4,15,0.9903926402016152,5.55,G1,0.05553986180927684,0.0555402770301013,7.476030849369221e-06,0.0,0.0,0.0,0.0,True
4,15,0.9903926402016152,5.55,G2a,0.02716340938141147,0.0271637725486606,1.3369543883380851e-05,0.0,1.4854445896151467e-16,0.0,0.0,True
4,15,0.9903926402016152,5.55,G2b,0.0007513918480542847,0.0007513918480548,6.858223095132344e-13,0.0,1.6899611552410974e-16,0.0,0.0,True
4,15,0.9903926402016152,5.55,G3,1.7060777180854445,1.7060777180854498,3.123580163851505e-15,0.0,0.0,0.0,0.0,True
4,16,1.0,5.55,G1,0.05563738124813944,0.0556377959717999,7.4539915397130925e-06,0.0,0.0,0.0,0.0,True
4,16,1.0,5.55,G2a,0.02720778675494954,0.0272081498611152,1.3345492711295525e-05,0.0,0.0,0.0,0.0,True
4,16,1.0,5.55,G2b,0.0007525714704134229,0.0007525714704134,3.0397997716917986e-14,1.4406633989060655e-16,1.6855606662561628e-16,0.0,0.0,True
4,16,1.0,5.55,G3,1.7060797550049471,1.7060797550049518,2.7331293802335305e-15,0.0,0.0,0.0,0.0,True
