shape_lane,interval_index,substep,substeps_per_interval,z_mid,tau_Myr,relaxation_lambda,absolute_state_feasible,shape_only_feasible,absolute_mass_min_cMpc3,absolute_mass_cap_slack_min_cMpc3,absolute_volume_cap_slack_min_cMpc3,absolute_opacity_min_cMpc_inv,absolute_cycling_slack_min_s_inv_cMpc3,shape_mass_simplex_residual,shape_mass_min,shape_mass_upper_slack_min,shape_opacity_simplex_residual_max,shape_opacity_min,shape_cycling_slack_min,blocking_for_R2B_core_gate,definition
LOCAL_NEUTRAL_HAZARD_PRIMARY,0,1,2,5.95,10.0,0.6364149217279105,True,True,5.3640286157926174e+60,2.62064619419259e+62,4.358673045601639e+63,3.866529890896117e-08,1.4161790392048522e+44,0.0,1.0142071417917203e-05,0.0004956369211407047,3.3306690738754696e-16,4.529080239645162e-06,5.671226595980681e-07,False,implied equilibrium y_eq=y_prev+(y_target-y_prev)/(1-exp(-dt/tau)); auditor only
LOCAL_NEUTRAL_HAZARD_PRIMARY,0,1,2,5.95,100.0,0.09622441459146866,True,True,5.385170615250883e+60,2.619825941270036e+62,4.358591020309384e+63,3.866529890896117e-08,1.5211030400548602e+44,2.220446049250313e-16,1.0142071417917203e-05,0.0004956369211402527,1.4432899320127035e-15,4.5290802396451684e-06,5.671226595980681e-07,False,implied equilibrium y_eq=y_prev+(y_target-y_prev)/(1-exp(-dt/tau)); auditor only
LOCAL_NEUTRAL_HAZARD_PRIMARY,0,1,2,5.95,300.0,0.0331623924176628,True,True,5.4325360471759445e+60,2.6179882894414445e+62,4.358407255126524e+63,3.866529890896117e-08,1.7561692942838584e+44,8.881784197001252e-16,1.0142071417917203e-05,0.00049563692113924,3.9968028886505635e-15,4.529080239645185e-06,5.671226595980647e-07,False,implied equilibrium y_eq=y_prev+(y_target-y_prev)/(1-exp(-dt/tau)); auditor only
LOCAL_NEUTRAL_HAZARD_PRIMARY,0,2,2,5.95,10.0,0.6364149217279105,True,True,5.4563420581395e+60,2.6170817033076903e+62,4.358177610717379e+63,3.928923095905849e-08,1.4488729188213852e+44,0.0,1.0143019946702448e-05,0.0004897854463847105,4.440892098500626e-16,4.529080239645161e-06,5.718020227757662e-07,False,implied equilibrium y_eq=y_prev+(y_target-y_prev)/(1-exp(-dt/tau)); auditor only
LOCAL_NEUTRAL_HAZARD_PRIMARY,0,2,2,5.95,100.0,0.09622441459146866,True,True,5.9822638254831724e+60,2.5967729145241267e+62,4.356146731839023e+63,4.279189888373956e-08,1.6574848575123345e+44,6.661338147750939e-16,1.0148344855642772e-05,0.0004897826633810871,3.3306690738754696e-15,4.529080239645161e-06,5.774269367750344e-07,False,implied equilibrium y_eq=y_prev+(y_target-y_prev)/(1-exp(-dt/tau)); auditor only
LOCAL_NEUTRAL_HAZARD_PRIMARY,0,2,2,5.95,300.0,0.0331623924176628,True,True,7.160511498708141e+60,2.551274164299144e+62,4.3515968568165246e+63,5.06390932548338e-08,2.124848154930182e+44,1.5543122344752192e-15,1.0160274503660118e-05,0.0004897764284850484,9.992007221626409e-15,4.529080239645161e-06,5.900287004654774e-07,False,implied equilibrium y_eq=y_prev+(y_target-y_prev)/(1-exp(-dt/tau)); auditor only
LOCAL_NEUTRAL_HAZARD_PRIMARY,1,1,2,5.85,10.0,0.6496856537667187,True,True,9.797483529861803e+60,2.5141743210094014e+62,3.418501480110437e+63,9.490268000198407e-08,1.987664735690765e+44,2.220446049250313e-16,1.33315130852397e-05,0.00037602035018887873,1.1102230246251565e-16,7.037210974096745e-06,1.0876101193506017e-06,False,implied equilibrium y_eq=y_prev+(y_target-y_prev)/(1-exp(-dt/tau)); auditor only
LOCAL_NEUTRAL_HAZARD_PRIMARY,1,1,2,5.85,100.0,0.09957863289317179,False,False,3.396762805174836e+61,1.681917283471618e+62,3.335275776356658e+63,4.033839371728917e-07,-2.868334222910055e+49,4.440892098500626e-16,-0.3419746244136229,0.0003232591172783808,1.9984014443252818e-15,-0.4253873581569889,-0.012260287147102589,False,implied equilibrium y_eq=y_prev+(y_target-y_prev)/(1-exp(-dt/tau)); auditor only
LOCAL_NEUTRAL_HAZARD_PRIMARY,1,1,2,5.85,300.0,0.034359962803547535,False,False,-1.8213077291016636e+65,-7.548637817043824e+65,3.1487096394828275e+63,1.09490294935963e-06,-9.913293777898053e+49,1.5543122344752192e-15,-1.33351710295871,0.0002049848467485251,5.995204332975845e-15,-1.6211992281867542,-0.06699057488774351,False,implied equilibrium y_eq=y_prev+(y_target-y_prev)/(1-exp(-dt/tau)); auditor only
LOCAL_NEUTRAL_HAZARD_PRIMARY,1,2,2,5.85,10.0,0.6496856537667187,True,True,8.126006931123443e+60,2.57073760776988e+62,3.425568584920955e+63,7.841103349783479e-08,2.2704517095330493e+44,0.0,1.2154398748038338e-05,0.0003826984118164642,1.1102230246251565e-16,6.158576795589739e-06,1.0584175828858833e-06,False,implied equilibrium y_eq=y_prev+(y_target-y_prev)/(1-exp(-dt/tau)); auditor only
LOCAL_NEUTRAL_HAZARD_PRIMARY,1,2,2,5.85,100.0,0.09957863289317179,False,True,7.359336912331766e+60,2.5916613075188567e+62,3.427660954895853e+63,9.537084914511782e-08,-4.1357662291042415e+48,2.220446049250313e-16,1.1822834923954392e-05,0.00038279270003113583,1.1102230246251565e-15,6.158576795589739e-06,6.974072804543269e-07,False,implied equilibrium y_eq=y_prev+(y_target-y_prev)/(1-exp(-dt/tau)); auditor only
LOCAL_NEUTRAL_HAZARD_PRIMARY,1,2,2,5.85,300.0,0.034359962803547535,False,False,5.6407012359532794e+60,2.638565733137455e+62,3.4323513974577125e+63,1.333894797447094e-07,-2.3502413222395177e+49,4.440892098500626e-16,1.1079571977575907e-05,0.0003830040648760167,3.552713678800501e-15,6.158576795589739e-06,-3.4701191647444163e-06,False,implied equilibrium y_eq=y_prev+(y_target-y_prev)/(1-exp(-dt/tau)); auditor only
LOCAL_NEUTRAL_HAZARD_PRIMARY,2,1,2,5.75,10.0,0.6631251333278736,True,True,2.4698716481778756e+61,2.1125194191553114e+62,2.431914430610219e+63,3.1565670322941137e-07,1.0987064261523518e+45,2.220446049250313e-16,1.7944081866847516e-05,0.0001868208236076792,1.1102230246251565e-16,1.0401962071129103e-05,3.811634613102548e-06,False,implied equilibrium y_eq=y_prev+(y_target-y_prev)/(1-exp(-dt/tau)); auditor only
LOCAL_NEUTRAL_HAZARD_PRIMARY,2,1,2,5.75,100.0,0.10309414093816975,False,False,1.1446137456920243e+62,-6.610984920660518e+65,2.1571935775997925e+63,1.6102717297563597e-06,-1.9193991556701056e+49,8.881784197001252e-16,-0.40253598459407797,0.00012065425392130731,1.3322676295501878e-15,-0.47362971154871336,-0.08287378555229735,False,implied equilibrium y_eq=y_prev+(y_target-y_prev)/(1-exp(-dt/tau)); auditor only
LOCAL_NEUTRAL_HAZARD_PRIMARY,2,1,2,5.75,300.0,0.035618315480829735,False,False,3.158124536046928e+62,-3.1207272447238633e+66,1.540953580191006e+63,4.5142870305608585e-06,-6.924323287291661e+49,1.9984014443252818e-15,-1.4085005772556876,-0.13915714672212087,3.6637359812630166e-15,-1.6396637235526899,-0.29245308678032256,False,implied equilibrium y_eq=y_prev+(y_target-y_prev)/(1-exp(-dt/tau)); auditor only
LOCAL_NEUTRAL_HAZARD_PRIMARY,2,2,2,5.75,10.0,0.6631251333278736,True,True,1.748374732219616e+61,2.3299480833744242e+62,2.4510816706721493e+63,2.5204461003075875e-07,6.3142633254083916e+44,0.0,1.5784531233827873e-05,0.00020342419294666728,2.220446049250313e-16,8.972472222193314e-06,2.7309878597318507e-06,False,implied equilibrium y_eq=y_prev+(y_target-y_prev)/(1-exp(-dt/tau)); auditor only
LOCAL_NEUTRAL_HAZARD_PRIMARY,2,2,2,5.75,100.0,0.10309414093816975,False,True,8.529165377033327e+60,2.585604892906067e+62,2.4766473516253136e+63,3.426124107315186e-07,-2.5574533741928685e+49,2.220446049250313e-16,1.4609894101593556e-05,0.00020345588564308912,3.1086244689504383e-15,8.972472222193314e-06,1.3476980244590134e-06,False,implied equilibrium y_eq=y_prev+(y_target-y_prev)/(1-exp(-dt/tau)); auditor only
LOCAL_NEUTRAL_HAZARD_PRIMARY,2,2,2,5.75,300.0,0.035618315480829735,False,False,-1.0686139778943237e+65,2.858521680324122e+62,2.53399500103631e+63,5.457695451738664e-07,-1.0526631336242442e+50,6.661338147750939e-16,1.1975007177677133e-05,0.0002035269771053748,9.103828801926284e-15,8.972472222193314e-06,-0.0003695565030724171,False,implied equilibrium y_eq=y_prev+(y_target-y_prev)/(1-exp(-dt/tau)); auditor only
LOCAL_NEUTRAL_HAZARD_PRIMARY,3,1,2,5.65,10.0,0.6767183149208609,True,True,3.6651971223414896e+60,2.679684075129373e+62,3.2343793856747228e+63,3.8987725668134996e-08,5.093176815355326e+44,2.220446049250313e-16,1.5138103005124204e-05,0.0004871691963736522,2.220446049250313e-16,8.427363941816465e-06,2.079369623774003e-06,False,implied equilibrium y_eq=y_prev+(y_target-y_prev)/(1-exp(-dt/tau)); auditor only
LOCAL_NEUTRAL_HAZARD_PRIMARY,3,1,2,5.65,100.0,0.10678067591089353,False,False,-1.265667702852109e+66,3.4468832086553894e+62,3.463256662622493e+63,-0.06437069464625707,3.6929281005347924e+45,5.551115123125783e-16,-0.05427682820635321,0.00044500017624503287,1.3322676295501878e-15,-0.12371523340966961,-0.01802969532111337,False,implied equilibrium y_eq=y_prev+(y_target-y_prev)/(1-exp(-dt/tau)); auditor only
LOCAL_NEUTRAL_HAZARD_PRIMARY,3,1,2,5.65,300.0,0.0369414231098882,False,False,-4.191058183081791e+66,5.169047807566397e+62,3.977027242684329e+63,-0.21126605095423456,1.083931411784752e+46,1.4432899320127035e-15,-0.6250707888948474,-0.4438679185068321,4.440892098500626e-15,-0.8668448957969621,-0.11264906497804694,False,implied equilibrium y_eq=y_prev+(y_target-y_prev)/(1-exp(-dt/tau)); auditor only
LOCAL_NEUTRAL_HAZARD_PRIMARY,3,2,2,5.65,10.0,0.6767183149208609,True,True,1.0110392486465527e+61,2.587565459813595e+62,3.2132632627916326e+63,1.2540760587444093e-07,4.1661803273986876e+44,2.220446049250313e-16,1.541087488134171e-05,0.00042168695780275887,1.1102230246251565e-16,8.603587465247284e-06,2.0436563701993292e-06,False,implied equilibrium y_eq=y_prev+(y_target-y_prev)/(1-exp(-dt/tau)); auditor only
LOCAL_NEUTRAL_HAZARD_PRIMARY,3,2,2,5.65,100.0,0.10678067591089353,True,True,1.9709225239545073e+61,2.2238616335506435e+62,3.1768928801653377e+63,2.2873121920341384e-07,9.759732351833019e+44,2.220446049250313e-16,1.5625677309105974e-05,0.0004217552418745922,1.2212453270876722e-15,8.603587465247284e-06,2.286762688566238e-06,False,implied equilibrium y_eq=y_prev+(y_target-y_prev)/(1-exp(-dt/tau)); auditor only
LOCAL_NEUTRAL_HAZARD_PRIMARY,3,2,2,5.65,300.0,0.0369414231098882,False,True,4.125613429592828e+61,-2.169235538124785e+65,3.095250731900673e+63,4.606661384843054e-07,2.2315817020978624e+45,0.0,1.610785347522805e-05,0.0004219085220414249,3.9968028886505635e-15,8.603587465247284e-06,2.832473804452001e-06,False,implied equilibrium y_eq=y_prev+(y_target-y_prev)/(1-exp(-dt/tau)); auditor only
LOCAL_NEUTRAL_HAZARD_PRIMARY,4,1,2,5.55,10.0,0.6904480064845657,True,True,9.308499370700758e+60,2.5629303997867626e+62,3.888254998989078e+63,5.997025632653263e-08,5.7044718053729376e+44,1.1102230246251565e-16,1.2894445370934045e-05,0.0003762157500436875,2.220446049250313e-16,7.017614918829555e-06,6.193232903718955e-07,False,implied equilibrium y_eq=y_prev+(y_target-y_prev)/(1-exp(-dt/tau)); auditor only
LOCAL_NEUTRAL_HAZARD_PRIMARY,4,1,2,5.55,100.0,0.11064866663102796,False,False,8.1530434175646e+60,-2.493304230583474e+65,3.835397597468867e+63,-0.008037390933263212,7.949453881218374e+45,7.771561172376096e-16,-0.09089896298744535,-0.23568647357602696,1.5543122344752192e-15,-0.17099052883396917,-0.006993358768243113,False,implied equilibrium y_eq=y_prev+(y_target-y_prev)/(1-exp(-dt/tau)); auditor only
LOCAL_NEUTRAL_HAZARD_PRIMARY,4,1,2,5.55,300.0,0.03833357528071304,False,False,-9.606778860390267e+64,-9.387392485028133e+65,3.716654414777746e+63,-0.029140308897161765,2.4526257044781566e+46,2.1094237467877974e-15,-0.6686406292729681,-0.9696464229148674,5.551115123125783e-15,-0.9225220903495747,-0.037140327333013756,False,implied equilibrium y_eq=y_prev+(y_target-y_prev)/(1-exp(-dt/tau)); auditor only
LOCAL_NEUTRAL_HAZARD_PRIMARY,4,2,2,5.55,10.0,0.6904480064845657,True,True,9.942229775996655e+60,2.570261952826138e+62,3.8958953561100495e+63,7.695897666591202e-08,2.5989458574654644e+44,0.0,1.3731207215260854e-05,0.00036188932088589994,2.220446049250313e-16,7.508555882233912e-06,8.670471830063156e-07,False,implied equilibrium y_eq=y_prev+(y_target-y_prev)/(1-exp(-dt/tau)); auditor only
LOCAL_NEUTRAL_HAZARD_PRIMARY,4,2,2,5.55,100.0,0.11064866663102796,True,True,1.290530527721961e+61,2.4450581722737153e+62,3.883374978054807e+63,6.99881029832559e-08,1.0864661067240658e+45,8.881784197001252e-16,1.4055162125929772e-05,0.0003621276527407509,2.3314683517128287e-15,7.508555882233905e-06,1.2110064881023433e-06,False,implied equilibrium y_eq=y_prev+(y_target-y_prev)/(1-exp(-dt/tau)); auditor only
LOCAL_NEUTRAL_HAZARD_PRIMARY,4,2,2,5.55,300.0,0.03833357528071304,False,True,1.956180002440769e+61,-6.115830984685043e+64,3.855248178476757e+63,5.4328163156288713e-08,2.943343862721589e+45,2.6645352591003757e-15,1.4782920888844662e-05,0.00036266306087977685,6.8833827526759706e-15,7.508555882233891e-06,1.9837047560584513e-06,False,implied equilibrium y_eq=y_prev+(y_target-y_prev)/(1-exp(-dt/tau)); auditor only
RECOMBINATION_WEIGHTED_AUDITOR,0,1,2,5.95,10.0,0.6364149217279105,True,True,5.3640029286809496e+60,2.6206456160356405e+62,4.358672987785944e+63,3.8663082310164076e-08,1.4161722574458982e+44,0.0,1.01420228498465e-05,0.0004956368118253096,2.220446049250313e-16,4.528820597172597e-06,5.671199437767852e-07,False,implied equilibrium y_eq=y_prev+(y_target-y_prev)/(1-exp(-dt/tau)); auditor only
RECOMBINATION_WEIGHTED_AUDITOR,0,1,2,5.95,100.0,0.09622441459146866,True,True,5.3851448268949955e+60,2.6198253608312586e+62,4.358590962265506e+63,3.8663082310164076e-08,1.521095755838762e+44,8.881784197001252e-16,1.01420228498465e-05,0.0004956368118242791,1.3322676295501878e-15,4.528820597172597e-06,5.671199437767954e-07,False,implied equilibrium y_eq=y_prev+(y_target-y_prev)/(1-exp(-dt/tau)); auditor only
RECOMBINATION_WEIGHTED_AUDITOR,0,1,2,5.95,300.0,0.0331623924176628,True,True,5.432510031997794e+60,2.61798770389058e+62,4.3584071965714385e+63,3.8663082310164076e-08,1.7561608843890232e+44,2.6645352591003757e-15,1.01420228498465e-05,0.0004956368118219704,3.774758283725532e-15,4.528820597172597e-06,5.671199437768225e-07,False,implied equilibrium y_eq=y_prev+(y_target-y_prev)/(1-exp(-dt/tau)); auditor only
RECOMBINATION_WEIGHTED_AUDITOR,0,2,2,5.95,10.0,0.6364149217279105,True,True,5.4563159504567904e+60,2.6170811156864604e+62,4.358177551955256e+63,3.928697859157292e-08,1.448865986189474e+44,0.0,1.0142971414300811e-05,0.0004897853371499333,1.1102230246251565e-16,4.528820597172597e-06,5.717993014318302e-07,False,implied equilibrium y_eq=y_prev+(y_target-y_prev)/(1-exp(-dt/tau)); auditor only
RECOMBINATION_WEIGHTED_AUDITOR,0,2,2,5.95,100.0,0.09622441459146866,True,True,5.982235319962127e+60,2.596772272942101e+62,4.35614666768082e+63,4.278944571580172e-08,1.6574769578315369e+44,6.661338147750939e-16,1.0148296523482316e-05,0.0004897825545986767,1.4432899320127035e-15,4.528820597172597e-06,5.774244269538549e-07,False,implied equilibrium y_eq=y_prev+(y_target-y_prev)/(1-exp(-dt/tau)); auditor only
RECOMBINATION_WEIGHTED_AUDITOR,0,2,2,5.95,300.0,0.0331623924176628,True,True,7.160477621195259e+60,2.551273401826169e+62,4.351596780569227e+63,5.0636190224044945e-08,2.1248380887235446e+44,1.3322676295501878e-15,1.0160226620109554e-05,0.000489776320716097,4.218847493575595e-15,4.528820597172597e-06,5.900266645288455e-07,False,implied equilibrium y_eq=y_prev+(y_target-y_prev)/(1-exp(-dt/tau)); auditor only
RECOMBINATION_WEIGHTED_AUDITOR,1,1,2,5.85,10.0,0.6496856537667187,True,True,9.797354052397938e+60,2.514172735910816e+62,3.418501321600578e+63,9.489452318812236e-08,1.987601386222577e+44,1.1102230246251565e-16,1.3331327227122951e-05,0.00037602012829696514,0.0,7.03658551260478e-06,1.087577679366543e-06,False,implied equilibrium y_eq=y_prev+(y_target-y_prev)/(1-exp(-dt/tau)); auditor only
RECOMBINATION_WEIGHTED_AUDITOR,1,1,2,5.85,100.0,0.09957863289317179,False,False,3.396692666572426e+61,1.6819101686544942e+62,3.335275064874946e+63,4.0334309029860357e-07,-2.8683657211662253e+49,4.440892098500626e-16,-0.34197517749381273,0.00032325827319109387,1.3322676295501878e-15,-0.42538625901315164,-0.012261203718584024,False,implied equilibrium y_eq=y_prev+(y_target-y_prev)/(1-exp(-dt/tau)); auditor only
RECOMBINATION_WEIGHTED_AUDITOR,1,1,2,5.85,300.0,0.034359962803547535,False,False,-1.8213239073782233e+65,-7.548629966141883e+65,3.1487076884102446e+63,1.094788821539518e-06,-9.91338806427635e+49,1.2212453270876722e-15,-1.333518332010088,0.00020498260789277167,3.552713678800501e-15,-1.6211940433424123,-0.06699337131732785,False,implied equilibrium y_eq=y_prev+(y_target-y_prev)/(1-exp(-dt/tau)); auditor only
RECOMBINATION_WEIGHTED_AUDITOR,1,2,2,5.85,10.0,0.6496856537667187,True,True,8.125912438142857e+60,2.5707363563491026e+62,3.425568459778877e+63,7.840470174621056e-08,2.270425213834439e+44,0.0,1.2154257429050989e-05,0.00038269822466021697,1.1102230246251565e-16,6.158079485748394e-06,1.0584037838772082e-06,False,implied equilibrium y_eq=y_prev+(y_target-y_prev)/(1-exp(-dt/tau)); auditor only
RECOMBINATION_WEIGHTED_AUDITOR,1,2,2,5.85,100.0,0.09957863289317179,False,True,7.359235338037815e+60,2.5916599623106786e+62,3.4276608203750345e+63,9.536314787525764e-08,-4.135767187906884e+48,6.661338147750939e-16,1.1822673918977409e-05,0.0003827924868028319,1.1102230246251565e-15,6.158079485748387e-06,6.973720471257567e-07,False,implied equilibrium y_eq=y_prev+(y_target-y_prev)/(1-exp(-dt/tau)); auditor only
RECOMBINATION_WEIGHTED_AUDITOR,1,2,2,5.85,300.0,0.034359962803547535,False,False,5.6405837875577134e+60,2.6385641776871e+62,3.432351241912677e+63,1.3337870844101188e-07,-2.350241933978958e+49,1.9984014443252818e-15,1.107936684273434e-05,0.00038300379320227245,3.4416913763379853e-15,6.158079485748371e-06,-3.4731354928455526e-06,False,implied equilibrium y_eq=y_prev+(y_target-y_prev)/(1-exp(-dt/tau)); auditor only
RECOMBINATION_WEIGHTED_AUDITOR,2,1,2,5.75,10.0,0.6631251333278736,True,True,2.4698456276168187e+61,2.1125190598263367e+62,2.431914394677322e+63,3.1563882787156976e-07,1.0986934520122984e+45,1.1102230246251565e-16,1.79438954511584e-05,0.0001868208348778623,2.220446049250313e-16,1.0401412359211207e-05,3.8115833295031173e-06,False,implied equilibrium y_eq=y_prev+(y_target-y_prev)/(1-exp(-dt/tau)); auditor only
RECOMBINATION_WEIGHTED_AUDITOR,2,1,2,5.75,100.0,0.10309414093816975,False,False,1.1446021173530109e+62,-6.610959492419397e+65,2.1571940230408788e+63,1.6101906751230891e-06,-1.919395087069392e+49,0.0,-0.4025345642453798,0.00012065533410820405,0.0,-0.47362439198616263,-0.08287375794023988,False,implied equilibrium y_eq=y_prev+(y_target-y_prev)/(1-exp(-dt/tau)); auditor only
RECOMBINATION_WEIGHTED_AUDITOR,2,1,2,5.75,300.0,0.035618315480829735,False,False,3.15809266040417e+62,-3.120719794475029e+66,1.5409551054259964e+63,4.514064255355231e-06,-6.924309780160703e+49,4.440892098500626e-16,-1.4084960184932793,-0.13915719124958636,2.220446049250313e-16,-1.6396467370650527,-0.29245297015605054,False,implied equilibrium y_eq=y_prev+(y_target-y_prev)/(1-exp(-dt/tau)); auditor only
RECOMBINATION_WEIGHTED_AUDITOR,2,2,2,5.75,10.0,0.6631251333278736,True,True,1.7483545419145184e+61,2.329947433015585e+62,2.4510816056362655e+63,2.5202966402773605e-07,6.314189334189821e+44,2.220446049250313e-16,1.578434931610447e-05,0.0002034241343483569,1.1102230246251565e-16,8.971940163217971e-06,2.7309518011901053e-06,False,implied equilibrium y_eq=y_prev+(y_target-y_prev)/(1-exp(-dt/tau)); auditor only
RECOMBINATION_WEIGHTED_AUDITOR,2,2,2,5.75,100.0,0.10309414093816975,False,True,8.528976114058023e+60,2.5856042832342953e+62,2.4766472906581364e+63,3.4259209414499915e-07,-2.5574518366774575e+49,6.661338147750939e-16,1.460965180727687e-05,0.00020345580759429088,6.661338147750939e-16,8.971940163217971e-06,1.3475908645316008e-06,False,implied equilibrium y_eq=y_prev+(y_target-y_prev)/(1-exp(-dt/tau)); auditor only
RECOMBINATION_WEIGHTED_AUDITOR,2,2,2,5.75,300.0,0.035618315480829735,False,False,-1.0686100402059358e+65,2.858523289418056e+62,2.533994949195851e+63,5.457371815646188e-07,-1.0526624566709574e+50,1.9984014443252818e-15,1.1974629449623684e-05,0.00020352685542622054,1.7763568394002505e-15,8.971940163217971e-06,-0.0003696092205849825,False,implied equilibrium y_eq=y_prev+(y_target-y_prev)/(1-exp(-dt/tau)); auditor only
RECOMBINATION_WEIGHTED_AUDITOR,3,1,2,5.65,10.0,0.6767183149208609,True,True,3.665167832527985e+60,2.679684368027508e+62,3.23437932532181e+63,3.898491125143413e-08,5.0931870217953846e+44,2.220446049250313e-16,1.5137954904794984e-05,0.0004871693444739815,0.0,8.426823441821323e-06,2.079361806561673e-06,False,implied equilibrium y_eq=y_prev+(y_target-y_prev)/(1-exp(-dt/tau)); auditor only
RECOMBINATION_WEIGHTED_AUDITOR,3,1,2,5.65,100.0,0.10678067591089353,False,False,-1.2656656253238805e+66,3.4468742465517882e+62,3.463256628611488e+63,-0.06437069464625704,3.692999625075307e+45,0.0,-0.0542747535895762,0.00044499958351792464,3.3306690738754696e-16,-0.12370883880578382,-0.01802924044882727,False,implied equilibrium y_eq=y_prev+(y_target-y_prev)/(1-exp(-dt/tau)); auditor only
RECOMBINATION_WEIGHTED_AUDITOR,3,1,2,5.65,300.0,0.0369414231098882,False,False,-4.191051766223496e+66,5.169018070365879e+62,3.9770272678041275e+63,-0.2112660509542345,1.083954390548995e+46,4.440892098500626e-16,-0.6250644302415662,-0.4438647610865864,3.3306690738754696e-16,-0.8668253312668313,-0.11264766059615472,False,implied equilibrium y_eq=y_prev+(y_target-y_prev)/(1-exp(-dt/tau)); auditor only
RECOMBINATION_WEIGHTED_AUDITOR,3,2,2,5.65,10.0,0.6767183149208609,True,True,1.0110290329133738e+61,2.5875647183046928e+62,3.2132631886407427e+63,1.2539976721469998e-07,4.166138214295769e+44,1.1102230246251565e-16,1.5410719318494644e-05,0.0004216868448874882,2.220446049250313e-16,8.603049694079247e-06,2.0436366026214314e-06,False,implied equilibrium y_eq=y_prev+(y_target-y_prev)/(1-exp(-dt/tau)); auditor only
RECOMBINATION_WEIGHTED_AUDITOR,3,2,2,5.65,100.0,0.10678067591089353,True,True,1.9709033351968948e+61,2.2238602407387008e+62,3.1768927408841433e+63,2.287169222539828e-07,9.759636351355167e+44,1.4432899320127035e-15,1.5625533806756725e-05,0.0004217551377141891,8.881784197001252e-16,8.603049694079247e-06,2.2867565706628436e-06,False,implied equilibrium y_eq=y_prev+(y_target-y_prev)/(1-exp(-dt/tau)); auditor only
RECOMBINATION_WEIGHTED_AUDITOR,3,2,2,5.65,300.0,0.0369414231098882,False,True,4.1255740987047704e+61,-2.1692217243632796e+65,3.0952504464187087e+63,4.6063734433670547e-07,2.2315600057213114e+45,4.440892098500626e-15,1.610773704559236e-05,0.00042190843753344635,2.3314683517128287e-15,8.603049694079247e-06,2.832498326554825e-06,False,implied equilibrium y_eq=y_prev+(y_target-y_prev)/(1-exp(-dt/tau)); auditor only
RECOMBINATION_WEIGHTED_AUDITOR,4,1,2,5.55,10.0,0.6904480064845657,True,True,9.308469959433533e+60,2.56292984945177e+62,3.888254943955579e+63,5.996943453713801e-08,5.7044133506794995e+44,1.1102230246251565e-16,1.289440935120964e-05,0.00037621567479248844,2.220446049250313e-16,7.017456971002231e-06,6.193278298399706e-07,False,implied equilibrium y_eq=y_prev+(y_target-y_prev)/(1-exp(-dt/tau)); auditor only
RECOMBINATION_WEIGHTED_AUDITOR,4,1,2,5.55,100.0,0.11064866663102796,False,False,8.153366717410221e+60,-2.493298825740234e+65,3.835397621939572e+63,-0.008037376342823786,7.949361289135702e+45,5.551115123125783e-16,-0.09089850445297185,-0.2356861173433737,2.4424906541753444e-15,-0.17098867512737806,-0.006993374820230408,False,implied equilibrium y_eq=y_prev+(y_target-y_prev)/(1-exp(-dt/tau)); auditor only
RECOMBINATION_WEIGHTED_AUDITOR,4,1,2,5.55,300.0,0.03833357528071304,False,False,-9.606686118903373e+64,-9.387383292602112e+65,3.71665461785319e+63,-0.029140271282112593,2.4525969578023663e+46,1.3322676295501878e-15,-0.6686394001604787,-0.9696464302037557,7.771561172376096e-15,-0.9225170646065187,-0.03714038547192278,False,implied equilibrium y_eq=y_prev+(y_target-y_prev)/(1-exp(-dt/tau)); auditor only
RECOMBINATION_WEIGHTED_AUDITOR,4,2,2,5.55,10.0,0.6904480064845657,True,True,9.94217817999459e+60,2.570261339497924e+62,3.895895294777228e+63,7.695615269273586e-08,2.598932293825995e+44,0.0,1.3731135994387197e-05,0.0003618892362247507,2.220446049250313e-16,7.508280359334287e-06,8.67043413402373e-07,False,implied equilibrium y_eq=y_prev+(y_target-y_prev)/(1-exp(-dt/tau)); auditor only
RECOMBINATION_WEIGHTED_AUDITOR,4,2,2,5.55,100.0,0.11064866663102796,True,True,1.2905246615569603e+61,2.4450574749676845e+62,3.883374908324204e+63,6.99855348029859e-08,1.0864605114180857e+45,6.661338147750939e-16,1.40551015411405e-05,0.0003621275807246929,2.4424906541753444e-15,7.50828035933428e-06,1.211014011366861e-06,False,implied equilibrium y_eq=y_prev+(y_target-y_prev)/(1-exp(-dt/tau)); auditor only
RECOMBINATION_WEIGHTED_AUDITOR,4,2,2,5.55,300.0,0.03833357528071304,False,True,1.9561725489909217e+61,-6.115777298941885e+64,3.855248089880691e+63,5.432616961008912e-08,2.943328744710105e+45,1.9984014443252818e-15,1.4782884197823811e-05,0.0003626630172706842,7.216449660063518e-15,7.508280359334266e-06,1.983737648544773e-06,False,implied equilibrium y_eq=y_prev+(y_target-y_prev)/(1-exp(-dt/tau)); auditor only
SCRIPT_SELF_SHIELDING_AUDITOR,0,1,2,5.95,10.0,0.6364149217279105,True,True,5.363976105965889e+60,2.620645420300206e+62,4.358672968212401e+63,3.866076771758964e-08,1.416165175871665e+44,0.0,1.014197213462642e-05,0.0004956367748165072,0.0,4.52854947614709e-06,5.671171078915601e-07,False,implied equilibrium y_eq=y_prev+(y_target-y_prev)/(1-exp(-dt/tau)); auditor only
SCRIPT_SELF_SHIELDING_AUDITOR,0,1,2,5.95,100.0,0.09622441459146866,True,True,5.385117898459803e+60,2.6198251643317634e+62,4.3585909426155566e+63,3.866076771758964e-08,1.5210881495942292e+44,3.3306690738754696e-16,1.014197213462642e-05,0.0004956367748168807,4.440892098500626e-16,4.52854947614709e-06,5.671171078915703e-07,False,implied equilibrium y_eq=y_prev+(y_target-y_prev)/(1-exp(-dt/tau)); auditor only
SCRIPT_SELF_SHIELDING_AUDITOR,0,1,2,5.95,300.0,0.0331623924176628,True,True,5.432482866712736e+60,2.617987505679321e+62,4.358407176750312e+63,3.866076771758964e-08,1.7561521027005352e+44,1.2212453270876722e-15,1.014197213462642e-05,0.0004956367748177175,1.5543122344752192e-15,4.52854947614709e-06,5.671171078915974e-07,False,implied equilibrium y_eq=y_prev+(y_target-y_prev)/(1-exp(-dt/tau)); auditor only
SCRIPT_SELF_SHIELDING_AUDITOR,0,2,2,5.95,10.0,0.6364149217279105,True,True,5.4562886885776286e+60,2.617080916742109e+62,4.358177532060821e+63,3.928462664900944e-08,1.4488587470723183e+44,1.1102230246251565e-16,1.0142920736326685e-05,0.0004897853001675309,1.1102230246251565e-16,4.52854947614709e-06,5.717964597797982e-07,False,implied equilibrium y_eq=y_prev+(y_target-y_prev)/(1-exp(-dt/tau)); auditor only
SCRIPT_SELF_SHIELDING_AUDITOR,0,2,2,5.95,100.0,0.09622441459146866,True,True,5.982205554238399e+60,2.5967720557055354e+62,4.356146645957164e+63,4.278688409558412e-08,1.6574687089130908e+44,8.881784197001252e-16,1.0148246054601814e-05,0.0004897825177649907,8.881784197001252e-16,4.52854947614709e-06,5.774218061757673e-07,False,implied equilibrium y_eq=y_prev+(y_target-y_prev)/(1-exp(-dt/tau)); auditor only
SCRIPT_SELF_SHIELDING_AUDITOR,0,2,2,5.95,300.0,0.0331623924176628,True,True,7.160442245988872e+60,2.55127314360868e+62,4.351596754747478e+63,5.063315885295671e-08,2.124827577498999e+44,2.6645352591003757e-15,1.0160176619671485e-05,0.0004897762842155876,2.886579864025407e-15,4.52854947614709e-06,5.900245385852118e-07,False,implied equilibrium y_eq=y_prev+(y_target-y_prev)/(1-exp(-dt/tau)); auditor only
SCRIPT_SELF_SHIELDING_AUDITOR,1,1,2,5.85,10.0,0.6496856537667187,True,True,9.797242493279806e+60,2.5141721273721845e+62,3.4185012607467146e+63,9.48875488985593e-08,1.9875439590952848e+44,2.220446049250313e-16,1.3331168093211217e-05,0.00037602004254901295,4.440892098500626e-16,7.036058539575065e-06,1.087547534267991e-06,False,implied equilibrium y_eq=y_prev+(y_target-y_prev)/(1-exp(-dt/tau)); auditor only
SCRIPT_SELF_SHIELDING_AUDITOR,1,1,2,5.85,100.0,0.09957863289317179,False,False,3.396634852347832e+61,1.6819072908297948e+62,3.335274777092476e+63,4.0331050553557947e-07,-2.868375473893904e+49,1.9984014443252818e-15,-0.3419757998689725,0.00032325791809848333,1.9984014443252818e-15,-0.4253858006973038,-0.012262019470269059,False,implied equilibrium y_eq=y_prev+(y_target-y_prev)/(1-exp(-dt/tau)); auditor only
SCRIPT_SELF_SHIELDING_AUDITOR,1,1,2,5.85,300.0,0.034359962803547535,False,False,-1.8213407715936305e+65,-7.548609914205254e+65,3.1487068919244343e+63,1.0946988260622358e-06,-9.913417457164773e+49,5.10702591327572e-15,-1.3335198090597062,0.0002049816490132284,6.217248937900877e-15,-1.6211909679922403,-0.0669958578798362,False,implied equilibrium y_eq=y_prev+(y_target-y_prev)/(1-exp(-dt/tau)); auditor only
SCRIPT_SELF_SHIELDING_AUDITOR,1,2,2,5.85,10.0,0.6496856537667187,True,True,8.125829339091391e+60,2.5707358853256754e+62,3.4255684126765346e+63,7.839913347488694e-08,2.2704019129774905e+44,2.220446049250313e-16,1.2154133150255567e-05,0.00038269815421630135,2.220446049250313e-16,6.157642141346268e-06,1.058391648747954e-06,False,implied equilibrium y_eq=y_prev+(y_target-y_prev)/(1-exp(-dt/tau)); auditor only
SCRIPT_SELF_SHIELDING_AUDITOR,1,2,2,5.85,100.0,0.09957863289317179,False,True,7.359146011535166e+60,2.5916594560056273e+62,3.427660769744529e+63,9.535637522170741e-08,-4.1357660310884824e+48,1.9984014443252818e-15,1.1822532327921782e-05,0.00038279240654844196,3.219646771412954e-15,6.157642141346275e-06,6.973410622190556e-07,False,implied equilibrium y_eq=y_prev+(y_target-y_prev)/(1-exp(-dt/tau)); auditor only
SCRIPT_SELF_SHIELDING_AUDITOR,1,2,2,5.85,300.0,0.034359962803547535,False,False,5.640480501046826e+60,2.638563592291623e+62,3.432351183373129e+63,1.3336923593718458e-07,-2.350241195900649e+49,5.773159728050814e-15,1.1079186442977055e-05,0.0003830036909558511,9.43689570931383e-15,6.157642141346291e-06,-3.475749492248012e-06,False,implied equilibrium y_eq=y_prev+(y_target-y_prev)/(1-exp(-dt/tau)); auditor only
SCRIPT_SELF_SHIELDING_AUDITOR,2,1,2,5.75,10.0,0.6631251333278736,True,True,2.4698304852640479e+61,2.112517859604597e+62,2.4319142746551478e+63,3.1562839798946713e-07,1.0986859946292692e+45,2.220446049250313e-16,1.794379625070317e-05,0.00018682075005317054,0.0,1.0401130590685876e-05,3.8115525853104845e-06,False,implied equilibrium y_eq=y_prev+(y_target-y_prev)/(1-exp(-dt/tau)); auditor only
SCRIPT_SELF_SHIELDING_AUDITOR,2,1,2,5.75,100.0,0.10309414093816975,False,False,1.1445968701237757e+62,-6.610942474061262e+65,2.1571935056861196e+63,1.6101534209804888e-06,-1.9193936870547385e+49,4.440892098500626e-16,-0.4025336312080764,0.0001206551677843999,8.881784197001252e-16,-0.4736206500319524,-0.08287381925335063,False,implied equilibrium y_eq=y_prev+(y_target-y_prev)/(1-exp(-dt/tau)); auditor only
SCRIPT_SELF_SHIELDING_AUDITOR,2,1,2,5.75,300.0,0.035618315480829735,False,False,3.15807903951068e+62,-3.120714977563595e+66,1.5409536967947705e+63,4.5139668303809e-06,-6.924304112298131e+49,5.551115123125783e-16,-1.4084929000267972,-0.1391537610476017,2.886579864025407e-15,-1.639634422684957,-0.292453113362402,False,implied equilibrium y_eq=y_prev+(y_target-y_prev)/(1-exp(-dt/tau)); auditor only
SCRIPT_SELF_SHIELDING_AUDITOR,2,2,2,5.75,10.0,0.6631251333278736,True,True,1.7483418606918016e+61,2.3299464900657034e+62,2.451081511341277e+63,2.5202027667117615e-07,6.314142861433829e+44,2.220446049250313e-16,1.5784235056356767e-05,0.0002034240493871315,0.0,8.971605985089888e-06,2.7309291533699524e-06,False,implied equilibrium y_eq=y_prev+(y_target-y_prev)/(1-exp(-dt/tau)); auditor only
SCRIPT_SELF_SHIELDING_AUDITOR,2,2,2,5.75,100.0,0.10309414093816975,False,True,8.528857240869651e+60,2.5856033993304666e+62,2.4766472022677538e+63,3.4257933360685104e-07,-2.5574502459391916e+49,1.1102230246251565e-16,1.4609499625911742e-05,0.00020345569443638067,4.440892098500626e-16,8.971605985089888e-06,1.3475235590154836e-06,False,implied equilibrium y_eq=y_prev+(y_target-y_prev)/(1-exp(-dt/tau)); auditor only
SCRIPT_SELF_SHIELDING_AUDITOR,2,2,2,5.75,300.0,0.035618315480829735,False,False,-1.0686086508172062e+65,2.8585243000654153e+62,2.533994874050382e+63,5.457168544752227e-07,-1.05266175628416e+50,4.440892098500626e-16,1.1974392204394034e-05,0.00020352667901892552,1.5543122344752192e-15,8.971605985089888e-06,-0.0003696345852454881,False,implied equilibrium y_eq=y_prev+(y_target-y_prev)/(1-exp(-dt/tau)); auditor only
SCRIPT_SELF_SHIELDING_AUDITOR,3,1,2,5.65,10.0,0.6767183149208609,True,True,3.6651298515796784e+60,2.6796847478369913e+62,3.234379319784727e+63,3.898162246859393e-08,5.093185975241565e+44,4.440892098500626e-16,1.5137825669471849e-05,0.0004871694737093046,2.220446049250313e-16,8.426360558818149e-06,2.0793524118705832e-06,False,implied equilibrium y_eq=y_prev+(y_target-y_prev)/(1-exp(-dt/tau)); auditor only
SCRIPT_SELF_SHIELDING_AUDITOR,3,1,2,5.65,100.0,0.10678067591089353,False,False,-1.2656640878117338e+66,3.4468698587488074e+62,3.4632570987706294e+63,-0.064370694646257,3.693039822664086e+45,2.6645352591003757e-15,-0.054273738747877165,0.00044499968473628597,1.3322676295501878e-15,-0.12370607867623346,-0.018028909962354935,False,implied equilibrium y_eq=y_prev+(y_target-y_prev)/(1-exp(-dt/tau)); auditor only
SCRIPT_SELF_SHIELDING_AUDITOR,3,1,2,5.65,300.0,0.0369414231098882,False,False,-4.191046896052764e+66,5.169002980499969e+62,3.977028805778863e+63,-0.21126605095423437,1.0839674571244187e+46,8.43769498715119e-15,-0.6250611223837408,-0.4438632007043409,3.552713678800501e-15,-0.8668162349230042,-0.11264661265642872,False,implied equilibrium y_eq=y_prev+(y_target-y_prev)/(1-exp(-dt/tau)); auditor only
SCRIPT_SELF_SHIELDING_AUDITOR,3,2,2,5.65,10.0,0.6767183149208609,True,True,1.0110210301902641e+61,2.5875643071505293e+62,3.2132631475253263e+63,1.2539362662524318e-07,4.1661052240545265e+44,0.0,1.5410597454858488e-05,0.0004216867822778688,2.220446049250313e-16,8.60262841900497e-06,2.0436211172470893e-06,False,implied equilibrium y_eq=y_prev+(y_target-y_prev)/(1-exp(-dt/tau)); auditor only
SCRIPT_SELF_SHIELDING_AUDITOR,3,2,2,5.65,100.0,0.10678067591089353,True,True,1.970888303254372e+61,2.223859468443814e+62,3.1768926636546546e+63,2.287057224188269e-07,9.759561147233392e+44,1.7763568394002505e-15,1.5625421390981354e-05,0.00042175507995817523,8.881784197001252e-16,8.60262841900497e-06,2.286751778066399e-06,False,implied equilibrium y_eq=y_prev+(y_target-y_prev)/(1-exp(-dt/tau)); auditor only
SCRIPT_SELF_SHIELDING_AUDITOR,3,2,2,5.65,300.0,0.0369414231098882,False,True,4.1255432879737925e+61,-2.1692186044987575e+65,3.0952502881224225e+63,4.6061478779706504e-07,2.231543009379425e+45,5.551115123125783e-15,1.610764583783284e-05,0.0004219083906725277,2.55351295663786e-15,8.60262841900497e-06,2.832517536492739e-06,False,implied equilibrium y_eq=y_prev+(y_target-y_prev)/(1-exp(-dt/tau)); auditor only
SCRIPT_SELF_SHIELDING_AUDITOR,4,1,2,5.55,10.0,0.6904480064845657,True,True,9.308437913016854e+60,2.562929645398964e+62,3.888254923550299e+63,5.99682758477836e-08,5.704366266678899e+44,0.0,1.2894368004812215e-05,0.0003762156478050717,2.220446049250313e-16,7.017283853966513e-06,6.193308636285315e-07,False,implied equilibrium y_eq=y_prev+(y_target-y_prev)/(1-exp(-dt/tau)); auditor only
SCRIPT_SELF_SHIELDING_AUDITOR,4,1,2,5.55,100.0,0.11064866663102796,False,False,8.153563781348189e+60,-2.493292161946819e+65,3.835397698593623e+63,-0.00803735602694023,7.949287948717748e+45,1.1102230246251565e-16,-0.09089810372418544,-0.23568524339565172,4.440892098500626e-16,-0.1709873427246045,-0.006993312383366521,False,implied equilibrium y_eq=y_prev+(y_target-y_prev)/(1-exp(-dt/tau)); auditor only
SCRIPT_SELF_SHIELDING_AUDITOR,4,1,2,5.55,300.0,0.03833357528071304,False,False,-9.606609418204551e+64,-9.387365505139375e+65,3.716654912549246e+63,-0.029140206539970254,2.452574205703677e+46,1.1102230246251565e-16,-0.6686381154339753,-0.9696441414604189,1.7763568394002505e-15,-0.9225127781258007,-0.037140189243771604,False,implied equilibrium y_eq=y_prev+(y_target-y_prev)/(1-exp(-dt/tau)); auditor only
SCRIPT_SELF_SHIELDING_AUDITOR,4,2,2,5.55,10.0,0.6904480064845657,True,True,9.942131375757573e+60,2.5702610710928175e+62,3.8958952679367175e+63,7.695359098437439e-08,2.5989199898533608e+44,1.1102230246251565e-16,1.373107138785727e-05,0.00036188919917527843,2.220446049250313e-16,7.508030424483027e-06,8.670399938847793e-07,False,implied equilibrium y_eq=y_prev+(y_target-y_prev)/(1-exp(-dt/tau)); auditor only
SCRIPT_SELF_SHIELDING_AUDITOR,4,2,2,5.55,100.0,0.11064866663102796,True,True,1.2905193401877447e+61,2.4450571698054242e+62,3.883374877807978e+63,6.99832051318237e-08,1.086455435752978e+45,4.440892098500626e-16,1.4055046582912664e-05,0.00036212754920797723,1.4432899320127035e-15,7.508030424483027e-06,1.2110208359393335e-06,False,implied equilibrium y_eq=y_prev+(y_target-y_prev)/(1-exp(-dt/tau)); auditor only
SCRIPT_SELF_SHIELDING_AUDITOR,4,2,2,5.55,300.0,0.03833357528071304,False,True,1.9561657877493695e+61,-6.115756240149887e+64,3.855248051107038e+63,5.4324361206237676e-08,2.943315030721339e+45,1.5543122344752192e-15,1.4782850914329595e-05,0.00036266299818320474,4.218847493575595e-15,7.508030424483027e-06,1.983767486277618e-06,False,implied equilibrium y_eq=y_prev+(y_target-y_prev)/(1-exp(-dt/tau)); auditor only
