interval_index,node_index,fraction,z_mid,thermal_photoheat_erg_cm-3_s-1,thermal_photoheat_H_erg_cm-3_s-1,thermal_photoheat_HeI_erg_cm-3_s-1,thermal_photoheat_HeII_erg_cm-3_s-1,thermal_threshold_H_erg_cm-3_s-1,thermal_threshold_HeI_erg_cm-3_s-1,thermal_threshold_HeII_erg_cm-3_s-1,thermal_recombination_cooling_erg_cm-3_s-1,thermal_excitation_cooling_erg_cm-3_s-1,thermal_collisional_ionization_cooling_erg_cm-3_s-1,thermal_free_free_cooling_erg_cm-3_s-1,thermal_cooling_total_erg_cm-3_s-1,thermal_expansion_work_erg_cm-3_s-1,thermal_thermal_rhs_erg_cm-3_s-1
0,0,0.0,5.95,8.061970534183521e-33,7.892750706577928e-33,1.6921982760559372e-34,0.0,2.6877956762829937e-32,5.699484443602918e-34,0.0,1.1719915649466801e-33,4.047956928766264e-35,6.592008357118841e-37,9.998596165792276e-34,2.2129899516492825e-33,1.7744392445840284e-32,-1.1895411863306044e-32
0,1,0.0096073597983847,5.95,6.246961604139811e-33,5.500784778487164e-33,7.461768256526477e-34,0.0,1.868099704897412e-32,2.5082261243980578e-33,0.0,1.172015518870867e-33,2.8169172867246427e-35,4.5839627751227404e-37,9.997774384997278e-34,2.2004205265153534e-33,1.774078895319029e-32,-1.369424787556583e-32
0,2,0.0380602337443566,5.95,5.9157954651809254e-33,4.864704269529912e-33,1.0510911956510142e-33,0.0,1.639055269495271e-32,3.5124081264594306e-33,0.0,1.1719802359708413e-33,2.4801196243286446e-35,4.02687856597993e-37,9.994235694974385e-34,2.1966076895681644e-33,1.7729340037255954e-32,-1.4010152261643196e-32
0,3,0.0842651938487273,5.95,6.0044803222751374e-33,4.921711138019935e-33,1.0827691842552037e-33,0.0,1.637393156282789e-32,3.58478058250652e-33,0.0,1.1719112361313028e-33,2.4914964359121464e-35,4.030698012473705e-37,9.988387273774565e-34,2.196067997669128e-33,1.7710784998336662e-32,-1.390237267373065e-32
0,4,0.1464466094067262,5.95,6.11046666191549e-33,5.007282333149548e-33,1.1031843287659416e-33,0.0,1.6381346323977232e-32,3.6088905786961904e-33,0.0,1.1718190096902765e-33,2.511230964012812e-35,4.042954494468791e-37,9.980579499101604e-34,2.195393564690012e-33,1.7686024113226303e-32,-1.3770951016000826e-32
0,5,0.2222148834901988,5.95,6.238889951330612e-33,5.111702223645841e-33,1.1271877276847708e-33,0.0,1.639103023461849e-32,3.636479321736285e-33,0.0,1.1717070442592809e-33,2.5352092677002675e-35,4.057678495425055e-37,9.971157900734402e-34,2.1945806948592664e-33,1.765616955664856e-32,-1.3611860300177213e-32
0,6,0.3086582838174551,5.95,6.384703131839501e-33,5.230904049386673e-33,1.1537990824528257e-33,0.0,1.640296276335982e-32,3.6663775941340776e-33,0.0,1.1715798907499602e-33,2.56242846509616e-35,4.0741310997781325e-37,9.960532196960521e-34,2.193664808206952e-33,1.7622531045704654e-32,-1.3431492722072103e-32
0,7,0.4024548389919358,5.95,6.542031375827018e-33,5.360104358896979e-33,1.181927016930039e-33,0.0,1.6416857111843932e-32,3.6970153268060615e-33,0.0,1.1714426751675304e-33,2.591707087263212e-35,4.0914382928269816e-37,9.949150824335816e-34,2.192683972303027e-33,1.7586536886024926e-32,-1.3237189482500935e-32
0,8,0.4999999999999999,5.95,6.70458076849775e-33,5.494048562568593e-33,1.2105322059291569e-33,0.0,1.64322305679427e-32,3.7270082603383215e-33,0.0,1.1713008553508896e-33,2.6217604919048206e-35,4.108678910113031e-37,9.937477500234059e-34,2.1916770781843552e-33,1.754965832892319e-32,-1.3036754638609796e-32
0,9,0.5975451610080641,5.95,6.865921261409149e-33,5.6272937829491067e-33,1.2386274784600445e-33,0.0,1.6448436667225538e-32,3.755223537729295e-33,0.0,1.1711599752878412e-33,2.651285814961677e-35,4.124976305424012e-37,9.925969410549978e-34,2.1906822721229985e-33,1.7513339975558438e-32,-1.2838100986272282e-32
0,10,0.6913417161825448,5.95,7.019786766601516e-33,5.754513029979826e-33,1.2652737366216906e-33,0.0,1.6464717238047862e-32,3.7807938327092994e-33,0.0,1.171025430581098e-33,2.6790556724158804e-35,4.139593988981158e-37,9.9150584508454e-34,2.1897357917886948e-33,1.7478940812486903e-32,-1.2648889837674084e-32
0,11,0.777785116509801,5.95,7.160360306749682e-33,5.8707762980832925e-33,1.289584008666388e-33,0.0,1.6480263311640098e-32,3.803095793756412e-33,0.0,1.1709022592030636e-33,2.704003528447737e-35,4.152012366550151e-37,9.905136399525296e-34,2.1888711356767253e-33,1.7447688491505812e-32,-1.2476199320432855e-32
0,12,0.8535533905932737,5.95,7.282510264910874e-33,5.971770703053513e-33,1.310739561857362e-33,0.0,1.6494276366605583e-32,3.8217088751208216e-33,0.0,1.1707949667059376e-33,2.725282703203658e-35,4.161964609878338e-37,9.896544251677239e-34,2.1881184153666858e-33,1.7420647306490223e-32,-1.2326255456946036e-32
0,13,0.9157348061512728,5.95,7.381955268312145e-33,6.053939689090713e-33,1.3280155792214313e-33,0.0,1.6506024264623499e-32,3.8363676096240546e-33,0.0,1.1707073895977976e-33,2.7422867501695336e-35,4.1694192673566444e-37,9.889565363267138e-34,2.1875037353529424e-33,1.7398698452847078e-32,-1.2204246919887879e-32
0,14,0.9619397662556434,5.95,7.455353939465279e-33,6.1145433150099624e-33,1.340810624455316e-33,0.0,1.6514888548081227e-32,3.8469162768803256e-33,0.0,1.1706425956618145e-33,2.754630055639981e-35,4.174512835389086e-37,9.884421653312933e-34,2.1870485128330464e-33,1.7382529910297154e-32,-1.2114224483664924e-32
0,15,0.9903926402016152,5.95,7.500333593274185e-33,6.151659640949898e-33,1.3486739523242876e-33,0.0,1.652040143179969e-32,3.853271212817818e-33,0.0,1.1706028164531073e-33,2.762099762277884e-35,4.177451168479417e-37,9.88127193201708e-34,2.1867687523944418e-33,1.7372632787642209e-32,-1.2059067946762463e-32
0,16,1.0,5.95,7.515482736477019e-33,6.164156196417977e-33,1.3513265400590424e-33,0.0,1.6522271954817022e-32,3.855393263157956e-33,0.0,1.1705894055563788e-33,2.7645985871255174e-35,4.178408227011721e-37,9.880211448942234e-34,2.1866743771445588e-33,1.736930112699481e-32,-1.2040492767662349e-32
1,0,0.0,5.85,6.889559940739689e-33,5.650777879267835e-33,1.2387820614718558e-33,0.0,1.5146223733230754e-32,3.534298981585047e-33,0.0,1.0750773643745212e-33,3.642131649304341e-35,6.398928769417905e-37,9.27909376776493e-34,2.0400479505209998e-33,1.699820613612319e-32,-1.2148694145904504e-32
1,1,0.0096073597983847,5.85,6.732001493432314e-33,5.51717019492525e-33,1.2148312985070637e-33,0.0,1.4749707802095523e-32,3.460792961476465e-33,0.0,1.0750690501076909e-33,3.558134710254388e-35,6.247042186973962e-37,9.278071537885146e-34,2.0390822552174464e-33,1.699477220934724e-32,-1.2301852971132372e-32
1,2,0.0380602337443566,5.85,6.69882540285646e-33,5.487502256484633e-33,1.2113231463718274e-33,0.0,1.4557420308585074e-32,3.435329375803867e-33,0.0,1.075034669698919e-33,3.5456835902062825e-35,6.212419582809182e-37,9.274949051632145e-34,2.0386076527224768e-33,1.698452629863648e-32,-1.2324308548502498e-32
1,3,0.0842651938487273,5.85,6.779523388393342e-33,5.5554078547292016e-33,1.2241155336641406e-33,0.0,1.4552598855810296e-32,3.4456116844763096e-33,0.0,1.0749758513228613e-33,3.6024389313453115e-35,6.29094153066126e-37,9.269876247946348e-34,2.038616959584015e-33,1.6967962856416506e-32,-1.2227056427607177e-32
1,4,0.1464466094067262,5.85,6.895747977011101e-33,5.6532402993394986e-33,1.2425076776716021e-33,0.0,1.4557262927115738e-32,3.4607440049063645e-33,0.0,1.0748966847694217e-33,3.68712692761348e-35,6.4103505888157765e-37,9.263108642379083e-34,2.0387198533423464e-33,1.694588772353752e-32,-1.2088859599868764e-32
1,5,0.2222148834901988,5.85,7.041886128931758e-33,5.776004270961907e-33,1.2658818579698514e-33,0.0,1.456336486693369e-32,3.478897925965934e-33,0.0,1.0748004178069273e-33,3.798460374351175e-35,6.568700166429902e-37,9.254958486431533e-34,2.038937740210235e-33,1.6919332523268994e-32,-1.1916384134547471e-32
1,6,0.3086582838174551,5.85,7.214148097740306e-33,5.9204845500325405e-33,1.2936635477077664e-33,0.0,1.4571012516574432e-32,3.499169310982887e-33,0.0,1.074690960487327e-33,3.934667060777729e-35,6.763391761557798e-37,9.245793314700593e-34,2.0392933017413188e-33,1.6889508095397854e-32,-1.1714653299398867e-32
1,7,0.4024548389919358,5.85,7.406900256481209e-33,6.0818749209361124e-33,1.325025335545097e-33,0.0,1.4579578920079318e-32,3.520472000440424e-33,0.0,1.0745727464194185e-33,4.0921282778450016e-35,6.988923565757813e-37,9.236014104024174e-34,2.039794331956861e-33,1.6857729674582064e-32,-1.1490623750057715e-32
1,8,0.4999999999999999,5.85,7.613137431966632e-33,6.254210370002429e-33,1.3589270619642033e-33,0.0,1.4588938615514896e-32,3.5418159312607426e-33,0.0,1.0744505223823384e-33,4.2653509000533705e-35,7.236973977146093e-37,9.226032021711425e-34,2.040430930951729e-33,1.6825339287053718e-32,-1.1252632786038818e-32
1,9,0.5975451610080641,5.85,7.82435146513944e-33,6.430301817292086e-33,1.3940496478473538e-33,0.0,1.459894882340945e-32,3.5622892984744937e-33,0.0,1.0743291472575356e-33,4.4466135120961387e-35,7.495901812205903e-37,9.216246500371429e-34,2.0411695225968605e-33,1.6793632971426923e-32,-1.1010451028884343e-32
1,10,0.6913417161825448,5.85,8.031091688242939e-33,6.602229279352704e-33,1.428862408890235e-33,0.0,1.4609340821161263e-32,3.581116338867502e-33,0.0,1.0742133585422518e-33,4.62670515087372e-35,7.752040184710827e-37,9.20702634538951e-34,2.0419582486084116e-33,1.6763799949047727e-32,-1.07746665094132e-32
1,11,0.777785116509801,5.85,8.223805665303736e-33,6.762065716348112e-33,1.4617399489556252e-33,0.0,1.4619676448761918e-32,3.5976958630283675e-33,0.0,1.0741075515922627e-33,4.7960750177785225e-35,7.991559261572247e-37,9.1986959367294e-34,2.042737051369145e-33,1.6736879723842859e-32,-1.055581110990827e-32
1,12,0.8535533905932737,5.85,8.393694376058208e-33,6.902597135592119e-33,1.4910972404660889e-33,0.0,1.462937191779692e-32,3.61160765815032e-33,0.0,1.0740155993788068e-33,4.945980874244125e-35,8.202206543211499e-37,9.19152729384347e-34,2.0434483581599166e-33,1.6713738950124618e-32,-1.0363492932226328e-32
1,13,0.9157348061512728,5.85,8.533343274851271e-33,7.017831456400912e-33,1.5155118184503581e-33,0.0,1.463777861360504e-32,3.622589280189638e-33,0.0,1.073940730278396e-33,5.0692767260815e-35,8.374375229419718e-37,9.185737483483342e-34,2.0440446834104868e-33,1.6695065648926343e-32,-1.0205767057485559e-32
1,14,0.9619397662556434,5.85,8.637033442370062e-33,7.103218982863288e-33,1.533814459506774e-33,0.0,1.4644283742271552e-32,3.630495875322775e-33,0.0,1.0738854642186329e-33,5.160710461534101e-35,8.501354194897549e-37,9.181489874026945e-34,2.044491691656158e-33,1.6681375415802184e-32,-1.0088833665088279e-32
1,15,0.9903926402016152,5.85,8.700789628983601e-33,7.155644648523772e-33,1.5451449804598286e-33,0.0,1.464839622142697e-32,3.6352579571681736e-33,0.0,1.0738515929622085e-33,5.216834869754429e-35,8.578982678853885e-37,9.178897375935172e-34,2.0447675775211557e-33,1.6673023414987222e-32,-1.0017001363524775e-32
1,16,1.0,5.85,8.722294617383617e-33,7.173314387484632e-33,1.5489802298989857e-33,0.0,1.4649802768977987e-32,3.6368476507797045e-33,0.0,1.0738401844152412e-33,5.235744356818176e-35,8.605081329638273e-37,9.178025982548808e-34,2.044860734371268e-33,1.6670216758798e-32,-9.992782875785651e-33
2,0,0.0,5.75,7.98564426772545e-33,6.567484753936482e-33,1.4181595137889689e-33,0.0,1.341253863085971e-32,3.329693947411224e-33,0.0,9.84890713140235e-34,6.863321011050603e-35,1.3102853933843294e-36,8.611682968570983e-34,1.916002505501224e-33,1.6308982275399538e-32,-1.0239340513175316e-32
2,1,0.0096073597983847,5.75,7.863133725693339e-33,6.469429426752392e-33,1.393704298940948e-33,0.0,1.3192427110476023e-32,3.26458412489114e-33,0.0,9.848846357716673e-34,6.762924796701073e-35,1.2903406188793108e-36,8.610840997066158e-34,1.9148883240641734e-33,1.6306048100121602e-32,-1.0357802698492436e-32
2,2,0.0380602337443566,5.75,7.78509061877586e-33,6.393611055593374e-33,1.3914795631824873e-33,0.0,1.2979369348736428e-32,3.2367664152105575e-33,0.0,9.848588751119733e-34,6.689531636224037e-35,1.2740452807704718e-36,8.608264450000917e-34,1.913854681755076e-33,1.6297271172148494e-32,-1.0426035235127712e-32
2,3,0.0842651938487273,5.75,7.833101794463301e-33,6.424735470452281e-33,1.4083663240110199e-33,0.0,1.294646710062069e-32,3.239322999238665e-33,0.0,9.848119519715008e-34,6.732049049807263e-35,1.278410331760495e-36,8.604044492457046e-34,1.9138153020470386e-33,1.62830329450172e-32,-1.0363746452600938e-32
2,4,0.1464466094067262,5.75,7.925971607436057e-33,6.493368835397022e-33,1.432602772039037e-33,0.0,1.295273421484221e-32,3.2456410375659955e-33,0.0,9.847481378542657e-34,6.818744432745368e-35,1.2898393642680478e-36,8.598404954654555e-34,1.9140659170114426e-33,1.6264039106515651e-32,-1.0252133416091036e-32
2,5,0.2222148834901988,5.75,8.043762357440768e-33,6.581126713334625e-33,1.4626356441061426e-33,0.0,1.296249638346877e-32,3.2534798761112246e-33,0.0,9.846705779857285e-34,6.931266258626228e-35,1.3049774304040866e-36,8.591610554476196e-34,1.914449273450014e-33,1.6241178210280455e-32,-1.01118651262897e-32
2,6,0.3086582838174551,5.75,8.182928670269902e-33,6.685392881885924e-33,1.497535788383979e-33,0.0,1.2973014957710742e-32,3.2624690203779686e-33,0.0,9.84582418172492e-34,7.067760178895717e-35,1.323648634008277e-36,8.583966054865045e-34,1.9149802740819626e-33,1.621548623142129e-32,-9.947537835233351e-33
2,7,0.4024548389919358,5.75,8.340170854681232e-33,6.803957868692766e-33,1.5362129859884664e-33,0.0,1.2983539028339582e-32,3.272283213004997e-33,0.0,9.84487162625518e-34,7.226642078189134e-35,1.3457632266335806e-36,8.575804502707084e-34,1.9156797969047512e-33,1.6188092463470102e-32,-9.763601405693623e-33
2,8,0.4999999999999999,5.75,8.511272399949834e-33,6.933887076710273e-33,1.5773853232395614e-33,0.0,1.2993387508641616e-32,3.282566127655945e-33,0.0,9.843885519064057e-34,7.405174347297555e-35,1.3710473618541093e-36,8.567469047396609e-34,1.9165582474808964e-33,1.6160155813653908e-32,-9.565441661184969e-33
2,9,0.5975451610080641,5.75,8.690936257699324e-33,7.071342827922465e-33,1.619593429776858e-33,0.0,1.3001976094220148e-32,3.292938350924112e-33,0.0,9.842904048183975e-34,7.598995408395302e-35,1.3989549376421464e-36,8.559294922564089e-34,1.9176088060964017e-33,1.6132803008261476e-32,-9.359475556658554e-33
2,10,0.6913417161825448,5.75,8.872686938902252e-33,7.211458607485823e-33,1.6612283314164278e-33,0.0,1.3008886942848085e-32,3.3030078849944456e-33,0.0,9.841964650166576e-34,7.801694987638423e-35,1.4285879733938438e-36,8.551593409338718e-34,1.9188013438003077e-33,1.6107074190673494e-32,-9.15318859557155e-33
2,11,0.777785116509801,5.75,9.048882868302668e-33,7.348305441930815e-33,1.7005774263718546e-33,0.0,1.3013927305211169e-32,3.3123820106381975e-33,0.0,9.841102615003869e-34,8.004547513416464e-35,1.4586443748537284e-36,8.5446391016518e-34,1.920078291174585e-33,1.6083880401719439e-32,-8.955075824591357e-33
2,12,0.8535533905932737,5.75,9.210924440633819e-33,7.475030697350449e-33,1.7358937432833708e-33,0.0,1.3017160137195776e-32,3.320681219957588e-33,0.0,9.840349881728634e-34,8.196592995450348e-35,1.4874253794751825e-36,8.538661470243825e-34,1.921354490531225e-33,1.6063976313827228e-32,-8.774406363724635e-33
2,13,0.9157348061512728,5.75,9.349738916753944e-33,7.58424782658127e-33,1.7654910901726728e-33,0.0,1.301888801431151e-32,3.327555675618152e-33,0.0,9.839734034784173e-34,8.365263826305141e-35,1.512936540298027e-36,8.533841188205025e-34,1.9225230971022693e-33,1.6047949751553434e-32,-8.620733931901758e-33
2,14,0.9619397662556434,5.75,9.456573243940664e-33,7.668711547616064e-33,1.7878616963246004e-33,0.0,1.3019577822737475e-32,3.3327038871499044e-33,0.0,9.839277478423318e-34,8.497666000903024e-35,1.5331008782280386e-36,8.530310922229335e-34,1.923468600952524e-33,1.603622689112437e-32,-8.503122248136227e-33
2,15,0.9903926402016152,5.75,9.52402260850512e-33,7.722218418710429e-33,1.801804189794688e-33,0.0,1.301973162769775e-32,3.3358921184277576e-33,0.0,9.838996760871789e-34,8.582409479185093e-35,1.546066502411605e-36,8.528159406652856e-34,1.9240857780467268e-33,1.6029088880060242e-32,-8.42915204960185e-33
2,16,1.0,5.75,9.5470944727331e-33,7.740553057847e-33,1.806541414886101e-33,0.0,1.3019734746178447e-32,3.3369718577641725e-33,0.0,9.838902045370968e-34,8.611600669384278e-35,1.5505429858207925e-36,8.52743684829606e-34,1.9243004390463658e-33,1.602669281776715e-32,-8.403898784080416e-33
3,0,0.0,5.65,8.729280619645291e-33,7.077489385506877e-33,1.6517912341384144e-33,0.0,1.1904450984258652e-32,3.051123443836997e-33,0.0,9.011269373011184e-34,1.122226746163243e-34,2.344786887889244e-36,7.993640123742931e-34,1.815058411179625e-33,1.567438572500478e-32,-8.760163516539112e-33
3,1,0.0096073597983847,5.65,8.690961220056345e-33,7.064280534164281e-33,1.6266806858920656e-33,0.0,1.1999135252332945e-32,3.011063326429285e-33,0.0,9.011237345115201e-34,1.1057989934004544e-34,2.309234079800896e-36,7.992948692833587e-34,1.813307737214725e-33,1.567184948339862e-32,-8.794196000556999e-33
3,2,0.0380602337443566,5.65,8.536931221412295e-33,6.933885353898881e-33,1.6030458675134128e-33,0.0,1.2090768776575279e-32,2.9859694351620456e-33,0.0,9.01116195184684e-34,1.0458596598604871e-34,2.1805876888359284e-36,7.990898475241016e-34,1.80697259638367e-33,1.5664267634536472e-32,-8.934309009507847e-33
3,3,0.0842651938487273,5.65,8.244989977455302e-33,6.665569507336294e-33,1.5794204701190072e-33,0.0,1.2042645801122416e-32,2.971984262368676e-33,0.0,9.011030659490856e-34,9.494646840244151e-35,1.9743680680026745e-36,7.98748331023654e-34,1.796772233443184e-33,1.565166230958352e-32,-9.203444565571402e-33
3,4,0.1464466094067262,5.65,7.924035292211709e-33,6.373786526641469e-33,1.550248765570239e-33,0.0,1.195560901683957e-32,2.9561892645589978e-33,0.0,9.010784143760976e-34,8.449132490198691e-35,1.7505057042699002e-36,7.982686949645119e-34,1.7855889399468664e-33,1.563416122191464e-32,-9.495714869649796e-33
3,5,0.2222148834901988,5.65,7.642528097082269e-33,6.123375963864847e-33,1.5191521332174244e-33,0.0,1.189207957552256e-32,2.941712855138749e-33,0.0,9.010397221965021e-34,7.48651525952799e-35,1.543925841807094e-36,7.976606932653367e-34,1.7751094938989258e-33,1.5612219362706388e-32,-9.744800759523046e-33
3,6,0.3086582838174551,5.65,7.413687269837348e-33,5.924897921244348e-33,1.4887893485930004e-33,0.0,1.18547118059459e-32,2.929884202276576e-33,0.0,9.00987968019103e-34,6.654969553503276e-35,1.3650536341550176e-36,7.969454114481303e-34,1.765848128636421e-33,1.5586614431053482e-32,-9.938775289852556e-33
3,7,0.4024548389919358,5.65,7.234022030679474e-33,5.773155618939793e-33,1.4608664117396817e-33,0.0,1.1836328638309186e-32,2.920948178547623e-33,0.0,9.009257499534356e-34,5.958565614814613e-35,1.2149372606890532e-36,7.961515017294487e-34,1.7578778450917192e-33,1.5558360092944663e-32,-1.0082215907356908e-32
3,8,0.4999999999999999,5.65,7.095906669250603e-33,5.6595842429389725e-33,1.4363224263116299e-33,0.0,1.1830669587645764e-32,2.9146706304946746e-33,0.0,9.00856442125928e-34,5.385649791370339e-35,1.0912264182554205e-36,7.95312281245398e-34,1.751116447703285e-33,1.5528620957598696e-32,-1.018383073605138e-32
3,9,0.5975451610080641,5.65,6.991329084897666e-33,5.575821893518467e-33,1.4155071913791984e-33,0.0,1.1833079408175795e-32,2.910602561482871e-33,0.0,9.007837580714828e-34,4.920143338011628e-35,9.905762803880065e-37,7.94463334580101e-34,1.745439102312088e-33,1.549863461908095e-32,-1.0252744636495371e-32
3,10,0.6913417161825448,5.65,6.913203477182168e-33,5.5148193254467755e-33,1.3983841517353915e-33,0.0,1.1840186069922344e-32,2.9082348844765013e-33,0.0,9.007114714364969e-34,4.5463622933719387e-35,9.09684814433772e-37,7.936404757289764e-34,1.7407252549136265e-33,1.5469642862224622e-32,-1.029716463995608e-32
3,11,0.777785116509801,5.65,6.855708423059088e-33,5.4710046255556754e-33,1.3847037975034129e-33,0.0,1.1849534230631596e-32,2.907081143848337e-33,0.0,9.00643217073805e-34,4.2507847896459277e-35,8.456820136835006e-37,7.928780238979165e-34,1.7368747708818646e-33,1.5442832663726368e-32,-1.0323999011549143e-32
3,12,0.8535533905932737,5.65,6.814254930112319e-33,5.440125941726855e-33,1.3741289883854656e-33,0.0,1.1859314233851759e-32,2.9067159617374097e-33,0.0,9.005823351887437e-34,4.022476294813616e-35,7.96231710738366e-37,7.922073564931161e-34,1.7338106863407345e-33,1.5419286700433804e-32,-1.0338842456662218e-32
3,13,0.9157348061512728,5.65,6.78534436684275e-33,5.419027781933996e-33,1.3663165849087556e-33,0.0,1.1868188058679688e-32,2.906789869865681e-33,0.0,9.005317422977234e-34,3.852992033893117e-35,7.595195494424696e-37,7.916557156344929e-34,1.7314768978205898e-33,1.539994287427112e-32,-1.0346075405248956e-32
3,14,0.9619397662556434,5.65,6.76641806082825e-33,5.405451439350921e-33,1.3609666214773293e-33,0.0,1.1875187922149455e-32,2.907033223485986e-33,0.0,9.004938237705381e-34,3.736120279502429e-35,7.342047258670816e-37,7.912452529729001e-34,1.7298344842643298e-33,1.5385562314716006e-32,-1.0348978738152085e-32
3,15,0.9903926402016152,5.65,6.755733492378955e-33,5.397882752812918e-33,1.3578507395660368e-33,0.0,1.1879648281505992e-32,2.9072549414034405e-33,0.0,9.004703474198339e-34,3.6676279421874606e-35,7.1937015700860235e-37,7.909923010170307e-34,1.7288582980157478e-33,1.5376705294703554e-32,-1.0349830100340348e-32
3,16,1.0,5.65,6.752281935757152e-33,5.395453980633456e-33,1.3568279551236965e-33,0.0,1.1881177980583024e-32,2.9073413957444522e-33,0.0,9.004623997916828e-34,3.6450644005838087e-35,7.14483443654282e-37,7.9090686126032e-34,1.728534388501495e-33,1.5373714516833566e-32,-1.034996696957791e-32
4,0,0.0,5.55,6.165502748938337e-33,4.92658432598988e-33,1.2389184229484573e-33,0.0,1.084869325612588e-32,2.6546908938503608e-33,0.0,8.235305192847694e-34,4.7248265880994526e-35,1.0738825621137284e-36,7.406722316211768e-34,1.6125248993490538e-33,1.5030810735359269e-32,-1.0477832885769987e-32
4,1,0.0096073597983847,5.55,5.9912973256257976e-33,4.784426121271124e-33,1.2068712043546738e-33,0.0,1.0516746702442466e-32,2.5843092389049627e-33,0.0,8.235260066410581e-34,4.5871798550972735e-35,1.0419062031086716e-36,7.405891246128245e-34,1.611028836007964e-33,1.5027706686254817e-32,-1.0647438196636981e-32
4,2,0.0380602337443566,5.55,5.9390573294412346e-33,4.7367090406492095e-33,1.2023482887920239e-33,0.0,1.0356844071795717e-32,2.5695019836211362e-33,0.0,8.235047186556922e-34,4.5373896918503174e-35,1.0285604684622305e-36,7.403343449729658e-34,1.6102415210156233e-33,1.5018420375741735e-32,-1.0689604567316123e-32
4,3,0.0842651938487273,5.55,5.9858915997012756e-33,4.777208630691397e-33,1.2086829690098794e-33,0.0,1.0356834962582219e-32,2.5744737732569496e-33,0.0,8.234678148273996e-34,4.569635105096941e-35,1.0325539177275192e-36,7.399197050428371e-34,1.610116424838934e-33,1.5003380078514743e-32,-1.06276049036524e-32
4,4,0.1464466094067262,5.55,6.053407206121232e-33,4.835776624865216e-33,1.2176305812560167e-33,0.0,1.0366242707785316e-32,2.581556853400033e-33,0.0,8.234181729686232e-34,4.61693404301994e-35,1.0387723098031775e-36,7.3936528625973735e-34,1.6099915719683632e-33,1.4983283404052609e-32,-1.053986776989974e-32
4,5,0.2222148834901988,5.55,6.13551453341874e-33,4.906748528759684e-33,1.228766004659056e-33,0.0,1.0377866300683155e-32,2.5899481389614246e-33,0.0,8.233578588901902e-34,4.6740751288104306e-35,1.0461775392812875e-36,7.386954458276702e-34,1.6098402335452462e-33,1.49590203331784e-32,-1.0433346033304905e-32
4,6,0.3086582838174551,5.55,6.228756361919739e-33,4.987015166651464e-33,1.241741195268275e-33,0.0,1.0391275577469991e-32,2.5992035558088762e-33,0.0,8.232892964682498e-34,4.738213505176503e-35,1.0543127202910808e-36,7.37938888328342e-34,1.6096646325686478e-33,1.493163890606805e-32,-1.0312547176716959e-32
4,7,0.4024548389919358,5.55,6.329154040528504e-33,5.073062285146089e-33,1.2560917553824145e-33,0.0,1.0406002929767775e-32,2.6088722936462e-33,0.0,8.232152215790658e-34,4.806043549381273e-35,1.0626605775037792e-36,7.371271678279772e-34,1.6094654854783595e-33,1.4902287529255042e-32,-1.01825989742049e-32
4,8,0.4999999999999999,5.55,6.432413221783109e-33,5.161163401620916e-33,1.2712498201621929e-33,0.0,1.0421510880811927e-32,2.618526625308463e-33,0.0,8.231385604997922e-34,4.874061640897277e-35,1.0706976288490964e-36,7.362930846205468e-34,1.609242959158161e-33,1.4872155754977608e-32,-1.004898549235266e-32
4,9,0.5975451610080641,5.55,6.534201276223136e-33,5.2476243352823386e-33,1.286576940940796e-33,0.0,1.0437207266112076e-32,2.6277858101932208e-33,0.0,8.230623017048867e-34,4.938928991470786e-35,1.0779650441564262e-36,7.354691781360118e-34,1.6089987347997627e-33,1.4842419301142106e-32,-9.917216759718732e-33
4,10,0.6913417161825448,5.55,6.630428959586135e-33,5.329019014407701e-33,1.3014099451784339e-33,0.0,1.0452468165621403e-32,2.6363300104452197e-33,0.0,8.22989370372343e-34,4.997827992510502e-35,1.0841325639277983e-36,7.346864165443067e-34,1.6087381994056828e-33,1.4814192939560897e-32,-9.792502179380444e-33
4,11,0.777785116509801,5.55,6.71748300407847e-33,5.402373011581034e-33,1.3151099924974357e-33,0.0,1.0466667606954476e-32,2.6439044480144098e-33,0.0,8.22922513765231e-34,5.048713570903519e-35,1.0890358213846436e-36,7.339731387429902e-34,1.6084718240386408e-33,1.4788493119980731e-32,-9.679481939940904e-33
4,12,0.8535533905932737,5.55,6.7923716746966e-33,5.465266811677548e-33,1.327104863019052e-33,0.0,1.0479210762184062e-32,2.650315868188084e-33,0.0,8.228642032252452e-34,5.090393777778745e-35,1.0926760191274477e-36,7.333542578746757e-34,1.6082150748968357e-33,1.476621043365886e-32,-9.582053833859096e-33
4,13,0.9157348061512728,5.55,6.852773862841817e-33,5.515856043097209e-33,1.3369178197446097e-33,0.0,1.0489566254636563e-32,2.6554243688934067e-33,0.0,8.228165553132925e-34,5.122432335476702e-35,1.095183701850454e-36,7.328506991926142e-34,1.607986761562524e-33,1.4748090698340317e-32,-9.503303597061024e-33
4,14,0.9619397662556434,5.55,6.897009797448429e-33,5.552828349932936e-33,1.3441814475154934e-33,0.0,1.0497293813157849e-32,2.659133637392188e-33,0.0,8.22781271803863e-34,5.144920498233301e-35,1.096758938626027e-36,7.324790257364605e-34,1.6078062614612827e-33,1.473472278617554e-32,-9.445519250188394e-33
4,15,0.9903926402016152,5.55,6.923967373385558e-33,5.575327934958336e-33,1.348639438427223e-33,0.0,1.0502065245357647e-32,2.661381902485372e-33,0.0,8.227595965456267e-34,5.158194682864072e-35,1.097604686683407e-36,7.32251202257675e-34,1.6076903503186258e-33,1.4726531261894867e-32,-9.410254238827936e-33
4,16,1.0,5.55,6.933020340724364e-33,5.5828785048926224e-33,1.3501418358317413e-33,0.0,1.0503678453697907e-32,2.6621349643122218e-33,0.0,8.227522867359406e-34,5.162576632541906e-35,1.097868684576053e-36,7.321744556252101e-34,1.6076503773711458e-33,1.472377222890288e-32,-9.398402265549662e-33
