interval_index,node_index,fraction,group,component,owner_total_s_inv_cMpc3,allocation_sum_relative_residual,minimum_allocation,negative_allocation_count,zero_support_nonzero_allocation_count,support_count,allocation_sha256
4,7,0.4024548389919358,G1,EFFECTIVE_HI_SUBGRID,3.2556154356467887e+50,0.0,7.457067232517487e-166,0,0,46080,253bfbc8a6aaea53bb28bb39986d644817dab5c5d11f00932573f4a7f71c521f
4,7,0.4024548389919358,G1,EXPLICIT_HI_ATOMIC,0.0,0.0,0.0,0,0,0,36bd753facc985aad613c884a2040210d208b1aa520e957b31ba2e1e19cd4185
4,7,0.4024548389919358,G1,EXPLICIT_HEI_ATOMIC,0.0,0.0,0.0,0,0,0,36bd753facc985aad613c884a2040210d208b1aa520e957b31ba2e1e19cd4185
4,7,0.4024548389919358,G1,EXPLICIT_HEII_ATOMIC,0.0,0.0,0.0,0,0,0,36bd753facc985aad613c884a2040210d208b1aa520e957b31ba2e1e19cd4185
4,7,0.4024548389919358,G2a,EFFECTIVE_HI_SUBGRID,1.3210246848732049e+50,0.0,2.9748252232053766e-166,0,0,46080,0c73a45f490149e178c37bfb833826e02c7801e055b44be62a5e9038a2ba4272
4,7,0.4024548389919358,G2a,EXPLICIT_HI_ATOMIC,0.0,0.0,0.0,0,0,0,36bd753facc985aad613c884a2040210d208b1aa520e957b31ba2e1e19cd4185
4,7,0.4024548389919358,G2a,EXPLICIT_HEI_ATOMIC,3.905609194238477e+48,0.0,5.852613294415646e-167,0,0,46080,770b16ffc65607c847438f3bc9ead36b71e8bba27693dc6640979327879e497b
4,7,0.4024548389919358,G2a,EXPLICIT_HEII_ATOMIC,0.0,0.0,0.0,0,0,0,36bd753facc985aad613c884a2040210d208b1aa520e957b31ba2e1e19cd4185
4,7,0.4024548389919358,G2b,EFFECTIVE_HI_SUBGRID,0.0,0.0,0.0,0,0,0,36bd753facc985aad613c884a2040210d208b1aa520e957b31ba2e1e19cd4185
4,7,0.4024548389919358,G2b,EXPLICIT_HI_ATOMIC,3.4316057861918986e+48,0.0,7.69174683146605e-168,0,0,46080,c330b298fbc17e6d13995581a6c4c97b08d248030b6a901bd72796af67e44d16
4,7,0.4024548389919358,G2b,EXPLICIT_HEI_ATOMIC,3.0185512532402016e+48,0.0,4.523343815517939e-167,0,0,46080,b4f91808b0b8710be1d2e30e91fbdfa18404f86f856db8afc62b36a6ce84e221
4,7,0.4024548389919358,G2b,EXPLICIT_HEII_ATOMIC,0.0,0.0,0.0,0,0,0,36bd753facc985aad613c884a2040210d208b1aa520e957b31ba2e1e19cd4185
4,7,0.4024548389919358,G3,EFFECTIVE_HI_SUBGRID,0.0,0.0,0.0,0,0,0,36bd753facc985aad613c884a2040210d208b1aa520e957b31ba2e1e19cd4185
4,7,0.4024548389919358,G3,EXPLICIT_HI_ATOMIC,0.0,0.0,0.0,0,0,46080,36bd753facc985aad613c884a2040210d208b1aa520e957b31ba2e1e19cd4185
4,7,0.4024548389919358,G3,EXPLICIT_HEI_ATOMIC,0.0,0.0,0.0,0,0,46080,36bd753facc985aad613c884a2040210d208b1aa520e957b31ba2e1e19cd4185
4,7,0.4024548389919358,G3,EXPLICIT_HEII_ATOMIC,0.0,0.0,0.0,0,0,46080,36bd753facc985aad613c884a2040210d208b1aa520e957b31ba2e1e19cd4185
4,8,0.4999999999999999,G1,EFFECTIVE_HI_SUBGRID,3.2231880133181756e+50,0.0,7.372539933515239e-166,0,0,46080,774c0263c5b3f79c7e0681b9bc5540c5b213c26795be97f6d3847a965392fd0a
4,8,0.4999999999999999,G1,EXPLICIT_HI_ATOMIC,0.0,0.0,0.0,0,0,0,36bd753facc985aad613c884a2040210d208b1aa520e957b31ba2e1e19cd4185
4,8,0.4999999999999999,G1,EXPLICIT_HEI_ATOMIC,0.0,0.0,0.0,0,0,0,36bd753facc985aad613c884a2040210d208b1aa520e957b31ba2e1e19cd4185
4,8,0.4999999999999999,G1,EXPLICIT_HEII_ATOMIC,0.0,0.0,0.0,0,0,0,36bd753facc985aad613c884a2040210d208b1aa520e957b31ba2e1e19cd4185
4,8,0.4999999999999999,G2a,EFFECTIVE_HI_SUBGRID,1.3337690094618245e+50,0.0,2.997739364822353e-166,0,0,46080,d57f11f9775514f054fad30b94abab041ac90616eee839c0ff7143f338938ead
4,8,0.4999999999999999,G2a,EXPLICIT_HI_ATOMIC,0.0,0.0,0.0,0,0,0,36bd753facc985aad613c884a2040210d208b1aa520e957b31ba2e1e19cd4185
4,8,0.4999999999999999,G2a,EXPLICIT_HEI_ATOMIC,3.875967997041825e+48,0.0,5.799907155605189e-167,0,0,46080,bff1d8f5ddb4913a3d5d7d9812cdc52716c34819db4cf43a61d54e3affd52d97
4,8,0.4999999999999999,G2a,EXPLICIT_HEII_ATOMIC,0.0,0.0,0.0,0,0,0,36bd753facc985aad613c884a2040210d208b1aa520e957b31ba2e1e19cd4185
4,8,0.4999999999999999,G2b,EFFECTIVE_HI_SUBGRID,0.0,0.0,0.0,0,0,0,36bd753facc985aad613c884a2040210d208b1aa520e957b31ba2e1e19cd4185
4,8,0.4999999999999999,G2b,EXPLICIT_HI_ATOMIC,3.5773637325039464e+48,0.0,8.001782159094713e-168,0,0,46080,f758a90c22a3ed59926d984466a82268f56965d08cdffbcb14fcccd671f9a6be
4,8,0.4999999999999999,G2b,EXPLICIT_HEI_ATOMIC,3.0738206915352305e+48,0.0,4.599592833967895e-167,0,0,46080,344e36f119c1fcba1cc584cc76cc62fbba4eb77021f6fc118f915c859b4abf1a
4,8,0.4999999999999999,G2b,EXPLICIT_HEII_ATOMIC,0.0,0.0,0.0,0,0,0,36bd753facc985aad613c884a2040210d208b1aa520e957b31ba2e1e19cd4185
4,8,0.4999999999999999,G3,EFFECTIVE_HI_SUBGRID,0.0,0.0,0.0,0,0,0,36bd753facc985aad613c884a2040210d208b1aa520e957b31ba2e1e19cd4185
4,8,0.4999999999999999,G3,EXPLICIT_HI_ATOMIC,0.0,0.0,0.0,0,0,46080,36bd753facc985aad613c884a2040210d208b1aa520e957b31ba2e1e19cd4185
4,8,0.4999999999999999,G3,EXPLICIT_HEI_ATOMIC,0.0,0.0,0.0,0,0,46080,36bd753facc985aad613c884a2040210d208b1aa520e957b31ba2e1e19cd4185
4,8,0.4999999999999999,G3,EXPLICIT_HEII_ATOMIC,0.0,0.0,0.0,0,0,46080,36bd753facc985aad613c884a2040210d208b1aa520e957b31ba2e1e19cd4185
4,9,0.5975451610080641,G1,EFFECTIVE_HI_SUBGRID,3.191508889155212e+50,0.0,7.289885570028833e-166,0,0,46080,e554de716fcbcb287124ade19708836ca9a9f24d9984a149d69f35ff88c82974
4,9,0.5975451610080641,G1,EXPLICIT_HI_ATOMIC,0.0,0.0,0.0,0,0,0,36bd753facc985aad613c884a2040210d208b1aa520e957b31ba2e1e19cd4185
4,9,0.5975451610080641,G1,EXPLICIT_HEI_ATOMIC,0.0,0.0,0.0,0,0,0,36bd753facc985aad613c884a2040210d208b1aa520e957b31ba2e1e19cd4185
4,9,0.5975451610080641,G1,EXPLICIT_HEII_ATOMIC,0.0,0.0,0.0,0,0,0,36bd753facc985aad613c884a2040210d208b1aa520e957b31ba2e1e19cd4185
4,9,0.5975451610080641,G2a,EFFECTIVE_HI_SUBGRID,1.3438077379017574e+50,0.0,3.0144621147513014e-166,0,0,46080,a71e345ae73f493c4a89f19133a174d353ae4be8c066a02beab624014ce8f31c
4,9,0.5975451610080641,G2a,EXPLICIT_HI_ATOMIC,0.0,0.0,0.0,0,0,0,36bd753facc985aad613c884a2040210d208b1aa520e957b31ba2e1e19cd4185
4,9,0.5975451610080641,G2a,EXPLICIT_HEI_ATOMIC,3.844225938265898e+48,0.0,5.744168961853491e-167,0,0,46080,79866251ebca2dba42c4b8ce5bf462b0e1058168c401cb17d38bd97b842d3dd1
4,9,0.5975451610080641,G2a,EXPLICIT_HEII_ATOMIC,0.0,0.0,0.0,0,0,0,36bd753facc985aad613c884a2040210d208b1aa520e957b31ba2e1e19cd4185
4,9,0.5975451610080641,G2b,EFFECTIVE_HI_SUBGRID,0.0,0.0,0.0,0,0,0,36bd753facc985aad613c884a2040210d208b1aa520e957b31ba2e1e19cd4185
4,9,0.5975451610080641,G2b,EXPLICIT_HI_ATOMIC,3.724530949925258e+48,0.0,8.313575065714397e-168,0,0,46080,ba98a7c90462d38e794975cd0c163d66696e1287ede831f2cc5e890b4b24d12e
4,9,0.5975451610080641,G2b,EXPLICIT_HEI_ATOMIC,3.130140581939333e+48,0.0,4.677159112329547e-167,0,0,46080,f2ac6df9eec1ff27174f849f0222b4d8dd6d6ba747b32d8d179a79b5f6668121
4,9,0.5975451610080641,G2b,EXPLICIT_HEII_ATOMIC,0.0,0.0,0.0,0,0,0,36bd753facc985aad613c884a2040210d208b1aa520e957b31ba2e1e19cd4185
4,9,0.5975451610080641,G3,EFFECTIVE_HI_SUBGRID,0.0,0.0,0.0,0,0,0,36bd753facc985aad613c884a2040210d208b1aa520e957b31ba2e1e19cd4185
4,9,0.5975451610080641,G3,EXPLICIT_HI_ATOMIC,0.0,0.0,0.0,0,0,46080,36bd753facc985aad613c884a2040210d208b1aa520e957b31ba2e1e19cd4185
4,9,0.5975451610080641,G3,EXPLICIT_HEI_ATOMIC,0.0,0.0,0.0,0,0,46080,36bd753facc985aad613c884a2040210d208b1aa520e957b31ba2e1e19cd4185
4,9,0.5975451610080641,G3,EXPLICIT_HEII_ATOMIC,0.0,0.0,0.0,0,0,46080,36bd753facc985aad613c884a2040210d208b1aa520e957b31ba2e1e19cd4185
4,10,0.6913417161825448,G1,EFFECTIVE_HI_SUBGRID,3.161955270001541e+50,0.0,7.212608802491627e-166,0,0,46080,2032d26a66cefd24c9ac0d80b553157eee372fbfefa9758ac3011a8569005811
4,10,0.6913417161825448,G1,EXPLICIT_HI_ATOMIC,0.0,0.0,0.0,0,0,0,36bd753facc985aad613c884a2040210d208b1aa520e957b31ba2e1e19cd4185
4,10,0.6913417161825448,G1,EXPLICIT_HEI_ATOMIC,0.0,0.0,0.0,0,0,0,36bd753facc985aad613c884a2040210d208b1aa520e957b31ba2e1e19cd4185
4,10,0.6913417161825448,G1,EXPLICIT_HEII_ATOMIC,0.0,0.0,0.0,0,0,0,36bd753facc985aad613c884a2040210d208b1aa520e957b31ba2e1e19cd4185
4,10,0.6913417161825448,G2a,EFFECTIVE_HI_SUBGRID,1.3510965153660178e+50,0.0,3.0251532413870103e-166,0,0,46080,13deeec5f4ce3859def93a997e14ac3459a46d120113ff3fe037303e94e459a7
4,10,0.6913417161825448,G2a,EXPLICIT_HI_ATOMIC,0.0,0.0,0.0,0,0,0,36bd753facc985aad613c884a2040210d208b1aa520e957b31ba2e1e19cd4185
4,10,0.6913417161825448,G2a,EXPLICIT_HEI_ATOMIC,3.812040909491487e+48,0.0,5.688201092512795e-167,0,0,46080,2901500b4cb80b2e7045d208c017ceef3d8e0f8692f0f7a29ce2c4e8decc1630
4,10,0.6913417161825448,G2a,EXPLICIT_HEII_ATOMIC,0.0,0.0,0.0,0,0,0,36bd753facc985aad613c884a2040210d208b1aa520e957b31ba2e1e19cd4185
4,10,0.6913417161825448,G2b,EFFECTIVE_HI_SUBGRID,0.0,0.0,0.0,0,0,0,36bd753facc985aad613c884a2040210d208b1aa520e957b31ba2e1e19cd4185
4,10,0.6913417161825448,G2b,EXPLICIT_HI_ATOMIC,3.866822503700515e+48,0.0,8.613797563761463e-168,0,0,46080,8fa2ad21638c9e38529cfe960ae6ccf34615f663c476dca87924f349d625bf1b
4,10,0.6913417161825448,G2b,EXPLICIT_HEI_ATOMIC,3.1850043435704597e+48,0.0,4.7525579123893044e-167,0,0,46080,bbe208c485076294a3b88a5b4341554824a3d1c709585ff6e2c7425612635cba
4,10,0.6913417161825448,G2b,EXPLICIT_HEII_ATOMIC,0.0,0.0,0.0,0,0,0,36bd753facc985aad613c884a2040210d208b1aa520e957b31ba2e1e19cd4185
4,10,0.6913417161825448,G3,EFFECTIVE_HI_SUBGRID,0.0,0.0,0.0,0,0,0,36bd753facc985aad613c884a2040210d208b1aa520e957b31ba2e1e19cd4185
4,10,0.6913417161825448,G3,EXPLICIT_HI_ATOMIC,0.0,0.0,0.0,0,0,46080,36bd753facc985aad613c884a2040210d208b1aa520e957b31ba2e1e19cd4185
4,10,0.6913417161825448,G3,EXPLICIT_HEI_ATOMIC,0.0,0.0,0.0,0,0,46080,36bd753facc985aad613c884a2040210d208b1aa520e957b31ba2e1e19cd4185
4,10,0.6913417161825448,G3,EXPLICIT_HEII_ATOMIC,0.0,0.0,0.0,0,0,46080,36bd753facc985aad613c884a2040210d208b1aa520e957b31ba2e1e19cd4185
4,11,0.777785116509801,G1,EFFECTIVE_HI_SUBGRID,3.1356470114464813e+50,0.0,7.143597704338113e-166,0,0,46080,e4dbef476d80d4c9ff92e001441b0af5970b6bf1a54a4f809dc679fad1bf8efc
4,11,0.777785116509801,G1,EXPLICIT_HI_ATOMIC,0.0,0.0,0.0,0,0,0,36bd753facc985aad613c884a2040210d208b1aa520e957b31ba2e1e19cd4185
4,11,0.777785116509801,G1,EXPLICIT_HEI_ATOMIC,0.0,0.0,0.0,0,0,0,36bd753facc985aad613c884a2040210d208b1aa520e957b31ba2e1e19cd4185
4,11,0.777785116509801,G1,EXPLICIT_HEII_ATOMIC,0.0,0.0,0.0,0,0,0,36bd753facc985aad613c884a2040210d208b1aa520e957b31ba2e1e19cd4185
4,11,0.777785116509801,G2a,EFFECTIVE_HI_SUBGRID,1.355930542396837e+50,0.0,3.030729222754693e-166,0,0,46080,930a9c5ba3a19ad60626f124bcef23b972a39dad6e682b837548fb6ac55d90ca
4,11,0.777785116509801,G2a,EXPLICIT_HI_ATOMIC,0.0,0.0,0.0,0,0,0,36bd753facc985aad613c884a2040210d208b1aa520e957b31ba2e1e19cd4185
4,11,0.777785116509801,G2a,EXPLICIT_HEI_ATOMIC,3.781197697997361e+48,0.0,5.634961527492272e-167,0,0,46080,665c333d7a62bcec2e1fa15c862f4715f6557ebd458fcd38843b8b91300c2334
4,11,0.777785116509801,G2a,EXPLICIT_HEII_ATOMIC,0.0,0.0,0.0,0,0,0,36bd753facc985aad613c884a2040210d208b1aa520e957b31ba2e1e19cd4185
4,11,0.777785116509801,G2b,EFFECTIVE_HI_SUBGRID,0.0,0.0,0.0,0,0,0,36bd753facc985aad613c884a2040210d208b1aa520e957b31ba2e1e19cd4185
4,11,0.777785116509801,G2b,EXPLICIT_HI_ATOMIC,3.998175845820308e+48,0.0,8.889805332420125e-168,0,0,46080,d53aec280eb049688d6027259ddd676c5d9b87190cd0cc0d48342a2534fb9818
4,11,0.777785116509801,G2b,EXPLICIT_HEI_ATOMIC,3.2359513329787425e+48,0.0,4.822403566951837e-167,0,0,46080,a889ca2bcf02df4529d5f1c648a1300641bc6a1cf9c02903fe32109134a0115e
4,11,0.777785116509801,G2b,EXPLICIT_HEII_ATOMIC,0.0,0.0,0.0,0,0,0,36bd753facc985aad613c884a2040210d208b1aa520e957b31ba2e1e19cd4185
4,11,0.777785116509801,G3,EFFECTIVE_HI_SUBGRID,0.0,0.0,0.0,0,0,0,36bd753facc985aad613c884a2040210d208b1aa520e957b31ba2e1e19cd4185
4,11,0.777785116509801,G3,EXPLICIT_HI_ATOMIC,0.0,0.0,0.0,0,0,46080,36bd753facc985aad613c884a2040210d208b1aa520e957b31ba2e1e19cd4185
4,11,0.777785116509801,G3,EXPLICIT_HEI_ATOMIC,0.0,0.0,0.0,0,0,46080,36bd753facc985aad613c884a2040210d208b1aa520e957b31ba2e1e19cd4185
4,11,0.777785116509801,G3,EXPLICIT_HEII_ATOMIC,0.0,0.0,0.0,0,0,46080,36bd753facc985aad613c884a2040210d208b1aa520e957b31ba2e1e19cd4185
4,12,0.8535533905932737,G1,EFFECTIVE_HI_SUBGRID,3.11340197030083e+50,0.0,7.085020273588339e-166,0,0,46080,22b6a5c9c6d052311274585e29fc770ddb0353f03ee3c93a92434b3e8a11fde8
4,12,0.8535533905932737,G1,EXPLICIT_HI_ATOMIC,0.0,0.0,0.0,0,0,0,36bd753facc985aad613c884a2040210d208b1aa520e957b31ba2e1e19cd4185
4,12,0.8535533905932737,G1,EXPLICIT_HEI_ATOMIC,0.0,0.0,0.0,0,0,0,36bd753facc985aad613c884a2040210d208b1aa520e957b31ba2e1e19cd4185
4,12,0.8535533905932737,G1,EXPLICIT_HEII_ATOMIC,0.0,0.0,0.0,0,0,0,36bd753facc985aad613c884a2040210d208b1aa520e957b31ba2e1e19cd4185
4,12,0.8535533905932737,G2a,EFFECTIVE_HI_SUBGRID,1.3588102927101136e+50,0.0,3.032544815854394e-166,0,0,46080,7b4ff7556b379309bea95a8c7a1af1a97677544cf1b8f1f28c919e655d490753
4,12,0.8535533905932737,G2a,EXPLICIT_HI_ATOMIC,0.0,0.0,0.0,0,0,0,36bd753facc985aad613c884a2040210d208b1aa520e957b31ba2e1e19cd4185
4,12,0.8535533905932737,G2a,EXPLICIT_HEI_ATOMIC,3.753417999345653e+48,0.0,5.587270651079526e-167,0,0,46080,62710f8ad991c5d414743902f5eb9840f2924d5024ccbdb03d552075b08311b4
4,12,0.8535533905932737,G2a,EXPLICIT_HEII_ATOMIC,0.0,0.0,0.0,0,0,0,36bd753facc985aad613c884a2040210d208b1aa520e957b31ba2e1e19cd4185
4,12,0.8535533905932737,G2b,EFFECTIVE_HI_SUBGRID,0.0,0.0,0.0,0,0,0,36bd753facc985aad613c884a2040210d208b1aa520e957b31ba2e1e19cd4185
4,12,0.8535533905932737,G2b,EXPLICIT_HI_ATOMIC,4.113148829698796e+48,0.0,9.130455037203337e-168,0,0,46080,eddc47f1a5d8be5eb0d95953cf6bc73da02e3ff1248f5a117aa5a7d8f45f75aa
4,12,0.8535533905932737,G2b,EXPLICIT_HEI_ATOMIC,3.280747338332832e+48,0.0,4.883661590654148e-167,0,0,46080,93c662c2d22bb52b469a76b4232d902b5f8118f41012c356317a9ecb32ebdeb0
4,12,0.8535533905932737,G2b,EXPLICIT_HEII_ATOMIC,0.0,0.0,0.0,0,0,0,36bd753facc985aad613c884a2040210d208b1aa520e957b31ba2e1e19cd4185
4,12,0.8535533905932737,G3,EFFECTIVE_HI_SUBGRID,0.0,0.0,0.0,0,0,0,36bd753facc985aad613c884a2040210d208b1aa520e957b31ba2e1e19cd4185
4,12,0.8535533905932737,G3,EXPLICIT_HI_ATOMIC,0.0,0.0,0.0,0,0,46080,36bd753facc985aad613c884a2040210d208b1aa520e957b31ba2e1e19cd4185
4,12,0.8535533905932737,G3,EXPLICIT_HEI_ATOMIC,0.0,0.0,0.0,0,0,46080,36bd753facc985aad613c884a2040210d208b1aa520e957b31ba2e1e19cd4185
4,12,0.8535533905932737,G3,EXPLICIT_HEII_ATOMIC,0.0,0.0,0.0,0,0,46080,36bd753facc985aad613c884a2040210d208b1aa520e957b31ba2e1e19cd4185
4,13,0.9157348061512728,G1,EFFECTIVE_HI_SUBGRID,3.0957535926910606e+50,0.0,7.038360400321142e-166,0,0,46080,80bf333993fe20194d4f9cf0791d4bddf38285f8d7bea419f5840b8112c7081d
4,13,0.9157348061512728,G1,EXPLICIT_HI_ATOMIC,0.0,0.0,0.0,0,0,0,36bd753facc985aad613c884a2040210d208b1aa520e957b31ba2e1e19cd4185
4,13,0.9157348061512728,G1,EXPLICIT_HEI_ATOMIC,0.0,0.0,0.0,0,0,0,36bd753facc985aad613c884a2040210d208b1aa520e957b31ba2e1e19cd4185
4,13,0.9157348061512728,G1,EXPLICIT_HEII_ATOMIC,0.0,0.0,0.0,0,0,0,36bd753facc985aad613c884a2040210d208b1aa520e957b31ba2e1e19cd4185
4,13,0.9157348061512728,G2a,EFFECTIVE_HI_SUBGRID,1.3603063349930518e+50,0.0,3.0320779967731665e-166,0,0,46080,601b1b6470d749c0b8567c0ec3fcd130cbe3e1ff1007fec3d5545d38e239781d
4,13,0.9157348061512728,G2a,EXPLICIT_HI_ATOMIC,0.0,0.0,0.0,0,0,0,36bd753facc985aad613c884a2040210d208b1aa520e957b31ba2e1e19cd4185
4,13,0.9157348061512728,G2a,EXPLICIT_HEI_ATOMIC,3.730210491398852e+48,0.0,5.547583291642562e-167,0,0,46080,7403862624784877da329433383fe483513c10f06e5b2acd069b1ab98c85bb71
4,13,0.9157348061512728,G2a,EXPLICIT_HEII_ATOMIC,0.0,0.0,0.0,0,0,0,36bd753facc985aad613c884a2040210d208b1aa520e957b31ba2e1e19cd4185
4,13,0.9157348061512728,G2b,EFFECTIVE_HI_SUBGRID,0.0,0.0,0.0,0,0,0,36bd753facc985aad613c884a2040210d208b1aa520e957b31ba2e1e19cd4185
4,13,0.9157348061512728,G2b,EXPLICIT_HI_ATOMIC,4.207196958197372e+48,0.0,9.326626135392205e-168,0,0,46080,a3738db689f2649d8f2a9e8cdf1b7cea91f80952ca91ab06cc997730d431660b
4,13,0.9157348061512728,G2b,EXPLICIT_HEI_ATOMIC,3.317512738987575e+48,0.0,4.933817617814147e-167,0,0,46080,5993e9adc2d492c79b534f2e1abcce0b13bcdb9d0d112ac6b2772e5c5282f192
4,13,0.9157348061512728,G2b,EXPLICIT_HEII_ATOMIC,0.0,0.0,0.0,0,0,0,36bd753facc985aad613c884a2040210d208b1aa520e957b31ba2e1e19cd4185
4,13,0.9157348061512728,G3,EFFECTIVE_HI_SUBGRID,0.0,0.0,0.0,0,0,0,36bd753facc985aad613c884a2040210d208b1aa520e957b31ba2e1e19cd4185
4,13,0.9157348061512728,G3,EXPLICIT_HI_ATOMIC,0.0,0.0,0.0,0,0,46080,36bd753facc985aad613c884a2040210d208b1aa520e957b31ba2e1e19cd4185
4,13,0.9157348061512728,G3,EXPLICIT_HEI_ATOMIC,0.0,0.0,0.0,0,0,46080,36bd753facc985aad613c884a2040210d208b1aa520e957b31ba2e1e19cd4185
4,13,0.9157348061512728,G3,EXPLICIT_HEII_ATOMIC,0.0,0.0,0.0,0,0,46080,36bd753facc985aad613c884a2040210d208b1aa520e957b31ba2e1e19cd4185
4,14,0.9619397662556434,G1,EFFECTIVE_HI_SUBGRID,3.0830090397368117e+50,0.0,7.00454269450015e-166,0,0,46080,7e7d9d43eb3f50dc2bc2ade6b10dcba9f92a2cdbf37908068617816642a6cb69
4,14,0.9619397662556434,G1,EXPLICIT_HI_ATOMIC,0.0,0.0,0.0,0,0,0,36bd753facc985aad613c884a2040210d208b1aa520e957b31ba2e1e19cd4185
4,14,0.9619397662556434,G1,EXPLICIT_HEI_ATOMIC,0.0,0.0,0.0,0,0,0,36bd753facc985aad613c884a2040210d208b1aa520e957b31ba2e1e19cd4185
4,14,0.9619397662556434,G1,EXPLICIT_HEII_ATOMIC,0.0,0.0,0.0,0,0,0,36bd753facc985aad613c884a2040210d208b1aa520e957b31ba2e1e19cd4185
4,14,0.9619397662556434,G2a,EFFECTIVE_HI_SUBGRID,1.3609500835303597e+50,0.0,3.030678119915846e-166,0,0,46080,0ba5fcf5b31f1fa1515ce042c45b87dc77ed011919f1439b271186dd3116fe51
4,14,0.9619397662556434,G2a,EXPLICIT_HI_ATOMIC,0.0,0.0,0.0,0,0,0,36bd753facc985aad613c884a2040210d208b1aa520e957b31ba2e1e19cd4185
4,14,0.9619397662556434,G2a,EXPLICIT_HEI_ATOMIC,3.7127783805429914e+48,0.0,5.517850373749235e-167,0,0,46080,67fd8f516feeeeb38c399b2901c21bfd8f0b292ba0e664d9c2ca2441aaf10bd4
4,14,0.9619397662556434,G2a,EXPLICIT_HEII_ATOMIC,0.0,0.0,0.0,0,0,0,36bd753facc985aad613c884a2040210d208b1aa520e957b31ba2e1e19cd4185
4,14,0.9619397662556434,G2b,EFFECTIVE_HI_SUBGRID,0.0,0.0,0.0,0,0,0,36bd753facc985aad613c884a2040210d208b1aa520e957b31ba2e1e19cd4185
4,14,0.9619397662556434,G2b,EXPLICIT_HI_ATOMIC,4.276810174213692e+48,0.0,9.471419706259885e-168,0,0,46080,f592d0c49034b4b46be205e7fc3b2a96b6f7d4d77ef5daf9ec847879857940bc
4,14,0.9619397662556434,G2b,EXPLICIT_HEI_ATOMIC,3.344789001280501e+48,0.0,4.9709525722159485e-167,0,0,46080,e9ba369e63e73d2a84807812f091b4fe0e21c80fdd5406ce383ee91a8e93ebfb
4,14,0.9619397662556434,G2b,EXPLICIT_HEII_ATOMIC,0.0,0.0,0.0,0,0,0,36bd753facc985aad613c884a2040210d208b1aa520e957b31ba2e1e19cd4185
4,14,0.9619397662556434,G3,EFFECTIVE_HI_SUBGRID,0.0,0.0,0.0,0,0,0,36bd753facc985aad613c884a2040210d208b1aa520e957b31ba2e1e19cd4185
4,14,0.9619397662556434,G3,EXPLICIT_HI_ATOMIC,0.0,0.0,0.0,0,0,46080,36bd753facc985aad613c884a2040210d208b1aa520e957b31ba2e1e19cd4185
4,14,0.9619397662556434,G3,EXPLICIT_HEI_ATOMIC,0.0,0.0,0.0,0,0,46080,36bd753facc985aad613c884a2040210d208b1aa520e957b31ba2e1e19cd4185
4,14,0.9619397662556434,G3,EXPLICIT_HEII_ATOMIC,0.0,0.0,0.0,0,0,46080,36bd753facc985aad613c884a2040210d208b1aa520e957b31ba2e1e19cd4185
4,15,0.9903926402016152,G1,EFFECTIVE_HI_SUBGRID,3.075321270038733e+50,0.0,6.984086734604191e-166,0,0,46080,4e53e019572f66f7f5c0c1a8d188ad0da54715a890cba897e7a14b1002430d2a
4,15,0.9903926402016152,G1,EXPLICIT_HI_ATOMIC,0.0,0.0,0.0,0,0,0,36bd753facc985aad613c884a2040210d208b1aa520e957b31ba2e1e19cd4185
4,15,0.9903926402016152,G1,EXPLICIT_HEI_ATOMIC,0.0,0.0,0.0,0,0,0,36bd753facc985aad613c884a2040210d208b1aa520e957b31ba2e1e19cd4185
4,15,0.9903926402016152,G1,EXPLICIT_HEII_ATOMIC,0.0,0.0,0.0,0,0,0,36bd753facc985aad613c884a2040210d208b1aa520e957b31ba2e1e19cd4185
4,15,0.9903926402016152,G2a,EFFECTIVE_HI_SUBGRID,1.3611600828923906e+50,0.0,3.029397377614969e-166,0,0,46080,846e2270fbfe84b67a5505d88b2b625af59bfaba2d1843aef431813f613123c9
4,15,0.9903926402016152,G2a,EXPLICIT_HI_ATOMIC,0.0,0.0,0.0,0,0,0,36bd753facc985aad613c884a2040210d208b1aa520e957b31ba2e1e19cd4185
4,15,0.9903926402016152,G2a,EXPLICIT_HEI_ATOMIC,3.701980071540197e+48,0.0,5.49946179019603e-167,0,0,46080,993818b6b041304d4cfa2a661740668913b6ab33087da7c9c782e4bad55c30a8
4,15,0.9903926402016152,G2a,EXPLICIT_HEII_ATOMIC,0.0,0.0,0.0,0,0,0,36bd753facc985aad613c884a2040210d208b1aa520e957b31ba2e1e19cd4185
4,15,0.9903926402016152,G2b,EFFECTIVE_HI_SUBGRID,0.0,0.0,0.0,0,0,0,36bd753facc985aad613c884a2040210d208b1aa520e957b31ba2e1e19cd4185
4,15,0.9903926402016152,G2b,EXPLICIT_HI_ATOMIC,4.319535082632343e+48,0.0,9.560108645537068e-168,0,0,46080,41666cbdb8ebf3e329c427831a73f82126c5e6cc334c4f7318c0f22fe74936eb
4,15,0.9903926402016152,G2b,EXPLICIT_HEI_ATOMIC,3.3615539803202186e+48,0.0,4.993743162631631e-167,0,0,46080,f9d876fcc8e488e85d89a6d2d4e5864c818eb5a4d2c2855738e972ee8aa992fc
4,15,0.9903926402016152,G2b,EXPLICIT_HEII_ATOMIC,0.0,0.0,0.0,0,0,0,36bd753facc985aad613c884a2040210d208b1aa520e957b31ba2e1e19cd4185
4,15,0.9903926402016152,G3,EFFECTIVE_HI_SUBGRID,0.0,0.0,0.0,0,0,0,36bd753facc985aad613c884a2040210d208b1aa520e957b31ba2e1e19cd4185
4,15,0.9903926402016152,G3,EXPLICIT_HI_ATOMIC,0.0,0.0,0.0,0,0,46080,36bd753facc985aad613c884a2040210d208b1aa520e957b31ba2e1e19cd4185
4,15,0.9903926402016152,G3,EXPLICIT_HEI_ATOMIC,0.0,0.0,0.0,0,0,46080,36bd753facc985aad613c884a2040210d208b1aa520e957b31ba2e1e19cd4185
4,15,0.9903926402016152,G3,EXPLICIT_HEII_ATOMIC,0.0,0.0,0.0,0,0,46080,36bd753facc985aad613c884a2040210d208b1aa520e957b31ba2e1e19cd4185
4,16,1.0,G1,EFFECTIVE_HI_SUBGRID,3.0727533325259568e+50,0.0,6.977243663209506e-166,0,0,46080,0e5a4ab04029086063e29bd57da582d65c113059667620b78b7130ee2eecb013
4,16,1.0,G1,EXPLICIT_HI_ATOMIC,0.0,0.0,0.0,0,0,0,36bd753facc985aad613c884a2040210d208b1aa520e957b31ba2e1e19cd4185
4,16,1.0,G1,EXPLICIT_HEI_ATOMIC,0.0,0.0,0.0,0,0,0,36bd753facc985aad613c884a2040210d208b1aa520e957b31ba2e1e19cd4185
4,16,1.0,G1,EXPLICIT_HEII_ATOMIC,0.0,0.0,0.0,0,0,0,36bd753facc985aad613c884a2040210d208b1aa520e957b31ba2e1e19cd4185
4,16,1.0,G2a,EFFECTIVE_HI_SUBGRID,1.3612001700310715e+50,0.0,3.0288957844772494e-166,0,0,46080,9377fdfcf2acab66da494bd8aa421625f1d21a01782d675be63616c5d3929f59
4,16,1.0,G2a,EXPLICIT_HI_ATOMIC,0.0,0.0,0.0,0,0,0,36bd753facc985aad613c884a2040210d208b1aa520e957b31ba2e1e19cd4185
4,16,1.0,G2a,EXPLICIT_HEI_ATOMIC,3.6983246096481475e+48,0.0,5.4932415604053084e-167,0,0,46080,bbf57821f0010bdddf06ed0b298fbd6732b9c67215ceb8637a6000a424d5057a
4,16,1.0,G2a,EXPLICIT_HEII_ATOMIC,0.0,0.0,0.0,0,0,0,36bd753facc985aad613c884a2040210d208b1aa520e957b31ba2e1e19cd4185
4,16,1.0,G2b,EFFECTIVE_HI_SUBGRID,0.0,0.0,0.0,0,0,0,36bd753facc985aad613c884a2040210d208b1aa520e957b31ba2e1e19cd4185
4,16,1.0,G2b,EXPLICIT_HI_ATOMIC,4.333934082219567e+48,0.0,9.58996727241569e-168,0,0,46080,fb914a33f9d6179f820d6db9fcea9a875e666800b633fdcb951f043f510024b6
4,16,1.0,G2b,EXPLICIT_HEI_ATOMIC,3.367207980598552e+48,0.0,5.00142328591112e-167,0,0,46080,848faf4cd1d434d7901fac8f472dc74ce3faf0b14a4a9fea1826e5edba8f366b
4,16,1.0,G2b,EXPLICIT_HEII_ATOMIC,0.0,0.0,0.0,0,0,0,36bd753facc985aad613c884a2040210d208b1aa520e957b31ba2e1e19cd4185
4,16,1.0,G3,EFFECTIVE_HI_SUBGRID,0.0,0.0,0.0,0,0,0,36bd753facc985aad613c884a2040210d208b1aa520e957b31ba2e1e19cd4185
4,16,1.0,G3,EXPLICIT_HI_ATOMIC,0.0,0.0,0.0,0,0,46080,36bd753facc985aad613c884a2040210d208b1aa520e957b31ba2e1e19cd4185
4,16,1.0,G3,EXPLICIT_HEI_ATOMIC,0.0,0.0,0.0,0,0,46080,36bd753facc985aad613c884a2040210d208b1aa520e957b31ba2e1e19cd4185
4,16,1.0,G3,EXPLICIT_HEII_ATOMIC,0.0,0.0,0.0,0,0,46080,36bd753facc985aad613c884a2040210d208b1aa520e957b31ba2e1e19cd4185
