interval_index,substep,z_mid,q_refinement,dt_refined_Myr,neutral_inventory_H_cMpc3,recombination_rate_s_inv_cMpc3,C_original_s_inv_cMpc3,C_refined_s_inv_cMpc3,C_refined_over_original,C_change_relative_to_original,integrated_budget_original_H_cMpc3,integrated_budget_refined_one_substep_H_cMpc3
0,1,5.95,1,10.117419563765695,3.994158206995617e+63,2.499013438967089e+50,2.624111775760086e+50,2.624111775760086e+50,1.0,0.0,8.378302904673582e+64,8.378302904673582e+64
0,1,5.95,2,5.058709781882848,3.994158206995617e+63,2.499013438967089e+50,2.624111775760086e+50,2.7492101125530826e+50,1.0476726403000731,0.04767264030007315,8.378302904673582e+64,4.388859362686572e+64
0,1,5.95,4,2.529354890941424,3.994158206995617e+63,2.499013438967089e+50,2.624111775760086e+50,2.999406786139076e+50,1.1430179209002194,0.14301792090021945,8.378302904673582e+64,2.3941375916930667e+64
0,1,5.95,8,1.264677445470712,3.994158206995617e+63,2.499013438967089e+50,2.624111775760086e+50,3.499800133311063e+50,1.3337084821005118,0.3337084821005119,8.378302904673582e+64,1.396776706196314e+64
0,2,5.95,1,10.117419563765695,4.033995457981838e+63,2.527014405730274e+50,2.653360458207655e+50,2.653360458207655e+50,1.0,0.0,8.471688530763144e+64,8.471688530763144e+64
0,2,5.95,2,5.058709781882848,4.033995457981838e+63,2.527014405730274e+50,2.653360458207655e+50,2.7797065106850364e+50,1.0476173721842257,0.04761737218422557,8.471688530763144e+64,4.437544038280664e+64
0,2,5.95,4,2.529354890941424,4.033995457981838e+63,2.527014405730274e+50,2.653360458207655e+50,3.032398615639799e+50,1.1428521165526768,0.1428521165526767,8.471688530763144e+64,2.420471792039424e+64
0,2,5.95,8,1.264677445470712,4.033995457981838e+63,2.527014405730274e+50,2.653360458207655e+50,3.5377828255493237e+50,1.333321605289579,0.333321605289579,8.471688530763144e+64,1.4119356689188038e+64
1,1,5.85,1,10.48924395482891,5.895811954291667e+63,2.410742545123509e+50,2.5888554841943817e+50,2.5888554841943817e+50,1.0,0.0,8.569509431076957e+64,8.569509431076957e+64
1,1,5.85,2,5.244621977414455,5.895811954291667e+63,2.410742545123509e+50,2.5888554841943817e+50,2.7669684232652543e+50,1.068799877072435,0.06879987707243498,8.569509431076957e+64,4.579545313253062e+64
1,1,5.85,4,2.6223109887072273,5.895811954291667e+63,2.410742545123509e+50,2.5888554841943817e+50,3.123194301406999e+50,1.2063996312173049,0.20639963121730479,8.569509431076957e+64,2.5845632543411144e+64
1,1,5.85,8,1.3111554943536137,5.895811954291667e+63,2.410742545123509e+50,2.5888554841943817e+50,3.8356460576904895e+50,1.4815991395070447,0.4815991395070447,8.569509431076957e+64,1.5870722248851405e+64
1,2,5.85,1,10.48924395482891,6.124904531421215e+63,2.3861341513922515e+50,2.5711679950896974e+50,2.5711679950896974e+50,1.0,0.0,8.510961124452638e+64,8.510961124452638e+64
1,2,5.85,2,5.244621977414455,6.124904531421215e+63,2.3861341513922515e+50,2.5711679950896974e+50,2.7562018387871437e+50,1.0719648984628058,0.07196489846280589,8.510961124452638e+64,4.56172578879738e+64
1,2,5.85,4,2.6223109887072273,6.124904531421215e+63,2.3861341513922515e+50,2.5711679950896974e+50,3.1262695261820354e+50,1.2158946953884173,0.21589469538841735,8.510961124452638e+64,2.5871081209697506e+64
1,2,5.85,8,1.3111554943536137,6.124904531421215e+63,2.3861341513922515e+50,2.5711679950896974e+50,3.866404900971819e+50,1.5037542892396405,0.5037542892396405,8.510961124452638e+64,1.599799287055936e+64
2,1,5.75,1,10.880437330974283,1.3184556936316064e+64,2.979693950017201e+50,3.3636798002896704e+50,3.3636798002896704e+50,1.0,0.0,1.154954741456916e+65,1.154954741456916e+65
2,1,5.75,2,5.440218665487142,1.3184556936316064e+64,2.979693950017201e+50,3.3636798002896704e+50,3.74766565056214e+50,1.1141564813153146,0.11415648131531474,1.154954741456916e+65,6.434001554100383e+64
2,1,5.75,4,2.720109332743571,1.3184556936316064e+64,2.979693950017201e+50,3.3636798002896704e+50,4.515637351107079e+50,1.3424694439459444,0.3424694439459445,1.154954741456916e+65,3.8762286238659946e+64
2,1,5.75,8,1.3600546663717854,1.3184556936316064e+64,2.979693950017201e+50,3.3636798002896704e+50,6.051580752196957e+50,1.7990953692072034,0.7990953692072034,1.154954741456916e+65,2.5973421587488004e+64
2,2,5.75,1,10.880437330974283,1.4291502945945996e+64,2.8378591108126317e+50,3.2540835571006177e+50,3.2540835571006177e+50,1.0,0.0,1.1173237217902516e+65,1.1173237217902516e+65
2,2,5.75,2,5.440218665487142,1.4291502945945996e+64,2.8378591108126317e+50,3.2540835571006177e+50,3.670308003388603e+50,1.1279083462315396,0.12790834623153952,1.1173237217902516e+65,6.301193756248558e+64
2,2,5.75,4,2.720109332743571,1.4291502945945996e+64,2.8378591108126317e+50,3.2540835571006177e+50,4.502756895964575e+50,1.3837250386946187,0.3837250386946187,1.1173237217902516e+65,3.865172025421579e+64
2,2,5.75,8,1.3600546663717854,1.4291502945945996e+64,2.8378591108126317e+50,3.2540835571006177e+50,6.167654681116518e+50,1.895358423620777,0.8953584236207771,1.1173237217902516e+65,2.647161160008089e+64
3,1,5.65,1,11.292312457807522,6.832134968977684e+63,1.676919974504598e+50,1.86864092950224e+50,1.86864092950224e+50,1.0,0.0,6.659056668621455e+64,6.659056668621455e+64
3,1,5.65,2,5.646156228903761,6.832134968977684e+63,1.676919974504598e+50,1.86864092950224e+50,2.0603618844998817e+50,1.1025991414245173,0.10259914142451732,6.659056668621455e+64,3.6711350827596113e+64
3,1,5.65,4,2.8230781144518806,6.832134968977684e+63,1.676919974504598e+50,1.86864092950224e+50,2.4438037944951657e+50,1.3077974242735522,0.30779742427355217,6.659056668621455e+64,2.1771742898286898e+64
3,1,5.65,8,1.4115390572259403,6.832134968977684e+63,1.676919974504598e+50,1.86864092950224e+50,3.2106876144857337e+50,1.7181939899716219,0.7181939899716219,6.659056668621455e+64,1.4301938933632292e+64
3,2,5.65,1,11.292312457807522,7.610539585300818e+63,1.921407097116901e+50,2.134971367138862e+50,2.134971367138862e+50,1.0,0.0,7.60814723428376e+64,7.60814723428376e+64
3,2,5.65,2,5.646156228903761,7.610539585300818e+63,1.921407097116901e+50,2.134971367138862e+50,2.3485356371608227e+50,1.100031444594109,0.10003144459410918,7.60814723428376e+64,4.184600596406921e+64
3,2,5.65,4,2.8230781144518806,7.610539585300818e+63,1.921407097116901e+50,2.134971367138862e+50,2.7756641772047443e+50,1.3000943337823276,0.3000943337823277,7.60814723428376e+64,2.4728272774685014e+64
3,2,5.65,8,1.4115390572259403,7.610539585300818e+63,1.921407097116901e+50,2.134971367138862e+50,3.6299212572925876e+50,1.7002201121587648,0.7002201121587648,7.60814723428376e+64,1.6169406179992914e+64
4,1,5.55,1,11.726292089942335,5.355205833858452e+63,2.4277546016102588e+50,2.5724689166076274e+50,2.5724689166076274e+50,1.0,0.0,9.519514741777404e+64,9.519514741777404e+64
4,1,5.55,2,5.863146044971168,5.355205833858452e+63,2.4277546016102588e+50,2.5724689166076274e+50,2.717183231604996e+50,1.0562550295799906,0.05625502957999069,9.519514741777404e+64,5.0275176625816245e+64
4,1,5.55,4,2.931573022485584,5.355205833858452e+63,2.4277546016102588e+50,2.5724689166076274e+50,3.0066118615997335e+50,1.168765088739972,0.16876508873997206,9.519514741777404e+64,2.781519122983735e+64
4,1,5.55,8,1.465786511242792,5.355205833858452e+63,2.4277546016102588e+50,2.5724689166076274e+50,3.585469121589208e+50,1.3937852070599346,0.39378520705993464,9.519514741777404e+64,1.65851985318479e+64
4,2,5.55,1,11.726292089942335,5.227798823094943e+63,2.5053693239192958e+50,2.646640705281522e+50,2.646640705281522e+50,1.0,0.0,9.793990142100708e+64,9.793990142100708e+64
4,2,5.55,2,5.863146044971168,5.227798823094943e+63,2.5053693239192958e+50,2.646640705281522e+50,2.787912086643748e+50,1.0533776198183271,0.05337761981832705,9.793990142100708e+64,5.158385012205101e+64
4,2,5.55,4,2.931573022485584,5.227798823094943e+63,2.5053693239192958e+50,2.646640705281522e+50,3.0704548493681996e+50,1.160132859454981,0.160132859454981,9.793990142100708e+64,2.840582447257298e+64
4,2,5.55,8,1.465786511242792,5.227798823094943e+63,2.5053693239192958e+50,2.646640705281522e+50,3.6355403748171033e+50,1.3736433387282891,0.37364333872828903,9.793990142100708e+64,1.681681164783396e+64
