shape_lane,interval_index,substep,z_mid,state_rows,M,I,N,U,C_old,C_local,B_old,B_local,R_rec,Q_coll,J_G1,J_G2a,kappa_G1,kappa_G2a,S_plus,S_minus,S_net,local_budget_violation_nodes,old_local_budget_mismatch_nodes,gamma_M_weight,recomb_down_M_weight,coll_up_M_weight,max_current_gamma_resid,max_old_capacity_rel_violation,max_local_budget_rel_violation,min_local_budget_slack,min_old_capacity_slack,x_mass_weighted,T_mass_weighted_K,gamma_mass_weighted_Myr_inv,recombination_down_mass_weighted_Myr_inv,collisional_up_mass_weighted_Myr_inv,old_to_local_budget_ratio,local_budget_to_J_ratio
LOCAL_NEUTRAL_HAZARD_PRIMARY,0,1,5.95,46080,5.287538531899684e+65,5.247596949829728e+65,3.9941582069956154e+63,1.593086676737768e+54,2.624111775760086e+50,2.078850926143319e+49,8.378302904673582e+64,6.63738599619864e+63,8.278675582133519e+48,7.775214490496848e+48,2.0202821952699816e+50,4.6486550545515663e+49,0.01912115475313976,0.008537119428908394,7.401578490069115e+47,0.0,7.401578490069115e+47,36196,46080,3.070706866915917e+52,8.362690430957928e+48,4.305117405672305e+50,8.320520377948669e-16,8.093124515345596e-16,0.9399634594885631,-1.4798988765357426e+48,-4.867778304876401e+32,0.9924460915359786,14548.268864607979,1.832689037418143,0.00049911019645881,0.025694219005990573,12.622895383019763,0.08365100092588998
LOCAL_NEUTRAL_HAZARD_PRIMARY,0,2,5.95,46080,5.346006235809439e+65,5.305666281229621e+65,4.0339954579818005e+63,1.610401794443071e+54,2.653360458207655e+50,2.100633181528814e+49,8.471688530763146e+64,6.70693270348925e+63,8.371726567550133e+48,7.845231820983718e+48,2.0422038319672508e+50,4.696395184651106e+49,0.019328634187800738,0.00862479278548743,1.8312275418647793e+49,0.0,1.8312275418647793e+49,36195,46080,3.106500431163063e+52,8.456594385836423e+48,4.348287285041483e+50,7.524627539733977e-16,7.756448439383076e-16,0.9400175404486566,-1.4963677659751147e+48,-3.2451855365842673e+32,0.9924541886409322,14545.55319944414,1.8337744791580513,0.0004991947469175833,0.025668041669548933,12.631241292097336,0.08362914754087805
LOCAL_NEUTRAL_HAZARD_PRIMARY,1,1,5.85,46080,6.766419432000051e+65,6.707461312457136e+65,5.89581195429156e+63,2.037572698029098e+54,2.5888554841943812e+50,2.7801255009217255e+49,8.569509431076955e+64,9.20264257513783e+63,9.989961102130326e+48,1.1036746963685807e+49,1.6912427145616515e+50,6.479631580844807e+49,0.027364336192355128,0.012233511704903409,4.291079346321471e+50,0.0,4.291079346321471e+50,33685,46080,2.4803990632718817e+52,1.0107382041612736e+49,5.2887454384692855e+50,7.59212742674228e-16,8.546739427502233e-16,0.9160497310874519,-1.6222985057130843e+48,-3.2451855365842673e+32,0.9912866590468679,14540.510555521787,1.1568221903142015,0.00047139365616020784,0.02466594256036315,9.312009415891728,0.11884911599408823
LOCAL_NEUTRAL_HAZARD_PRIMARY,1,2,5.85,46080,6.714036018719885e+65,6.652786973405671e+65,6.124904531421302e+63,2.0266601046124483e+54,2.571167995089698e+50,2.8386788811600526e+49,8.510961124452639e+64,9.396463260470492e+63,9.883404441855661e+48,1.1593982585054751e+49,1.6963288532385931e+50,6.651170309154144e+49,0.027446630003574033,0.012557375957744584,0.0,1.5825070016188549e+49,-1.5825070016188549e+49,33715,46080,2.406468469254072e+52,1.0005052020053055e+49,5.3139831356559374e+50,7.960057259113508e-16,7.29633987581097e-16,0.9129466647676783,-1.6106182373442712e+48,-3.2451855365842673e+32,0.990877462506391,14575.474764423527,1.131098629104639,0.00047026174531638156,0.024977011403306302,9.05762188232776,0.12020935564132205
LOCAL_NEUTRAL_HAZARD_PRIMARY,2,1,5.75,46080,1.1957030573716285e+66,1.1825185004353123e+66,1.3184556936316084e+64,3.5610067031305e+54,3.3636798002896713e+50,5.490716395613116e+49,1.1549547414569161e+65,1.8852950671947074e+64,1.6508578928884135e+49,2.2003974053703795e+49,1.869332141400397e+50,8.838279021543817e+49,0.05727465753439419,0.02623271440251522,1.5269650181637e+51,0.0,1.5269650181637e+51,30438,46080,2.2647141863875564e+52,1.6755297820274208e+49,8.318675889173936e+50,7.917667159871018e-16,8.476246994999815e-16,0.8662801448127991,-1.8496453409577374e+48,-3.2451855365842673e+32,0.988973385277363,14380.530572471062,0.5977148253300081,0.0004422142966292892,0.02195507025107523,6.126121908203327,0.19943324429929274
LOCAL_NEUTRAL_HAZARD_PRIMARY,2,2,5.75,46080,1.1375815617910119e+66,1.123290058845066e+66,1.4291502945945978e+64,3.367537044140764e+54,3.254083557100618e+50,5.735866600443101e+49,1.1173237217902519e+65,1.9694699614320077e+64,1.573622137563248e+49,2.2953644818225647e+49,1.8379012658584944e+50,9.253427630471688e+49,0.056311643743105017,0.02746490846043774,0.0,1.692725209305849e+50,-1.692725209305849e+50,30542,46080,2.020371428208181e+52,1.600438121591648e+49,7.630591858903403e+50,8.027676113912478e-16,8.030516730828753e-16,0.8528314993076637,-1.8780780122960438e+48,-4.867778304876401e+32,0.987436942171034,14294.049963317242,0.5604703480112809,0.000443976834385605,0.02116799126626216,5.673220428189939,0.20757727296038692
LOCAL_NEUTRAL_HAZARD_PRIMARY,3,1,5.65,46080,5.407717645577101e+65,5.339396295887322e+65,6.832134968977787e+63,1.5942386988800947e+54,1.86864092950224e+50,2.6695461377099306e+49,6.659056668621455e+64,9.5131486899654e+63,7.523365877334816e+48,1.1026535714977672e+49,1.1747632598920348e+50,4.879711221373275e+49,0.02391625957228788,0.012326184745082513,0.0,1.6747465440460827e+51,-1.6747465440460827e+51,31930,46080,1.2214745980124666e+52,7.652759388965821e+48,3.6282042928701367e+50,9.143461259914775e-16,8.715806322107245e-16,0.8822790679461091,-1.0246732053263574e+48,-1.6225927682921336e+32,0.9873659547025986,14235.240136797855,0.7128110101267053,0.00044658899654413285,0.02117296562003834,6.999845041469308,0.16055156894342668
LOCAL_NEUTRAL_HAZARD_PRIMARY,3,2,5.65,46080,6.188524406046254e+65,6.112419010193246e+65,7.61053958530075e+63,1.8229780831998714e+54,2.134971367138862e+50,2.9978000293004647e+49,7.608147234283763e+64,1.0682908610818227e+64,8.62157329080876e+48,1.224652315098408e+49,1.3381561347471312e+50,5.482491053523232e+49,0.027242671404111858,0.013848810825730109,2.191072314371457e+50,0.0,2.191072314371457e+50,31927,46080,1.419687458766028e+52,8.765885005798505e+48,4.1362064085268326e+50,8.074199819546074e-16,8.119326749378222e-16,0.8847979266697636,-1.1722959181836761e+48,-3.2451855365842673e+32,0.9877021740790661,14223.936264034563,0.7239517211079081,0.00044700525441689493,0.02109206311446367,7.1217938030278045,0.1589160147340566
LOCAL_NEUTRAL_HAZARD_PRIMARY,4,1,5.55,46080,6.859678396727041e+65,6.8061263383884565e+65,5.3552058338584865e+63,2.0760265648078796e+54,2.572468916607627e+50,2.412143342821074e+49,9.519514741777403e+64,8.926224127732715e+63,9.650001928473785e+48,1.0630342837381994e+49,1.8162970293028793e+50,6.577519258111964e+49,0.0245827311255429,0.010426678118840866,1.8136667951218844e+50,0.0,1.8136667951218844e+50,35571,46080,2.9638502055157745e+52,9.752671331593943e+48,5.613945886061488e+50,8.601942369162249e-16,8.772412228364346e-16,0.930714494082184,-1.3072413113694896e+48,-3.2451855365842673e+32,0.9921932115120534,14613.51230556574,1.3635041445997167,0.00044866666192507765,0.025826671229733405,10.664660225370552,0.0974978016435351
LOCAL_NEUTRAL_HAZARD_PRIMARY,4,2,5.55,46080,7.1230580112802485e+65,7.070780023049296e+65,5.227798823095152e+63,2.1780912225580518e+54,2.646640705281522e+50,2.4066566719172134e+49,9.793990142100708e+64,8.905920502598358e+63,9.939428582948968e+48,1.0974167353929233e+49,1.8426792637680147e+50,6.500349630293557e+49,0.024939802334648153,0.010304348888284727,7.117336230730104e+49,0.0,7.117336230730104e+49,35201,46080,3.147992176728594e+52,1.0038817384401603e+49,6.17255641833682e+50,8.110397842703718e-16,8.32045957101469e-16,0.9335715300178454,-1.3457864831062902e+48,-3.2451855365842673e+32,0.9926607381059983,14765.054073920024,1.3946689435774375,0.0004447541814039676,0.02734655061335035,10.997167714716575,0.09654763654994968
RECOMBINATION_WEIGHTED_AUDITOR,0,1,5.95,46080,5.287538531899683e+65,5.247596949829728e+65,3.994158206995585e+63,1.593086676737768e+54,2.6241117757600854e+50,2.0788509086426585e+49,8.378302904673581e+64,6.637385940322272e+63,8.27867540712701e+48,7.775214326133238e+48,2.0202821952699795e+50,4.648655054551557e+49,0.019121154753139743,0.008537119428908151,7.401578490069113e+47,0.0,7.401578490069113e+47,32520,46080,3.064634987330462e+52,8.362690254175395e+48,4.3051173146645655e+50,7.613748839863752e-16,8.556580806787779e-16,0.9399634594885627,-1.479899880250842e+48,-3.2451855365842673e+32,0.9924460915359788,14548.268864607982,1.829065159387753,0.0004991101859079036,0.02569421846282936,12.62289548928472,0.08365100022168001
RECOMBINATION_WEIGHTED_AUDITOR,0,2,5.95,46080,5.346006235809438e+65,5.305666281229619e+65,4.033995457981818e+63,1.610401794443071e+54,2.653360458207655e+50,2.1006331638396763e+49,8.471688530763143e+64,6.706932647011111e+63,8.371726390658704e+48,7.84523165521701e+48,2.0422038319672545e+50,4.696395184651109e+49,0.01932863418780078,0.008624792785487346,1.8312275418647798e+49,0.0,1.8312275418647798e+49,32503,46080,3.1003023026029667e+52,8.456594207151769e+48,4.348287193163811e+50,7.755312281673069e-16,9.188287226520019e-16,0.9400175404486566,-1.496368780390705e+48,-4.867778304876401e+32,0.992454188640932,14545.553199444143,1.8301157093545688,0.0004991947363697864,0.025668041127192887,12.63124139846325,0.08362914683664859
RECOMBINATION_WEIGHTED_AUDITOR,1,1,5.85,46080,6.76641943200005e+65,6.707461312457133e+65,5.89581195429164e+63,2.0375726980290978e+54,2.588855484194381e+50,2.780125395624877e+49,8.569509431076956e+64,9.202642226589081e+63,9.989960049161596e+48,1.1036745800383193e+49,1.6912427145616508e+50,6.479631580844805e+49,0.027364336192355218,0.012233511704903425,4.291079346321471e+50,0.0,4.291079346321471e+50,30920,46080,2.471435063093152e+52,1.0107380976267526e+49,5.288744881021311e+50,8.307446894138004e-16,9.166161962032907e-16,0.9160497310874509,-1.6222989760232016e+48,-6.490371073168535e+32,0.9912866590468676,14540.510555521787,1.1526415104896186,0.00047139360647405063,0.024665939960506558,9.31200976858274,0.11884911149269531
RECOMBINATION_WEIGHTED_AUDITOR,1,2,5.85,46080,6.714036018719885e+65,6.652786973405672e+65,6.12490453142125e+63,2.0266601046124483e+54,2.571167995089698e+50,2.838678775259856e+49,8.510961124452639e+64,9.39646290992457e+63,9.883403382853852e+48,1.1593981342765285e+49,1.6963288532385906e+50,6.651170309154133e+49,0.027446630003573894,0.012557375957744612,0.0,1.5825070016188546e+49,-1.5825070016188546e+49,31101,46080,2.3995825917204627e+52,1.0005050948016768e+49,5.313982566265323e+50,8.362651233535131e-16,9.134754501916339e-16,0.912946664767681,-1.610618711893742e+48,-3.2451855365842673e+32,0.9908774625063911,14575.474764423527,1.1278620994189366,0.0004702616949280723,0.024977008727032117,9.057622220232828,0.12020935115677327
RECOMBINATION_WEIGHTED_AUDITOR,2,1,5.75,46080,1.1957030573716283e+66,1.1825185004353121e+66,1.3184556936316046e+64,3.5610067031304995e+54,3.363679800289671e+50,5.490716003486245e+49,1.1549547414569161e+65,1.885294932553834e+64,1.650857500761555e+49,2.200396882711868e+49,1.8693321414003944e+50,8.838279021543839e+49,0.05727465753439412,0.026232714402515463,1.5269650181637e+51,0.0,1.5269650181637e+51,28458,46080,2.2484951590495303e+52,1.6755293840402696e+49,8.318673913245995e+50,8.2933101494838e-16,9.006383534163504e-16,0.8662801448128001,-1.960868231815858e+48,-6.490371073168535e+32,0.988973385277363,14380.530572471062,0.593434217582399,0.00044221419159050693,0.02195506503610625,6.1261223457085645,0.1994332300565003
RECOMBINATION_WEIGHTED_AUDITOR,2,2,5.75,46080,1.1375815617910119e+66,1.123290058845066e+66,1.4291502945946083e+64,3.367537044140764e+54,3.2540835571006177e+50,5.735866210856724e+49,1.1173237217902516e+65,1.9694698276634388e+64,1.5736217479768403e+49,2.2953639135522314e+49,1.837901265858493e+50,9.253427630471681e+49,0.056311643743104975,0.027464908460437643,0.0,1.692725209305849e+50,-1.692725209305849e+50,28691,46080,2.008875588564192e+52,1.600437725366326e+49,7.630589969774622e+50,7.975378853607587e-16,9.270352346527776e-16,0.8528314993076627,-1.975396860192976e+48,-3.2451855365842673e+32,0.987436942171034,14294.049963317242,0.557281292199072,0.0004439767244689129,0.021167986025638325,5.673220813521344,0.20757725886151007
RECOMBINATION_WEIGHTED_AUDITOR,3,1,5.65,46080,5.407717645577101e+65,5.339396295887324e+65,6.83213496897772e+63,1.594238698880095e+54,1.8686409295022401e+50,2.669546004949435e+49,6.659056668621455e+64,9.513148216862381e+63,7.523364549730048e+48,1.1026533769188773e+49,1.1747632598920341e+50,4.879711221373287e+49,0.02391625957228787,0.012326184745082696,0.0,1.6747465440460834e+51,-1.6747465440460834e+51,29745,46080,1.216548377809094e+52,7.652758038527728e+48,3.6282036526219568e+50,8.100909728938693e-16,1.0814149167508315e-15,0.8822790679461119,-1.0246734457803476e+48,-3.2451855365842673e+32,0.9873659547025989,14235.240136797858,0.709936235649212,0.0004465889177371611,0.02117296188376783,6.99984538958202,0.16055156095895853
RECOMBINATION_WEIGHTED_AUDITOR,3,2,5.65,46080,6.188524406046253e+65,6.112419010193245e+65,7.610539585300755e+63,1.8229780831998714e+54,2.1349713671388617e+50,2.9977998786026167e+49,7.60814723428376e+64,1.0682908073793968e+64,8.621571783830263e+48,1.2246521010394905e+49,1.338156134747124e+50,5.482491053523208e+49,0.027242671404111716,0.013848810825729987,2.191072314371457e+50,0.0,2.191072314371457e+50,29716,46080,1.4138373991317425e+52,8.765883473595536e+48,4.13620568555274e+50,8.719836684845741e-16,9.632397282556677e-16,0.8847979266697633,-1.172296190675078e+48,-4.867778304876401e+32,0.9877021740790661,14223.936264034564,0.7209685569511255,0.0004470051762841363,0.021092059427748434,7.121794161036691,0.158916006745432
RECOMBINATION_WEIGHTED_AUDITOR,4,1,5.55,46080,6.859678396727042e+65,6.8061263383884565e+65,5.355205833858478e+63,2.0760265648078792e+54,2.572468916607627e+50,2.412143057696376e+49,9.519514741777403e+64,8.926223072618405e+63,9.649999077226828e+48,1.0630339696477579e+49,1.8162970293028743e+50,6.577519258111941e+49,0.02458273112554283,0.010426678118840925,1.813666795121884e+50,0.0,1.813666795121884e+50,32258,46080,2.9597353740989086e+52,9.752668450011675e+48,5.613944227331649e+50,7.609580404992849e-16,9.219686522730095e-16,0.9307144940821841,-1.3072430139681608e+48,-3.2451855365842673e+32,0.9921932115120533,14613.512305565735,1.3616111374292514,0.0004486665293593576,0.025826663598831515,10.6646614859749,0.09749779011891709
RECOMBINATION_WEIGHTED_AUDITOR,4,2,5.55,46080,7.123058011280247e+65,7.070780023049296e+65,5.2277988230950946e+63,2.178091222558051e+54,2.6466407052815214e+50,2.4066563837340484e+49,9.793990142100707e+64,8.905919436166081e+63,9.939425701117474e+48,1.097416417208606e+49,1.8426792637680163e+50,6.500349630293541e+49,0.024939802334648174,0.010304348888284758,7.117336230730105e+49,0.0,7.117336230730105e+49,31934,46080,3.1406135371917224e+52,1.0038814473753384e+49,6.1725546286698025e+50,8.370335402432671e-16,9.300463005009037e-16,0.933571530017846,-1.3457882013216412e+48,-3.2451855365842673e+32,0.9926607381059985,14765.054073920022,1.3913999521599874,0.000444754052452228,0.027346542684509152,10.997169031563722,0.09654762498893069
SCRIPT_SELF_SHIELDING_AUDITOR,0,1,5.95,46080,5.287538531899683e+65,5.247596949829728e+65,3.994158206995567e+63,1.593086676737768e+54,2.6241117757600854e+50,2.0788509217968439e+49,8.378302904673582e+64,6.63738598232115e+63,8.27867553866892e+48,7.775214449675454e+48,2.0202821952699787e+50,4.6486550545515715e+49,0.019121154753139736,0.00853711942890818,7.401578490069115e+47,0.0,7.401578490069115e+47,33193,46080,3.062533971018533e+52,8.362690387052236e+48,4.305117383069633e+50,7.840245030416579e-16,1.2889259661309547e-15,0.9399634594885624,-1.479900041488781e+48,-3.2451855365842673e+32,0.9924460915359788,14548.268864607982,1.8278112104668074,0.000499110193838388,0.025694218871091117,12.622895409411793,0.08365100075099201
SCRIPT_SELF_SHIELDING_AUDITOR,0,2,5.95,46080,5.346006235809437e+65,5.305666281229619e+65,4.033995457981804e+63,1.6104017944430708e+54,2.653360458207655e+50,2.1006331771355415e+49,8.471688530763143e+64,6.706932689462345e+63,8.371726523617395e+48,7.845231779813904e+48,2.042203831967251e+50,4.696395184651111e+49,0.019328634187800748,0.008624792785487289,1.83122754186478e+49,0.0,1.83122754186478e+49,33186,46080,3.098161059230566e+52,8.45659434145832e+48,4.348287262222752e+50,7.31269119120709e-16,1.3674143273174015e-15,0.9400175404486562,-1.4963689433475843e+48,-3.2451855365842673e+32,0.9924541886409322,14545.553199444143,1.8288517283775878,0.0004991947442979336,0.025668041534849435,12.631241318514363,0.08362914736597568
SCRIPT_SELF_SHIELDING_AUDITOR,1,1,5.85,46080,6.766419432000051e+65,6.707461312457134e+65,5.895811954291655e+63,2.037572698029098e+54,2.588855484194382e+50,2.7801254941100774e+49,8.569509431076957e+64,9.202642552590229e+63,9.989961034013558e+48,1.1036746888431661e+49,1.6912427145616527e+50,6.479631580844805e+49,0.02736433619235515,0.012233511704903322,4.291079346321471e+50,0.0,4.291079346321471e+50,31566,46080,2.4692360529693315e+52,1.0107381972695334e+49,5.288745402407858e+50,7.890838967935945e-16,1.385654135043581e-15,0.9160497310874497,-1.622298408582787e+48,-3.2451855365842673e+32,0.9912866590468676,14540.510555521787,1.1516159240242674,0.000471393652946,0.024665942392177884,9.312009438707294,0.1188491157028933
SCRIPT_SELF_SHIELDING_AUDITOR,1,2,5.85,46080,6.714036018719884e+65,6.652786973405671e+65,6.124904531421219e+63,2.026660104612448e+54,2.5711679950896974e+50,2.8386788743093226e+49,8.510961124452638e+64,9.396463237793525e+63,9.883404373348615e+48,1.1593982504690662e+49,1.696328853238593e+50,6.651170309154147e+49,0.027446630003574033,0.012557375957744706,0.0,1.5825070016188546e+49,-1.5825070016188546e+49,31845,46080,2.3977248968013055e+52,1.0005051950702804e+49,5.313983098821943e+50,8.815334821420519e-16,1.2574570465401224e-15,0.9129466647676793,-1.6106181393384526e+48,-4.867778304876401e+32,0.9908774625063911,14575.474764423527,1.1269889376870463,0.0004702617420567514,0.024977011230177586,9.057621904186986,0.1202093553512146
SCRIPT_SELF_SHIELDING_AUDITOR,2,1,5.75,46080,1.195703057371628e+66,1.182518500435312e+66,1.3184556936316114e+64,3.561006703130499e+54,3.3636798002896704e+50,5.490716282690864e+49,1.154954741456916e+65,1.885295028421668e+64,1.6508577799661534e+49,2.2003972548584253e+49,1.8693321414003946e+50,8.838279021543838e+49,0.057274657534394126,0.026232714402515196,1.5269650181637e+51,0.0,1.5269650181637e+51,28320,46080,2.240339593201466e+52,1.6755296674175498e+49,8.318675320158466e+50,8.262104800352814e-16,1.2533179291633572e-15,0.8662801448128004,-2.058133949662158e+48,-3.2451855365842673e+32,0.988973385277363,14380.530572471062,0.59128175938452,0.0004422142663808724,0.021955068749300824,6.12612203419335,0.19943324019774217
SCRIPT_SELF_SHIELDING_AUDITOR,2,2,5.75,46080,1.1375815617910117e+66,1.1232900588450657e+66,1.4291502945945996e+64,3.367537044140763e+54,3.254083557100617e+50,5.73586648825243e+49,1.1173237217902514e+65,1.969469922910164e+64,1.5736220253725715e+49,2.295364318175597e+49,1.8379012658584917e+50,9.253427630471681e+49,0.05631164374310495,0.0274649084604376,0.0,1.692725209305849e+50,-1.692725209305849e+50,28570,46080,2.003831488664482e+52,1.6004380074891385e+49,7.630591314883818e+50,8.232476614149354e-16,1.3746199268973005e-15,0.852831499307664,-1.975395280415364e+48,-3.2451855365842673e+32,0.987436942171034,14294.049963317242,0.5558820106676056,0.0004439768027324781,0.021167989757099825,5.673220539155283,0.20757726890027994
SCRIPT_SELF_SHIELDING_AUDITOR,3,1,5.65,46080,5.4077176455771015e+65,5.339396295887324e+65,6.832134968977713e+63,1.594238698880095e+54,1.8686409295022401e+50,2.6695460638538943e+49,6.659056668621455e+64,9.513148426773298e+63,7.523365138774663e+48,1.1026534632515293e+49,1.1747632598920325e+50,4.879711221373276e+49,0.023916259572287834,0.012326184745082774,0.0,1.6747465440460827e+51,-1.6747465440460827e+51,30042,46080,1.2154234351411546e+52,7.652758637703254e+48,3.628203936693505e+50,8.415638702453802e-16,1.3557098364631237e-15,0.8822790679461109,-1.0246731197646323e+48,-2.4338891524382005e+32,0.9873659547025987,14235.240136797855,0.7092797573886134,0.0004465889527030058,0.021172963541512716,6.999845235128005,0.16055156450158473
SCRIPT_SELF_SHIELDING_AUDITOR,3,2,5.65,46080,6.188524406046254e+65,6.112419010193245e+65,7.610539585300772e+63,1.822978083199871e+54,2.1349713671388617e+50,2.9977999454657113e+49,7.60814723428376e+64,1.0682908312066142e+64,8.62157245246116e+48,1.2246521960152361e+49,1.3381561347471237e+50,5.482491053523212e+49,0.0272426714041117,0.013848810825729916,2.1910723143714572e+50,0.0,2.1910723143714572e+50,29946,46080,1.4120136753283685e+52,8.765884153418271e+48,4.136206006328922e+50,8.739184414010588e-16,1.348393066904338e-15,0.8847979266697633,-1.1722958212219488e+48,-3.2451855365842673e+32,0.987702174079066,14223.936264034559,0.7200385719899103,0.0004470052109508395,0.02109206106350613,7.121794002191803,0.15891601028990343
SCRIPT_SELF_SHIELDING_AUDITOR,4,1,5.55,46080,6.859678396727042e+65,6.8061263383884565e+65,5.355205833858476e+63,2.0760265648078792e+54,2.5724689166076274e+50,2.4121429591077285e+49,9.519514741777403e+64,8.926222707787531e+63,9.649998091340357e+48,1.0630338610435185e+49,1.8162970293028797e+50,6.577519258111953e+49,0.0245827311255429,0.010426678118840871,1.8136667951218842e+50,0.0,1.8136667951218842e+50,34079,46080,2.9593319378121337e+52,9.752667453636047e+48,5.613943653786343e+50,8.454651050413473e-16,1.3685787968125926e-15,0.9307144940821861,-1.307244096820896e+48,-4.867778304876401e+32,0.9921932115120533,14613.512305565735,1.3614255386266954,0.0004486664835216059,0.025826660960265643,10.664661921858913,0.09749778613400589
SCRIPT_SELF_SHIELDING_AUDITOR,4,2,5.55,46080,7.123058011280248e+65,7.070780023049297e+65,5.2277988230951085e+63,2.1780912225580518e+54,2.6466407052815214e+50,2.4066562840878715e+49,9.793990142100707e+64,8.905919067421782e+63,9.939424704655671e+48,1.0974163071888236e+49,1.8426792637680192e+50,6.500349630293549e+49,0.02493980233464821,0.010304348888284727,7.117336230730105e+49,0.0,7.117336230730105e+49,33305,46080,3.1397086695288385e+52,1.0038813467327512e+49,6.172554009849854e+50,8.23528090909154e-16,1.4358109369818124e-15,0.9335715300178457,-1.3457892941065901e+48,-3.2451855365842673e+32,0.9926607381059985,14765.054073920026,1.3909990646238615,0.000444754007864096,0.027346539942923673,10.997169486894988,0.09654762099143352
