shape_lane,interval_index,substep,macro_index,z_mid,dt_Myr,model,refinement,combined_error,cone_pass,error_M,error_I,error_U,error_C,error_J_G1,error_J_G2a,minimum_M,minimum_I,minimum_neutral,minimum_U,minimum_C,minimum_J_G1,minimum_J_G2a,minimum_cycling
LOCAL_NEUTRAL_HAZARD_PRIMARY,0,1,1,5.95000000000000018e+00,1.01174195637656954e+01,TWO_MODE,2,3.74704237811847101e-05,False,4.99303210887478944e-08,1.52245457034593815e-05,3.74704237811847101e-05,3.25108024727247199e-06,1.28345899219059192e-06,3.55316266071278659e-07,1.17357928200111990e-144,1.17296917043910096e-144,6.10111562018934210e-148,9.18836323297885600e-156,3.24229488334971418e-161,6.94327110096310196e-163,1.73876664641401447e-163,-3.17598006555803512e+41
LOCAL_NEUTRAL_HAZARD_PRIMARY,0,1,1,5.95000000000000018e+00,1.01174195637656954e+01,TWO_MODE,4,1.98952297378283316e-05,True,2.49670201283124958e-08,7.79062422708021773e-06,1.98952297378283316e-05,2.95701580947044610e-07,6.42513840518061240e-07,1.77716543465011518e-07,1.17344813888188408e-144,1.17284271108486843e-144,6.05427797015648665e-148,9.18745455405186080e-156,3.24216482927638102e-161,6.94326059768642684e-163,1.73876594476283477e-163,3.15523719002642319e-161
LOCAL_NEUTRAL_HAZARD_PRIMARY,0,1,1,5.95000000000000018e+00,1.01174195637656954e+01,TWO_MODE,8,1.02702295743029086e-05,True,1.24839749912733734e-08,3.94170867474083091e-06,1.02702295743029086e-05,1.71393699532238770e-08,3.21453411313517170e-07,8.88728821205658623e-08,1.17338255633058531e-144,1.17277589181525864e-144,6.02954212358859316e-148,9.18691935818308290e-156,3.24199338865789744e-161,6.94325533641483833e-163,1.73876559376420235e-163,3.15504781153429049e-161
LOCAL_NEUTRAL_HAZARD_PRIMARY,0,1,7,5.95000000000000018e+00,1.01174195637656954e+01,TWO_MODE,2,4.28859787000278946e-05,True,4.99303211692830922e-08,1.54875160629315096e-05,4.28859787000278946e-05,3.39923999843407435e-06,1.08378509457156889e-05,3.95095243576349802e-06,1.05513785167780163e-143,1.05458933120078495e-143,5.48520477016677342e-147,8.26105868717550755e-155,2.53721773027825492e-160,5.63905569957124864e-162,1.39024161192445982e-162,2.46686311116709022e-160
LOCAL_NEUTRAL_HAZARD_PRIMARY,0,1,7,5.95000000000000018e+00,1.01174195637656954e+01,TWO_MODE,4,2.29798127324218773e-05,True,2.49670197599870644e-08,7.92842818928346450e-06,2.29798127324218773e-05,2.98484271907689286e-07,5.47446391472093263e-06,1.98270247654421631e-06,1.05501994394782138e-143,1.05447570975143715e-143,5.44233191915445379e-147,8.26025770103749494e-155,2.53713257940480556e-160,5.63897939954945271e-162,1.39023481959755524e-162,2.46674671550064368e-160
LOCAL_NEUTRAL_HAZARD_PRIMARY,0,1,7,5.95000000000000018e+00,1.01174195637656954e+01,TWO_MODE,8,1.19247871679144876e-05,True,1.24839746154817751e-08,4.01228877110461252e-06,1.19247871679144876e-05,1.56793468358283777e-08,2.75135934991036376e-06,9.93168997798005787e-07,1.05496098020046618e-143,1.05441561146563627e-143,5.41966044912781008e-147,8.25976929311160001e-155,2.53700050065559892e-160,5.63894066042127760e-162,1.39023140476965736e-162,2.46659869088269402e-160
LOCAL_NEUTRAL_HAZARD_PRIMARY,0,1,8,5.95000000000000018e+00,1.01174195637656954e+01,TWO_MODE,2,4.22986936381185351e-05,False,4.99303208681399897e-08,1.54875160629427413e-05,4.22986936381185351e-05,3.35839210810839869e-06,4.97878755180355298e-06,1.58533415009247809e-06,4.62847173918912859e-144,4.62606559716493515e-144,2.40614202419343187e-147,3.62379833389793960e-155,1.11297442149537018e-160,2.51600668848737911e-162,6.03713816604600918e-163,-2.65134623191146883e+41
LOCAL_NEUTRAL_HAZARD_PRIMARY,0,1,8,5.95000000000000018e+00,1.01174195637656954e+01,TWO_MODE,4,2.26426236347228399e-05,True,2.49670199120041104e-08,7.92842818928986299e-06,2.26426236347228399e-05,2.95148479225242029e-07,2.50103174150925284e-06,7.93821572326595505e-07,4.62795452468945050e-144,4.62556718488028748e-144,2.38733540295555351e-147,3.62344617524723476e-155,1.11293600818499395e-160,2.51599094959896547e-162,6.03712637906558749e-163,1.08169706733293582e-160
LOCAL_NEUTRAL_HAZARD_PRIMARY,0,1,8,5.95000000000000018e+00,1.01174195637656954e+01,TWO_MODE,8,1.17430687578845035e-05,True,1.24839747701966823e-08,4.01228877109809799e-06,1.17430687578845035e-05,1.56403763552885426e-08,1.25344842926263015e-06,3.97200120935292240e-07,4.62769587408959211e-144,4.62530355750974004e-144,2.37739032723573235e-147,3.62323230828811394e-155,1.11287801867593097e-160,2.51598302485736799e-162,6.03712047269162207e-163,1.08163202894720509e-160
LOCAL_NEUTRAL_HAZARD_PRIMARY,0,1,9,5.95000000000000018e+00,1.01174195637656954e+01,TWO_MODE,2,4.18719490529538457e-05,False,4.99303212032066360e-08,1.54875160629407863e-05,4.18719490529538457e-05,3.27285864482653681e-06,2.35601648596915472e-06,6.78877284392458260e-07,2.13658869683821348e-144,2.13547797689833590e-144,1.11071993987758125e-147,1.67281248544370561e-155,5.13767310388897327e-161,1.17566130421130632e-162,2.69157880654453249e-163,-4.34426855147532677e+41
LOCAL_NEUTRAL_HAZARD_PRIMARY,0,1,9,5.95000000000000018e+00,1.01174195637656954e+01,TWO_MODE,4,2.23980153368853276e-05,True,2.49670198146484298e-08,7.92842818927747090e-06,2.23980153368853276e-05,2.88163494234433179e-07,1.18060592990569293e-06,3.39649556314500929e-07,2.13634994099911100e-144,2.13524790051162554e-144,1.10203845349860391e-147,1.67264965784430233e-155,5.13748552524570997e-161,1.17565781460169454e-162,2.69157656215399798e-163,4.99280928645506095e-161
LOCAL_NEUTRAL_HAZARD_PRIMARY,0,1,9,5.95000000000000018e+00,1.01174195637656954e+01,TWO_MODE,8,1.16113741899907361e-05,True,1.24839746727103253e-08,4.01228877108265488e-06,1.16113741899907361e-05,1.55587740946006477e-08,5.90954808919565125e-07,1.69877562152359449e-07,2.13623054306838409e-144,2.13512620521092413e-144,1.09744762145509793e-147,1.67255105700063292e-155,5.13721733423141083e-161,1.17565606401998601e-162,2.69157543891251426e-163,4.99250850623566425e-161
LOCAL_NEUTRAL_HAZARD_PRIMARY,0,1,13,5.95000000000000018e+00,1.01174195637656954e+01,TWO_MODE,2,5.30427024370231170e-05,False,4.99303210305833331e-08,1.63788837110342183e-05,5.30427024370231170e-05,2.98390282985492636e-06,4.74044365931286649e-06,2.18470276249362040e-06,4.62022229357637000e-144,4.61782069946750426e-144,2.40159410886574164e-147,3.61736376031100120e-155,7.83233754553869763e-161,2.03422698490601160e-162,5.75491121862320682e-163,-1.65584844059934488e+41
LOCAL_NEUTRAL_HAZARD_PRIMARY,0,1,13,5.95000000000000018e+00,1.01174195637656954e+01,TWO_MODE,4,2.89028103669336948e-05,True,2.49670200567023749e-08,8.39637730167804174e-06,2.89028103669336948e-05,2.37625254813482508e-07,2.38061535268221422e-06,1.09454937979831621e-06,4.61970600092155242e-144,4.61732429609515155e-144,2.38166819098362267e-147,3.61702948504892570e-155,7.83207865786338511e-161,2.03421424244684668e-162,5.75489458858747895e-163,7.57073380506014381e-161
LOCAL_NEUTRAL_HAZARD_PRIMARY,0,1,13,5.95000000000000018e+00,1.01174195637656954e+01,TWO_MODE,8,1.51472672554753093e-05,True,1.24839749175183071e-08,4.25219062915531569e-06,1.51472672554753093e-05,1.08416138168351716e-08,1.19292537387201224e-06,5.47826059325907415e-07,4.61944781132138866e-144,4.61706079882458024e-144,2.37111004132180569e-147,3.61680665630901281e-155,7.83168490971017127e-161,2.03420782922982868e-162,5.75488624845067215e-163,7.57027709292755772e-161
LOCAL_NEUTRAL_HAZARD_PRIMARY,0,1,14,5.95000000000000018e+00,1.01174195637656954e+01,TWO_MODE,2,5.30049861932212866e-05,False,4.99303212473848173e-08,1.63788837110325615e-05,5.30049861932212866e-05,2.87518321250524255e-06,1.82506024521547904e-06,8.27319333274981665e-07,1.75150670580030413e-144,1.75059627164389233e-144,9.10434156411794420e-148,1.37132722890264113e-155,2.96918592022242758e-161,7.72321234113171672e-163,2.33560479596887880e-163,-3.24449823691405722e+41
LOCAL_NEUTRAL_HAZARD_PRIMARY,0,1,14,5.95000000000000018e+00,1.01174195637656954e+01,TWO_MODE,4,2.88805929227685761e-05,True,2.49670198674156741e-08,8.39637730169133338e-06,2.88805929227685761e-05,2.29745112153911266e-07,9.14066117252876791e-07,4.13973321706984014e-07,1.75131098144125667e-144,1.75040808722759999e-144,9.02880325325415354e-148,1.37120047719494433e-155,2.96907912107589903e-161,7.72319367502933895e-163,2.33560225140525620e-163,2.86834652358957252e-161
LOCAL_NEUTRAL_HAZARD_PRIMARY,0,1,14,5.95000000000000018e+00,1.01174195637656954e+01,TWO_MODE,8,1.51351039310289509e-05,True,1.24839747214208045e-08,4.25219062916012175e-06,1.51351039310289509e-05,1.09024721994147323e-08,4.57418149937355126e-07,2.07065175142685037e-07,1.75121310285721459e-144,1.75030819652818323e-144,8.98877775500326211e-148,1.37111602190271915e-155,2.96892923665555954e-161,7.72318431839635327e-163,2.33560097767591515e-163,2.86817245270259260e-161
LOCAL_NEUTRAL_HAZARD_PRIMARY,0,1,15,5.95000000000000018e+00,1.01174195637656954e+01,TWO_MODE,2,5.28698259583856213e-05,False,4.99303209750204533e-08,1.63788837110378572e-05,5.28698259583856213e-05,2.75674109633117994e-06,1.10882894761350528e-06,4.77847170931981364e-07,1.05105853354483020e-144,1.05051219273656585e-144,5.46340808264358054e-148,8.22917195280569103e-156,1.78176035634995667e-161,4.67722910263048295e-163,1.30710297001838398e-163,-2.23655385450454690e+41
LOCAL_NEUTRAL_HAZARD_PRIMARY,0,1,15,5.95000000000000018e+00,1.01174195637656954e+01,TWO_MODE,4,2.88009750047447220e-05,True,2.49670200283350132e-08,8.39637730169833326e-06,2.88009750047447220e-05,2.21160269832757662e-07,5.54980743876494241e-07,2.39028314196268455e-07,1.05094108166347663e-144,1.05039926548600543e-144,5.41807843247154235e-148,8.22841070319683043e-156,1.78169060860826717e-161,4.67722223305933928e-163,1.30710214582896859e-163,1.72176123750265614e-161
LOCAL_NEUTRAL_HAZARD_PRIMARY,0,1,15,5.95000000000000018e+00,1.01174195637656954e+01,TWO_MODE,8,1.50915159695929180e-05,True,1.24839748900410628e-08,4.25219062914666833e-06,1.50915159695929180e-05,1.09687729930530387e-08,2.77632183728238756e-07,1.19540358849428329e-07,1.05088234587864184e-144,1.05033932225444598e-144,5.39405960265144977e-148,8.22790428345510154e-156,1.78160026191591705e-161,4.67721879300906469e-163,1.30710173346325603e-163,1.72165650728318832e-161
RECOMBINATION_WEIGHTED_AUDITOR,0,1,7,5.95000000000000018e+00,1.01174195637656954e+01,TWO_MODE,2,4.28860154550810108e-05,True,4.99303209115292458e-08,1.54875160629419146e-05,4.28860154550810108e-05,3.39479575494602075e-06,1.16966496316590366e-05,5.05979873489537152e-06,1.05513904820666668e-143,1.05459052710762648e-143,5.48521099040200307e-147,8.26106805535719935e-155,2.53721999255218692e-160,6.48579654317115325e-163,1.80514607110935902e-162,2.51263989406494542e-160
RECOMBINATION_WEIGHTED_AUDITOR,0,1,7,5.95000000000000018e+00,1.01174195637656954e+01,TWO_MODE,4,2.29798338555162160e-05,True,2.49670199538573980e-08,7.92842818929114371e-06,2.29798338555162160e-05,2.98121338245344107e-07,5.90826416164312390e-06,2.53915376470755729e-06,1.05502114034297848e-143,1.05447690552943157e-143,5.44233809077208151e-147,8.26026706842544540e-155,2.53713457842580462e-160,6.48562016922312097e-163,1.80512877632457277e-162,2.51253288275876215e-160
RECOMBINATION_WEIGHTED_AUDITOR,0,1,7,5.95000000000000018e+00,1.01174195637656954e+01,TWO_MODE,8,1.19247985581010635e-05,True,1.24839748183068997e-08,4.01228877109675544e-06,1.19247985581010635e-05,1.56751068609117116e-08,2.96937893755836458e-06,1.27190481854278735e-06,1.05496217652875859e-143,1.05441680717547910e-143,5.41966659503455618e-147,8.25977865989102725e-155,2.53700248668037734e-160,6.48553062045473508e-163,1.80512008140797233e-162,2.51238985786042583e-160
RECOMBINATION_WEIGHTED_AUDITOR,0,1,8,5.95000000000000018e+00,1.01174195637656954e+01,TWO_MODE,2,4.22987079638733373e-05,False,4.99303208767382146e-08,1.54875160629315537e-05,4.22987079638733373e-05,3.34387829152462044e-06,5.35233577458623484e-06,2.10530470769625919e-06,4.62847369597255359e-144,4.62606755293111366e-144,2.40614304143993380e-147,3.62379986595450263e-155,1.11297401109771620e-160,2.87980345849072954e-163,8.99284123043864069e-163,-3.00338047734310963e+41
RECOMBINATION_WEIGHTED_AUDITOR,0,1,8,5.95000000000000018e+00,1.01174195637656954e+01,TWO_MODE,4,2.26426318519402162e-05,True,2.49670199266109157e-08,7.92842818928533814e-06,2.26426318519402162e-05,2.93963226260501300e-07,2.68867902559197166e-06,1.05418551704077371e-06,4.62795648125421237e-144,4.62556914043575215e-144,2.38733641225162082e-147,3.62344770717424769e-155,1.11293522078461646e-160,2.87976717191477572e-163,8.99280694370591379e-163,1.10103128276193586e-160
RECOMBINATION_WEIGHTED_AUDITOR,0,1,8,5.95000000000000018e+00,1.01174195637656954e+01,TWO_MODE,8,1.17430731837765091e-05,True,1.24839747838295518e-08,4.01228877109893825e-06,1.17430731837765091e-05,1.56265296100217833e-08,1.34749209515787109e-06,5.27476992826981669e-07,4.62769783054500421e-144,4.62530551295375068e-144,2.37739133232726478e-147,3.62323384011560076e-155,1.11287721284777566e-160,2.87974890113666625e-163,8.99278976286233667e-163,1.10096802067214936e-160
RECOMBINATION_WEIGHTED_AUDITOR,0,1,9,5.95000000000000018e+00,1.01174195637656954e+01,TWO_MODE,2,4.18719370455152096e-05,False,4.99303211383451609e-08,1.54875160629501986e-05,4.18719370455152096e-05,3.23576602775627518e-06,2.53175342733959519e-06,9.17722307130527399e-07,2.13658796306634238e-144,2.13547724350792121e-144,1.11071955842116791e-147,1.67281191093973612e-155,5.13766094669558431e-161,1.34477788787086445e-163,4.21483352944948112e-163,-4.36085641216584215e+41
RECOMBINATION_WEIGHTED_AUDITOR,0,1,9,5.95000000000000018e+00,1.01174195637656954e+01,TWO_MODE,4,2.23980084590921995e-05,True,2.49670201778350082e-08,7.92842818929191959e-06,2.23980084590921995e-05,2.85134371320807522e-07,1.26866816387979136e-06,4.59146271470361000e-07,2.13634920730923629e-144,2.13524716720022640e-144,1.10203807502331904e-147,1.67264908338884141e-155,5.13746892063061094e-161,1.34476984418694234e-163,4.21482668457427329e-163,5.08172618920199717e-161
RECOMBINATION_WEIGHTED_AUDITOR,0,1,9,5.95000000000000018e+00,1.01174195637656954e+01,TWO_MODE,8,1.16113704886028173e-05,True,1.24839750343763125e-08,4.01228877110551207e-06,1.16113704886028173e-05,1.55233862860729140e-08,6.35034547423040461e-07,2.29644489803243768e-07,2.13622980941951426e-144,2.13512547194131883e-144,1.09744724455658477e-147,1.67255048258249559e-155,5.13720051259652176e-161,1.34476580902899954e-163,4.21482325894595121e-163,5.08143326394502794e-161
RECOMBINATION_WEIGHTED_AUDITOR,0,1,13,5.95000000000000018e+00,1.01174195637656954e+01,TWO_MODE,2,5.30427421266847288e-05,False,4.99303212188398202e-08,1.63788837110310911e-05,5.30427421266847288e-05,2.98361928096730502e-06,4.75648078544597320e-06,2.40928399152875397e-06,4.62023432445885633e-144,4.61783272409633189e-144,2.40160036252443457e-147,3.61737317993798901e-155,7.83235780253614986e-161,2.30801323589552349e-163,5.50588609677566800e-163,-1.84740729844090978e+41
RECOMBINATION_WEIGHTED_AUDITOR,0,1,13,5.95000000000000018e+00,1.01174195637656954e+01,TWO_MODE,4,2.89028337468596638e-05,True,2.49670198276860172e-08,8.39637730170309189e-06,2.89028337468596638e-05,2.37604702816757813e-07,2.38866907749608481e-06,1.20706597529729859e-06,4.61971803045963345e-144,4.61733631943136381e-144,2.38167439275679597e-147,3.61703890388712220e-155,7.83209885463616265e-161,2.30799682751006698e-163,5.50586850204832469e-163,7.75383504709346965e-161
RECOMBINATION_WEIGHTED_AUDITOR,0,1,13,5.95000000000000018e+00,1.01174195637656954e+01,TWO_MODE,8,1.51472800552343867e-05,True,1.24839746915984040e-08,4.25219062916077058e-06,1.51472800552343867e-05,1.08417725347158694e-08,1.19696109207925352e-06,6.04141044655727152e-07,4.61945984018715324e-144,4.61707282147465554e-144,2.37111621560190719e-147,3.61681607451651651e-155,7.83170510121859964e-161,2.30798856925037906e-163,5.50585967810822426e-163,7.75342030531630300e-161
RECOMBINATION_WEIGHTED_AUDITOR,0,1,14,5.95000000000000018e+00,1.01174195637656954e+01,TWO_MODE,2,5.30050435762458204e-05,False,4.99303209081791644e-08,1.63788837110510133e-05,5.30050435762458204e-05,2.86849598257456720e-06,1.81994204189068042e-06,9.34994401041403566e-07,1.75151325513920602e-144,1.75060281757844396e-144,9.10437560762066385e-148,1.37133235673334097e-155,2.96919578798685233e-161,8.69052358173840410e-164,2.77678881289915326e-163,-3.27142095996882663e+41
RECOMBINATION_WEIGHTED_AUDITOR,0,1,14,5.95000000000000018e+00,1.01174195637656954e+01,TWO_MODE,4,2.88806267252731643e-05,True,2.49670199492939948e-08,8.39637730168507211e-06,2.88806267252731643e-05,2.29260412832353934e-07,9.11502708048396768e-07,4.67851684688456539e-07,1.75131753004829409e-144,1.75041463245848125e-144,9.02883701429509285e-148,1.37120560459631010e-155,2.96908845602208060e-161,8.69049965769684385e-164,2.77678548591926180e-163,2.93257196187091150e-161
RECOMBINATION_WEIGHTED_AUDITOR,0,1,14,5.95000000000000018e+00,1.01174195637656954e+01,TWO_MODE,8,1.51351224367695750e-05,True,1.24839748257127221e-08,4.25219062915997945e-06,1.51351224367695750e-05,1.09062155528568488e-08,4.56135365385792142e-07,2.34014576881926276e-07,1.75121965109825860e-144,1.75031474138554713e-144,8.98881136637607468e-148,1.37112114896074221e-155,2.96893853314160684e-161,8.69048766545165543e-164,2.77678382053665277e-163,2.93241232749458658e-161
RECOMBINATION_WEIGHTED_AUDITOR,0,1,15,5.95000000000000018e+00,1.01174195637656954e+01,TWO_MODE,2,5.28698745927792596e-05,False,4.99303209640489811e-08,1.63788837110249518e-05,5.28698745927792596e-05,2.74930669355472200e-06,1.10942641243076433e-06,5.35404073434278181e-07,1.05106178538906659e-144,1.05051544289049172e-144,5.46342498574870166e-148,8.22919741324692364e-156,1.78176504511887357e-161,5.28637459653503621e-164,1.44320610047739564e-163,-2.24151669025174768e+41
RECOMBINATION_WEIGHTED_AUDITOR,0,1,15,5.95000000000000018e+00,1.01174195637656954e+01,TWO_MODE,4,2.88010036531397897e-05,True,2.49670200115620403e-08,8.39637730170250405e-06,2.88010036531397897e-05,2.20621414424270565e-07,5.55279781392110642e-07,2.67819382053814975e-07,1.05094433314433144e-144,1.05040251529054835e-144,5.41809519533303382e-148,8.22843616150753126e-156,1.78169494196536085e-161,5.28636576253015725e-164,1.44320509722945361e-163,1.76194497244669598e-161
RECOMBINATION_WEIGHTED_AUDITOR,0,1,15,5.95000000000000018e+00,1.01174195637656954e+01,TWO_MODE,8,1.50915316534543627e-05,True,1.24839748720540154e-08,4.25219062916358950e-06,1.50915316534543627e-05,1.09729345863303878e-08,2.77781778901839560e-07,1.33939049074520700e-07,1.05088559717777542e-144,1.05034257187353200e-144,5.39407629119953688e-148,8.22792974006091428e-156,1.78160456970923456e-161,5.28636133875751177e-164,1.44320459527559426e-163,1.76184933429602239e-161
SCRIPT_SELF_SHIELDING_AUDITOR,0,1,0,5.95000000000000018e+00,1.01174195637656954e+01,TWO_MODE,2,4.14711439408102834e-05,True,4.99303212411799370e-08,1.52245457034757479e-05,4.14711439408102834e-05,3.52066254486425704e-06,1.17247032094869616e-05,1.06796733117051006e-05,1.28981923570582995e-143,1.28914869419177343e-143,6.70541514056518567e-147,1.00984593239354261e-154,3.56348603600301737e-160,3.62419618008057443e-164,7.19675458743762169e-162,3.49104742459555628e-160
SCRIPT_SELF_SHIELDING_AUDITOR,0,1,0,5.95000000000000018e+00,1.01174195637656954e+01,TWO_MODE,4,2.21685882643267688e-05,True,2.49670198447342559e-08,7.79062422708633670e-06,2.21685882643267688e-05,3.18501276892229801e-07,5.93023898048645435e-06,5.37282929601976552e-06,1.28967510320416184e-143,1.28900970936976295e-143,6.65393834398895903e-147,1.00974748765931789e-154,3.56336459173653274e-160,3.62409205651350394e-164,7.19665404643240771e-162,3.49087114457562011e-160
SCRIPT_SELF_SHIELDING_AUDITOR,0,1,0,5.95000000000000018e+00,1.01174195637656954e+01,TWO_MODE,8,1.14879527353694251e-05,True,1.24839747126129142e-08,3.94170867474055223e-06,1.14879527353694251e-05,1.75314203521102576e-08,2.98242713336286773e-06,2.69474937217061251e-06,1.28960302487294965e-143,1.28893627182653064e-143,6.62675247661316091e-147,1.00968803330510804e-154,3.56317706969328357e-160,3.62403908583796842e-164,7.19660330877236123e-162,3.49065581456303124e-160
SCRIPT_SELF_SHIELDING_AUDITOR,0,1,6,5.95000000000000018e+00,1.01174195637656954e+01,TWO_MODE,2,4.44945311676893119e-05,True,4.99303209425093502e-08,1.54875160629460854e-05,4.44945311676893119e-05,3.39650341381296571e-06,1.29982544496592847e-05,1.42252098821598561e-05,1.51582350525035563e-143,1.51503549425174442e-143,7.88010998611212615e-147,1.18679426153827464e-154,3.64499642715562747e-160,2.95868831089745029e-164,1.13848525833772622e-161,3.53066898582558951e-160
SCRIPT_SELF_SHIELDING_AUDITOR,0,1,6,5.95000000000000018e+00,1.01174195637656954e+01,TWO_MODE,4,2.39066503116159700e-05,True,2.49670199892825294e-08,7.92842818928401677e-06,2.39066503116159700e-05,2.98260792099731446e-07,6.58862203930265749e-06,7.16018496867848119e-06,1.51565411761226558e-143,1.51487226433505769e-143,7.81851834176011978e-147,1.18667992538365864e-154,3.64487386561492783e-160,2.95857420571941234e-164,1.13846686625062797e-161,3.53045396600918020e-160
SCRIPT_SELF_SHIELDING_AUDITOR,0,1,6,5.95000000000000018e+00,1.01174195637656954e+01,TWO_MODE,8,1.24253420966903231e-05,True,1.24839748504395776e-08,4.01228877109121246e-06,1.24253420966903231e-05,1.56767360267710493e-08,3.31721238926728943e-06,3.59212272677417535e-06,1.51556940959609849e-143,1.51478592642755368e-143,7.78594824003322547e-147,1.18660940347927536e-154,3.64468410835912939e-160,2.95851596762451772e-164,1.13845757766179363e-161,3.53021726756960906e-160
SCRIPT_SELF_SHIELDING_AUDITOR,0,1,7,5.95000000000000018e+00,1.01174195637656954e+01,TWO_MODE,2,4.28860517458749078e-05,True,4.99303208466482558e-08,1.54875160629458008e-05,4.28860517458749078e-05,3.36282374556055737e-06,9.70574355764222675e-06,9.08115496657641258e-06,1.05514022962736453e-143,1.05459170791415473e-143,5.48521713209795500e-147,8.26107730525001469e-155,2.53721840956114502e-160,2.12299198221266985e-164,8.44539214501363528e-162,-1.50179094268600682e+38
SCRIPT_SELF_SHIELDING_AUDITOR,0,1,7,5.95000000000000018e+00,1.01174195637656954e+01,TWO_MODE,4,2.29798547118145701e-05,True,2.49670198843511913e-08,7.92842818929244305e-06,2.29798547118145701e-05,2.95510383442944223e-07,4.90260874947111438e-06,4.55718708188910106e-06,1.05502232163165700e-143,1.05447808620873966e-143,5.44234418446270374e-147,8.26027631753454037e-155,2.53713110218286405e-160,2.12292922580504846e-164,8.44532086026401821e-162,2.45226949387589872e-160
SCRIPT_SELF_SHIELDING_AUDITOR,0,1,7,5.95000000000000018e+00,1.01174195637656954e+01,TWO_MODE,8,1.19248098044122765e-05,True,1.24839747494698191e-08,4.01228877108299624e-06,1.19248098044122765e-05,1.56446043090681495e-08,2.46395603877691516e-06,2.28277167237088071e-06,1.05496335775141618e-143,1.05441798778749619e-143,5.41967266334205590e-147,8.25978790839928655e-155,2.53699891787176719e-160,2.12289736305505895e-164,8.44528502200496686e-162,2.45210435092893950e-160
SCRIPT_SELF_SHIELDING_AUDITOR,0,1,9,5.95000000000000018e+00,1.01174195637656954e+01,TWO_MODE,2,4.18719432295778236e-05,False,4.99303209596139232e-08,1.54875160629411353e-05,4.18719432295778236e-05,3.02875441484034873e-06,2.17924935394141742e-06,1.61209697645839118e-06,2.13658834097339992e-144,2.13547762121852102e-144,1.11071975487889979e-147,1.67281220682066769e-155,5.13760385408069738e-161,4.58792881150236548e-165,1.54478011760403198e-162,-4.46014389273639508e+41
SCRIPT_SELF_SHIELDING_AUDITOR,0,1,9,5.95000000000000018e+00,1.01174195637656954e+01,TWO_MODE,4,2.23980120012930170e-05,True,2.49670200140437774e-08,7.92842818929596671e-06,2.23980120012930170e-05,2.68229022774087594e-07,1.09202746471343677e-06,8.06549335058360837e-07,2.13634958517406383e-144,2.13524754487013145e-144,1.10203826994553361e-147,1.67264937924478992e-155,5.13738700683101743e-161,4.58789916706049123e-165,1.54477794454221093e-162,-1.11942985721348642e+31
SCRIPT_SELF_SHIELDING_AUDITOR,0,1,9,5.95000000000000018e+00,1.01174195637656954e+01,TWO_MODE,8,1.16113723948761030e-05,True,1.24839748723532216e-08,4.01228877109745848e-06,1.16113723948761030e-05,1.53258891463108121e-08,5.46616669791917990e-07,4.03400010607170325e-07,2.13623018726322354e-144,2.13512584958969932e-144,1.09744743866651438e-147,1.67255077841922172e-155,5.13711738706111380e-161,4.58788429576442217e-165,1.54477685699833353e-162,4.98177091297988557e-161
SCRIPT_SELF_SHIELDING_AUDITOR,0,1,13,5.95000000000000018e+00,1.01174195637656954e+01,TWO_MODE,2,5.30427569383240300e-05,False,4.99303209329305126e-08,1.63788837110396597e-05,5.30427569383240300e-05,2.94846677271692358e-06,4.24193132456708063e-06,4.56789264502618965e-06,4.62023881424487431e-144,4.61783721154855590e-144,2.40160269631841230e-147,3.61737669523369285e-155,7.83234829171718447e-161,5.71461487013181596e-165,2.72259281919716685e-162,-3.57537648005233519e+41
SCRIPT_SELF_SHIELDING_AUDITOR,0,1,13,5.95000000000000018e+00,1.01174195637656954e+01,TWO_MODE,4,2.89028424719435075e-05,True,2.49670199946002354e-08,8.39637730169569729e-06,2.89028424719435075e-05,2.35056802205776975e-07,2.13026618646495260e-06,2.28854210064171007e-06,4.61972251974393360e-144,4.61734080640119867e-144,2.38167670718624173e-147,3.61704241888845830e-155,7.83208196087754233e-161,5.71452610724455022e-165,2.72257575279303377e-162,7.55840127328308409e-161
SCRIPT_SELF_SHIELDING_AUDITOR,0,1,13,5.95000000000000018e+00,1.01174195637656954e+01,TWO_MODE,8,1.51472848319092648e-05,True,1.24839748469344692e-08,4.25219062915734602e-06,1.51472848319092648e-05,1.08614499891614507e-08,1.06747550971590075e-06,1.14542390437154610e-06,4.61946432922055322e-144,4.61707730818843201e-144,2.37111851977180983e-147,3.61681958928248535e-155,7.83168768154848601e-161,5.71448143332001354e-165,2.72256719381242524e-162,7.55786440154705151e-161
SCRIPT_SELF_SHIELDING_AUDITOR,0,1,14,5.95000000000000018e+00,1.01174195637656954e+01,TWO_MODE,2,5.30050610986160668e-05,False,4.99303208913157310e-08,1.63788837110299052e-05,5.30050610986160668e-05,2.76496740652431078e-06,1.58121492448687912e-06,1.83836286069492362e-06,1.75151525505028316e-144,1.75060481644996649e-144,9.10438600316673026e-148,1.37133392257159964e-155,2.96918006175017978e-161,2.07605834935598107e-165,1.16766534231061346e-162,-3.38229051365205361e+41
SCRIPT_SELF_SHIELDING_AUDITOR,0,1,14,5.95000000000000018e+00,1.01174195637656954e+01,TWO_MODE,4,2.88806370471156593e-05,True,2.49670199518573812e-08,8.39637730169393547e-06,2.88806370471156593e-05,2.21756523761837614e-07,7.91938233454615902e-07,9.19878412449580748e-07,1.75131952973588873e-144,1.75041663111513037e-144,9.02884732359100695e-148,1.37120717030346693e-155,2.96906448699238158e-161,2.07604574108368072e-165,1.16766260580505342e-162,2.85172874187569026e-161
SCRIPT_SELF_SHIELDING_AUDITOR,0,1,14,5.95000000000000018e+00,1.01174195637656954e+01,TWO_MODE,8,1.51351280876523129e-05,True,1.24839748085786303e-08,4.25219062914551636e-06,1.51351280876523129e-05,1.09641681290746694e-08,3.96302756215162158e-07,4.60113675152864564e-07,1.75122165067409308e-144,1.75031673992813892e-144,8.98882162997064633e-148,1.37112271456305565e-155,2.96891397719492305e-161,2.07603942101888480e-165,1.16766123599551298e-162,2.85151781531109323e-161
SCRIPT_SELF_SHIELDING_AUDITOR,0,2,9,5.95000000000000018e+00,1.01174195637656954e+01,TWO_MODE,2,1.03597754651626539e-03,True,2.99821824339215515e-05,4.02072815707029980e-04,1.03597754651626539e-03,3.23486441545295849e-05,3.55258115815387384e-05,2.57454267697350789e-05,2.14891930268043908e-144,2.14782739980153603e-144,1.09190287890305868e-147,1.68250815095071429e-155,5.16666103049663198e-161,4.60429853677549895e-165,1.55054422444176174e-162,5.01114617819877796e-161
SCRIPT_SELF_SHIELDING_AUDITOR,0,2,9,5.95000000000000018e+00,1.01174195637656954e+01,TWO_MODE,4,5.54343196636264890e-04,True,1.50184713730697113e-05,2.06116500324953996e-04,5.54343196636264890e-04,1.48644788059315251e-05,1.78022167466380767e-05,1.28944990140779778e-05,2.14300890495685849e-144,2.14212972602977591e-144,8.78779378690484466e-148,1.67845731109224906e-155,5.15323713346306356e-161,4.59611136332487914e-165,1.54766734502407016e-162,4.99801078782432369e-161
SCRIPT_SELF_SHIELDING_AUDITOR,0,2,9,5.95000000000000018e+00,1.01174195637656954e+01,TWO_MODE,8,2.87431708510904507e-04,True,7.51610186403421072e-06,1.04383955806889073e-04,2.87431708510904507e-04,7.32411718435035355e-06,8.91097289999155450e-06,6.45271149575948865e-06,2.14004149743895062e-144,2.13910532059597537e-144,7.65408552839728594e-148,1.67600111394709265e-155,5.14631678775888773e-161,4.59199726157021584e-165,1.54622340103445082e-162,4.99123524792928596e-161
