interval_index,node_index,fraction,z_eval,weight_sum,mass_density_sum,mass_xHII,target_xHII,mass_xHeII,target_xHeII,mass_xHeIII,target_xHeIII,temperature_weighted_mean,target_T_K
0,0,0.0,6.0,0.9999999999999999,1.0,0.999917,0.999917,0.997137,0.997137,0.002841999999999882,0.002842,13957.92366404819,13957.923664049096
0,1,0.0096073597983847,5.999039264020162,0.9999999999999999,0.9999999999999998,0.9999421401802109,0.9999421401802108,0.9970676410727984,0.9970676410727984,0.002840573682527785,0.0028405736825277,13954.963445637728,13954.963445638488
0,2,0.0380602337443566,5.996193976625564,0.9999999999999999,0.9999999999999999,0.999948782248897,0.999948782248897,0.9970375403020815,0.9970375403020812,0.0028363522234448545,0.0028363522234449,13945.934445962124,13945.934445962535
0,3,0.0842651938487273,5.991573480615127,0.9999999999999999,0.9999999999999997,0.999948095373818,0.999948095373818,0.997045478519609,0.9970454785196092,0.002829505849653178,0.0028295058496531,13931.346383605802,13931.346383605887
0,4,0.1464466094067262,5.9853553390593275,0.9999999999999999,0.9999999999999998,0.9999470686175473,0.9999470686175472,0.997058320174682,0.997058320174682,0.0028203096997044532,0.0028203096997045,13911.878856691925,13911.878856693462
0,5,0.2222148834901988,5.97777851165098,0.9999999999999999,0.9999999999999998,0.9999458017298422,0.999945801729842,0.9970733965005956,0.997073396500595,0.0028091314203419855,0.0028091314203423,13888.407028212532,13888.407028212532
0,6,0.3086582838174551,5.969134171618254,0.9999999999999999,0.9999999999999998,0.9999443362637812,0.9999443362637812,0.9970899293573305,0.9970899293573308,0.0027964149300581847,0.002796414930058,13861.960782339018,13861.96078233892
0,7,0.4024548389919358,5.959754516100807,0.9999999999999999,0.9999999999999998,0.9999427241201632,0.999942724120163,0.9971071974815495,0.9971071974815496,0.0027826611963215992,0.0027826611963216,13833.663136110667,13833.663136110124
0,8,0.4999999999999999,5.95,0.9999999999999999,0.9999999999999998,0.9999410261448205,0.9999410261448204,0.9971245382008769,0.997124538200877,0.0027684071067654433,0.0027684071067653,13804.670771938745,13804.670771937002
0,9,0.5975451610080641,5.940245483899194,0.9999999999999999,0.9999999999999998,0.9999393097581313,0.9999393097581312,0.9971413502621578,0.997141350262158,0.0027542035366498975,0.0027542035366499,13776.119331891532,13776.119331887568
0,10,0.6913417161825448,5.930865828381746,0.9999999999999999,0.9999999999999997,0.9999376454993919,0.999937645499392,0.9971570922233882,0.997157092223388,0.0027405936646902156,0.0027405936646903,13749.077081795724,13749.0770818023
0,11,0.777785116509801,5.92222148834902,0.9999999999999999,0.9999999999999998,0.9999361029043362,0.9999361029043362,0.9971712817939102,0.9971712817939103,0.0027280924637948455,0.0027280924637948,13724.508994053118,13724.508994055706
0,12,0.8535533905932737,5.914644660940673,0.9999999999999999,0.9999999999999998,0.999934746357114,0.999934746357114,0.9971834977471186,0.9971834977471185,0.0027171681125275956,0.0027171681125277,13703.251599646686,13703.251599646692
0,13,0.9157348061512728,5.908426519384873,0.9999999999999999,0.9999999999999997,0.9999336315725302,0.9999336315725302,0.9971933841153146,0.9971933841153146,0.0027082258657446733,0.0027082258657448,13685.997493053517,13685.997493053508
0,14,0.9619397662556434,5.903806023374436,0.9999999999999999,0.9999999999999998,0.999932803144181,0.999932803144181,0.9972006556828863,0.9972006556828862,0.00270159471972503,0.0027015947197252,13673.287396140786,13673.28739614079
0,15,0.9903926402016152,5.900960735979838,0.9999999999999999,0.9999999999999998,0.9999322932320568,0.9999322932320568,0.9972051036731708,0.9972051036731708,0.00269751703543599,0.002697517035436,13665.507295002044,13665.507295002031
0,16,1.0,5.9,0.9999999999999999,1.0,0.9999321211237713,0.9999321211237712,0.9972066006266088,0.9972066006266086,0.002696141161778195,0.0026961411617783,13662.888290632232,13662.888290632229
1,0,0.0,5.9,0.9999999999999999,1.0,0.9999321211237713,0.9999321211237712,0.9972066006266087,0.9972066006266086,0.002696141161778218,0.0026961411617783,14270.040864942455,14270.0408649451
1,1,0.0096073597983847,5.899039264020162,0.9999999999999999,0.9999999999999998,0.9999335769190605,0.9999335769190604,0.9972100346431961,0.9972100346431962,0.0026948205360202626,0.0026948205360202,14267.148035868177,14267.148035870296
1,2,0.0380602337443566,5.896193976625565,0.9999999999999999,1.0,0.9999334828660296,0.9999334828660296,0.9972148854631206,0.997214885463121,0.0026909119999731944,0.002690911999973,14258.548741273065,14258.548741273533
1,3,0.0842651938487273,5.891573480615127,0.9999999999999999,0.9999999999999999,0.9999318778614272,0.9999318778614272,0.9972212565738313,0.9972212565738312,0.002684573135357935,0.0026845731353579,14244.657575801,14244.657575800997
1,4,0.1464466094067262,5.885355339059328,0.9999999999999999,0.9999999999999999,0.9999295308721656,0.9999295308721656,0.9972296340871603,0.99722963408716,0.002676058627820635,0.0026760586278207,14226.145409482226,14226.14540948224
1,5,0.2222148834901988,5.87777851165098,0.9999999999999999,0.9999999999999996,0.9999264655530892,0.9999264655530892,0.997239625334575,0.9972396253345752,0.002665708844196776,0.0026657088441967,14203.87794727265,14203.877947272656
1,6,0.3086582838174551,5.869134171618255,0.9999999999999999,0.9999999999999997,0.9999227194197595,0.9999227194197596,0.9972507829409482,0.9972507829409484,0.0026539347965543938,0.0026539347965543,14178.871209851435,14178.87120985144
1,7,0.4024548389919358,5.859754516100806,0.9999999999999999,0.9999999999999999,0.9999183743970336,0.9999183743970336,0.9972626361679141,0.997262636167914,0.0026412003543941523,0.0026412003543942,14152.228529340278,14152.228529340282
1,8,0.4999999999999999,5.8500000000000005,0.9999999999999999,0.9999999999999998,0.9999135625632464,0.9999135625632464,0.9972747117211123,0.9972747117211118,0.0026280026806647042,0.0026280026806649,14125.075381082086,14125.07538108209
1,9,0.5975451610080641,5.840245483899194,0.9999999999999999,1.0,0.9999084777283146,0.9999084777283146,0.9972865611092359,0.997286561109236,0.002614851907734743,0.0026148519077346,14098.498223246184,14098.498223246195
1,10,0.6913417161825448,5.830865828381746,0.9999999999999999,0.9999999999999996,0.9999033629167022,0.9999033629167022,0.9972977698820731,0.9972977698820732,0.0026022510303008958,0.0026022510303008,14073.493532340603,14073.493532340604
1,11,0.777785116509801,5.82222148834902,0.9999999999999999,0.9999999999999998,0.9998984851685195,0.9998984851685196,0.9973079617569733,0.9973079617569732,0.0025906768832470203,0.0025906768832471,14050.931970191526,14050.931970191536
1,12,0.8535533905932737,5.814644660940672,0.9999999999999999,1.0,0.9998941058495828,0.9998941058495828,0.9973168016421284,0.9973168016421284,0.002580562908579045,0.0025805629085791,14031.539169157055,14031.539169157048
1,13,0.9157348061512728,5.808426519384873,0.9999999999999999,0.9999999999999998,0.9998904554199268,0.9998904554199268,0.9973240001931722,0.997324000193172,0.002572284220603429,0.0025722842206035,14015.891045589065,14015.891045586332
1,14,0.9619397662556434,5.8038060233744355,0.9999999999999999,0.9999999999999998,0.9998877177107862,0.9998877177107862,0.997329320475868,0.997329320475868,0.002566145282281919,0.0025661452822819,14004.419113052358,14004.419113047572
1,15,0.9903926402016152,5.800960735979839,0.9999999999999999,0.9999999999999998,0.9998860235495576,0.9998860235495576,0.9973325857199181,0.997332585719918,0.002562370337489851,0.00256237033749,13997.420589719477,13997.420589713522
1,16,1.0,5.8,0.9999999999999999,0.9999999999999997,0.9998854503235988,0.9998854503235988,0.9973336864932916,0.9973336864932916,0.0025610966248919204,0.0025610966248919,13995.06879006634,13995.068790060011
2,0,0.0,5.8,0.9999999999999999,0.9999999999999997,0.9998854503235988,0.9998854503235988,0.9973336864932916,0.9973336864932916,0.0025610966248919404,0.0025610966248919,14626.332212986723,14626.33221298671
2,1,0.0096073597983847,5.799039264020162,0.9999999999999999,0.9999999999999998,0.9998869638074844,0.9998869638074844,0.997336845586124,0.9973368455861242,0.002559874877480128,0.0025598748774801,14623.690127167745,14623.690127167749
2,2,0.0380602337443566,5.796193976625564,0.9999999999999999,0.9999999999999998,0.9998877103346472,0.9998877103346472,0.9973409886569196,0.99734098865692,0.002556259007835403,0.0025562590078351,14615.815345377116,14615.81534537712
2,3,0.0842651938487273,5.791573480615127,0.9999999999999999,0.9999999999999998,0.9998862080800868,0.9998862080800868,0.9973461908180951,0.9973461908180952,0.0025503948609645133,0.0025503948609644,14603.059788062272,14603.05978806228
2,4,0.1464466094067262,5.785355339059327,0.9999999999999999,0.9999999999999996,0.9998836664385607,0.9998836664385607,0.9973530658945711,0.9973530658945712,0.0025425181317182146,0.0025425181317182,14586.04752433787,14586.04752433758
2,5,0.2222148834901988,5.77777851165098,0.9999999999999999,0.9999999999999999,0.9998804130279861,0.999880413027986,0.9973613836484682,0.997361383648468,0.0025329437748307124,0.0025329437748308,14565.572963263,14565.572963258895
2,6,0.3086582838174551,5.769134171618254,0.9999999999999999,0.9999999999999996,0.9998765067535423,0.9998765067535424,0.997370795576314,0.997370795576314,0.0025220520696615776,0.0025220520696615,14542.56453960362,14542.564539610315
2,7,0.4024548389919358,5.759754516100807,0.9999999999999999,1.0,0.9998720115704056,0.9998720115704056,0.9973809106028246,0.9973809106028244,0.002510272148631777,0.0025102721486319,14518.03432193474,14518.034321938236
2,8,0.4999999999999999,5.75,0.9999999999999999,0.9999999999999998,0.9998670222996757,0.9998670222996758,0.9973913170091891,0.9973913170091891,0.0024980638973842294,0.0024980638973842,14493.02071975988,14493.020719761224
2,9,0.5975451610080641,5.740245483899193,0.9999999999999999,0.9999999999999996,0.9998616741696047,0.9998616741696048,0.997401602074111,0.9974016020741108,0.002485899165707514,0.0024858991657076,14468.533014971386,14468.533014971656
2,10,0.6913417161825448,5.730865828381746,0.9999999999999999,0.9999999999999999,0.999856150945342,0.999856150945342,0.9974113707548589,0.9974113707548588,0.002474243186936792,0.0024742431869368,14445.502531247761,14445.502531247765
2,11,0.777785116509801,5.72222148834902,0.9999999999999999,0.9999999999999998,0.999850689035418,0.999850689035418,0.9974202621330792,0.9974202621330794,0.002463536999508849,0.0024635369995087,14424.744484541181,14424.744484541188
2,12,0.8535533905932737,5.714644660940673,0.9999999999999999,0.9999999999999998,0.9998455734662256,0.9998455734662256,0.9974279623775275,0.9974279623775276,0.002454181514636045,0.0024541815146359,14406.933565157851,14406.93356515784
2,13,0.9157348061512728,5.708426519384873,0.9999999999999999,0.9999999999999998,0.9998411215232563,0.9998411215232564,0.9974342133124275,0.997434213312428,0.0024465236999668596,0.0024465236999667,14392.594653680313,14392.594653680257
2,14,0.9619397662556434,5.703806023374436,0.9999999999999999,0.9999999999999998,0.9998376519333502,0.9998376519333502,0.9974388163565394,0.9974388163565394,0.002440845173930579,0.0024408451739306,14382.107691882582,14382.107691882464
2,15,0.9903926402016152,5.700960735979839,0.9999999999999999,0.9999999999999997,0.9998354422109349,0.9998354422109348,0.9974416325410552,0.9974416325410554,0.0024373533516451997,0.0024373533516451,14375.722872128677,14375.722872128485
2,16,1.0,5.7,0.9999999999999999,0.9999999999999998,0.9998346829564252,0.9998346829564252,0.9974425802219389,0.9974425802219388,0.0024361751693626255,0.0024361751693627,14373.579756777182,14373.579756776948
3,0,0.0,5.7,0.9999999999999999,0.9999999999999998,0.9998346829564252,0.9998346829564252,0.9974425802219384,0.9974425802219388,0.002436175169362843,0.0024361751693627,15031.811662436703,15031.811662436809
3,1,0.0096073597983847,5.699039264020162,0.9999999999999999,0.9999999999999998,0.9998368979519496,0.9998368979519496,0.997446096169415,0.9974460961694148,0.002435045838859594,0.0024350458388597,15029.363276550343,15029.363276550412
3,2,0.0380602337443566,5.6961939766255645,0.9999999999999999,0.9999999999999997,0.9998451568172554,0.9998451568172554,0.9974527397981947,0.9974527397981948,0.002431703480539986,0.0024317034805399,15022.034787057306,15022.034787057324
3,3,0.0842651938487273,5.691573480615127,0.9999999999999999,0.9999999999999997,0.9998585445790915,0.9998585445790916,0.997462334335362,0.9974623343353618,0.002426282842547793,0.0024262828425479,15009.853847121927,15009.85384711728
3,4,0.1464466094067262,5.685355339059328,0.9999999999999999,0.9999999999999998,0.9998730201453871,0.9998730201453871,0.9974748236213883,0.997474823621388,0.002419001526641414,0.0024190015266416,14992.97097413028,14992.970974130283
3,5,0.2222148834901988,5.67777851165098,0.9999999999999999,0.9999999999999999,0.999886250271476,0.999886250271476,0.9974893733678611,0.9974893733678608,0.002410150111693571,0.0024101501116937,14971.838939416117,14971.838939416097
3,6,0.3086582838174551,5.669134171618254,0.9999999999999999,0.9999999999999997,0.9998975835741936,0.9998975835741936,0.9975051807233952,0.9975051807233952,0.0024000793285132373,0.0024000793285133,14947.208143106964,14947.208143106782
3,7,0.4024548389919358,5.659754516100806,0.9999999999999999,0.9999999999999997,0.9999069940898196,0.9999069940898196,0.997521523071719,0.9975215230717188,0.0023891850058606594,0.0023891850058608,14920.050790846457,14920.050790845728
3,8,0.4999999999999999,5.65,0.9999999999999999,0.9999999999999996,0.999914670941048,0.999914670941048,0.9975377695243164,0.9975377695243162,0.0023778915697422374,0.0023778915697423,14891.482239906361,14891.48223990434
3,9,0.5975451610080641,5.640245483899194,0.9999999999999999,0.9999999999999998,0.9999208585061268,0.9999208585061268,0.9975533763478224,0.9975533763478224,0.002366634902559222,0.0023666349025592,14862.687383897262,14862.68738389298
3,10,0.6913417161825448,5.630865828381745,0.9999999999999999,0.9999999999999999,0.9999257898044531,0.999925789804453,0.9975678739747534,0.9975678739747535,0.0023558453358313485,0.0023558453358313,14834.855178082855,14834.855178090129
3,11,0.777785116509801,5.62222148834902,0.9999999999999999,0.9999999999999999,0.9999296631578667,0.9999296631578666,0.9975808559574999,0.9975808559575,0.0023459314671346104,0.0023459314671345,14809.122252104768,14809.122252107962
3,12,0.8535533905932737,5.614644660940672,0.9999999999999999,0.9999999999999997,0.9999326375262387,0.9999326375262388,0.9975919733670495,0.9975919733670492,0.0023372653725318316,0.0023372653725321,14786.525503122533,14786.525503122522
3,13,0.9157348061512728,5.608426519384873,0.9999999999999999,0.9999999999999998,0.999934834872079,0.999934834872079,0.9976009341229596,0.9976009341229596,0.0023301696489497355,0.0023301696489497,14767.963280719294,14767.963280719288
3,14,0.9619397662556434,5.603806023374435,0.9999999999999999,0.9999999999999996,0.9999363444724976,0.9999363444724976,0.9976075054247042,0.9976075054247044,0.002324906585834064,0.0023249065858339,14754.164682950095,14754.164682950097
3,15,0.9903926402016152,5.600960735979838,0.9999999999999999,1.0,0.9999372269492641,0.999937226949264,0.997611517350059,0.9976115173500592,0.002321669648065744,0.0023216696480655,14745.666439407654,14745.66643940765
3,16,1.0,5.6,0.9999999999999999,0.9999999999999998,0.9999375172977732,0.9999375172977732,0.9976128662714545,0.9976128662714544,0.002320577363058459,0.0023205773630585,14742.796866464032,14742.796866464036
4,0,0.0,5.6,0.9999999999999999,0.9999999999999998,0.9999375172977732,0.9999375172977732,0.9976128662714545,0.9976128662714544,0.0023205773630585,0.0023205773630585,15428.40098178581,15428.400981778585
4,1,0.0096073597983847,5.599039264020162,0.9999999999999999,0.9999999999999996,0.9999392428844766,0.9999392428844764,0.9976156873918003,0.9976156873918004,0.002319531065141162,0.0023195310651411,15425.202080304938,15425.202080297278
4,2,0.0380602337443566,5.596193976625564,0.9999999999999999,0.9999999999999998,0.9999396218070832,0.9999396218070832,0.9976191823171575,0.9976191823171572,0.0023164341625171517,0.0023164341625173,15415.66895541559,15415.668955422028
4,3,0.0842651938487273,5.591573480615127,0.9999999999999999,0.9999999999999998,0.9999387318003856,0.9999387318003856,0.9976241116512119,0.997624111651212,0.0023114107431107286,0.0023114107431105,15400.240066950588,15400.24006695452
4,4,0.1464466094067262,5.585355339059327,0.9999999999999999,0.9999999999999998,0.9999374683769331,0.9999374683769332,0.9976307001148856,0.9976307001148854,0.0023046614781534313,0.0023046614781536,15379.624701828923,15379.624701829009
4,5,0.2222148834901988,5.57777851165098,0.9999999999999999,0.9999999999999998,0.9999359143688135,0.9999359143688136,0.9976386822061427,0.9976386822061424,0.0022964547813448134,0.002296454781345,15354.735614181012,15354.735614181003
4,6,0.3086582838174551,5.569134171618254,0.9999999999999999,1.0,0.9999341276543867,0.9999341276543868,0.9976477319982308,0.9976477319982308,0.0022871151432931843,0.0022871151432932,15326.647949911083,15326.64794991107
4,7,0.4024548389919358,5.559754516100806,0.9999999999999999,0.9999999999999997,0.9999321799777093,0.9999321799777094,0.9976574891752188,0.997657489175219,0.0022770092871318,0.0022770092871316,15296.539756083792,15296.5397560838
4,8,0.4999999999999999,5.55,0.9999999999999999,0.9999999999999999,0.9999301538927816,0.9999301538927816,0.9976675744856093,0.9976675744856092,0.002266530881869785,0.0022665308818698,15265.631227956397,15265.631227956395
4,9,0.5975451610080641,5.540245483899193,0.9999999999999999,1.0,0.9999281371935422,0.9999281371935422,0.9976776039178978,0.9976776039178976,0.002256084584927923,0.0022560845849282,15235.128326336675,15235.128326336688
4,10,0.6913417161825448,5.530865828381746,0.9999999999999999,0.9999999999999998,0.9999262161044973,0.9999262161044972,0.9976872015825287,0.997687201582529,0.0022460701611808284,0.0022460701611806,15206.174478496376,15206.17447849637
4,11,0.777785116509801,5.52222148834902,0.9999999999999999,0.9999999999999997,0.9999244688006916,0.9999244688006916,0.9976960115799757,0.997696011579976,0.0022368673494188133,0.0022368673494187,15179.812267568328,15179.812267568332
4,12,0.8535533905932737,5.5146446609406725,0.9999999999999999,0.9999999999999998,0.999922960711858,0.999922960711858,0.9977037091619202,0.99770370916192,0.002228822031814864,0.0022288220318149,15156.955206399645,15156.955206399649
4,13,0.9157348061512728,5.508426519384873,0.9999999999999999,0.9999999999999999,0.99992174236998,0.99992174236998,0.9977100112635984,0.9977100112635984,0.0022222341262217327,0.0022222341262217,15138.368340471956,15138.368340471943
4,14,0.9619397662556434,5.503806023374436,0.9999999999999999,0.9999999999999996,0.9999208496636395,0.9999208496636396,0.9977146861689754,0.997714686168975,0.0022173474852215415,0.0022173474852217,15124.65575338955,15124.655753387447
4,15,0.9903926402016152,5.500960735979838,0.9999999999999999,1.0000000000000002,0.9999203056775405,0.9999203056775404,0.9977175618334416,0.9977175618334412,0.002214341967602434,0.0022143419676026,15116.25299764814,15116.252997644498
4,16,1.0,5.5,0.9999999999999999,0.9999999999999998,0.9999201230238027,0.9999201230238028,0.9977185323140938,0.997718532314094,0.0022133277594347227,0.0022133277594345,15113.422814282756,15113.422814278609
